{
    "id": "kriyam_0277_C4",
    "model": "FFDN",
    "confidence": 0.9028,
    "regions": [
        {
            "x": 153,
            "y": 354,
            "w": 60,
            "h": 13,
            "area": 625,
            "ratio": 0.000424,
            "confidence": 0.8302
        },
        {
            "x": 289,
            "y": 403,
            "w": 15,
            "h": 12,
            "area": 169,
            "ratio": 0.000115,
            "confidence": 0.8185
        },
        {
            "x": 109,
            "y": 884,
            "w": 34,
            "h": 15,
            "area": 468,
            "ratio": 0.000317,
            "confidence": 0.9028
        }
    ]
}