{
    "id": "kriyam_0859_C4",
    "model": "FFDN",
    "confidence": 0.8219,
    "regions": [
        {
            "x": 412,
            "y": 1812,
            "w": 37,
            "h": 34,
            "area": 886,
            "ratio": 0.000229,
            "confidence": 0.8219
        },
        {
            "x": 1358,
            "y": 2062,
            "w": 34,
            "h": 21,
            "area": 496,
            "ratio": 0.000128,
            "confidence": 0.787
        }
    ]
}