{
    "id": "kriyam_0680_C2",
    "model": "FFDN",
    "confidence": 0.9284,
    "regions": [
        {
            "x": 333,
            "y": 1449,
            "w": 18,
            "h": 18,
            "area": 253,
            "ratio": 6.7e-05,
            "confidence": 0.9284
        },
        {
            "x": 533,
            "y": 1449,
            "w": 74,
            "h": 18,
            "area": 1267,
            "ratio": 0.000334,
            "confidence": 0.901
        },
        {
            "x": 1201,
            "y": 1786,
            "w": 138,
            "h": 33,
            "area": 3152,
            "ratio": 0.00083,
            "confidence": 0.9019
        }
    ]
}