{
    "id": "kriyam_0903_C2",
    "model": "FFDN",
    "confidence": 0.9655,
    "regions": [
        {
            "x": 152,
            "y": 261,
            "w": 150,
            "h": 22,
            "area": 2812,
            "ratio": 0.001814,
            "confidence": 0.9655
        },
        {
            "x": 549,
            "y": 261,
            "w": 127,
            "h": 15,
            "area": 1473,
            "ratio": 0.00095,
            "confidence": 0.8909
        },
        {
            "x": 313,
            "y": 266,
            "w": 5,
            "h": 6,
            "area": 30,
            "ratio": 1.9e-05,
            "confidence": 0.7179
        },
        {
            "x": 717,
            "y": 1035,
            "w": 23,
            "h": 16,
            "area": 309,
            "ratio": 0.000199,
            "confidence": 0.8102
        }
    ]
}