{
    "id": "kriyam_0761_C2",
    "model": "FFDN",
    "confidence": 0.8049,
    "regions": [
        {
            "x": 571,
            "y": 500,
            "w": 60,
            "h": 12,
            "area": 640,
            "ratio": 0.000375,
            "confidence": 0.8049
        },
        {
            "x": 648,
            "y": 501,
            "w": 34,
            "h": 11,
            "area": 314,
            "ratio": 0.000184,
            "confidence": 0.7747
        },
        {
            "x": 465,
            "y": 959,
            "w": 26,
            "h": 12,
            "area": 255,
            "ratio": 0.000149,
            "confidence": 0.741
        }
    ]
}