{
    "id": "kriyam_0982_C2",
    "model": "FFDN",
    "confidence": 0.7609,
    "regions": [
        {
            "x": 603,
            "y": 309,
            "w": 46,
            "h": 20,
            "area": 651,
            "ratio": 0.000681,
            "confidence": 0.7609
        },
        {
            "x": 137,
            "y": 832,
            "w": 8,
            "h": 11,
            "area": 78,
            "ratio": 8.2e-05,
            "confidence": 0.7527
        },
        {
            "x": 562,
            "y": 1037,
            "w": 23,
            "h": 6,
            "area": 136,
            "ratio": 0.000142,
            "confidence": 0.6828
        },
        {
            "x": 583,
            "y": 1106,
            "w": 11,
            "h": 5,
            "area": 55,
            "ratio": 5.8e-05,
            "confidence": 0.6868
        }
    ]
}