{
    "id": "kriyam_0270_C2",
    "model": "FFDN",
    "confidence": 0.926,
    "regions": [
        {
            "x": 1056,
            "y": 505,
            "w": 5,
            "h": 5,
            "area": 25,
            "ratio": 1.3e-05,
            "confidence": 0.8001
        },
        {
            "x": 841,
            "y": 512,
            "w": 78,
            "h": 16,
            "area": 1174,
            "ratio": 0.000622,
            "confidence": 0.926
        },
        {
            "x": 512,
            "y": 993,
            "w": 49,
            "h": 18,
            "area": 754,
            "ratio": 0.0004,
            "confidence": 0.829
        },
        {
            "x": 1057,
            "y": 1417,
            "w": 42,
            "h": 14,
            "area": 457,
            "ratio": 0.000242,
            "confidence": 0.8848
        }
    ]
}