{
    "id": "kriyam_0908_C0",
    "model": "FFDN",
    "confidence": 0.9921,
    "regions": [
        {
            "x": 160,
            "y": 126,
            "w": 93,
            "h": 73,
            "area": 6322,
            "ratio": 0.004078,
            "confidence": 0.9921
        },
        {
            "x": 466,
            "y": 341,
            "w": 31,
            "h": 15,
            "area": 323,
            "ratio": 0.000208,
            "confidence": 0.9369
        },
        {
            "x": 260,
            "y": 489,
            "w": 9,
            "h": 14,
            "area": 104,
            "ratio": 6.7e-05,
            "confidence": 0.855
        }
    ]
}