{
    "id": "kriyam_0446_C4",
    "model": "FFDN",
    "confidence": 0.9925,
    "regions": [
        {
            "x": 512,
            "y": 2216,
            "w": 83,
            "h": 39,
            "area": 3151,
            "ratio": 0.000398,
            "confidence": 0.9925
        },
        {
            "x": 1069,
            "y": 2430,
            "w": 24,
            "h": 33,
            "area": 459,
            "ratio": 5.8e-05,
            "confidence": 0.7884
        },
        {
            "x": 260,
            "y": 2817,
            "w": 108,
            "h": 30,
            "area": 3109,
            "ratio": 0.000393,
            "confidence": 0.9435
        },
        {
            "x": 1598,
            "y": 3149,
            "w": 5,
            "h": 5,
            "area": 25,
            "ratio": 3e-06,
            "confidence": 0.6826
        }
    ]
}