{
    "id": "kriyam_0247_C0",
    "model": "FFDN",
    "confidence": 0.907,
    "regions": [
        {
            "x": 163,
            "y": 350,
            "w": 8,
            "h": 5,
            "area": 40,
            "ratio": 0.000132,
            "confidence": 0.7302
        },
        {
            "x": 200,
            "y": 350,
            "w": 12,
            "h": 6,
            "area": 64,
            "ratio": 0.000211,
            "confidence": 0.7183
        },
        {
            "x": 90,
            "y": 416,
            "w": 22,
            "h": 15,
            "area": 261,
            "ratio": 0.00086,
            "confidence": 0.8555
        },
        {
            "x": 269,
            "y": 429,
            "w": 38,
            "h": 30,
            "area": 1067,
            "ratio": 0.003515,
            "confidence": 0.907
        }
    ]
}