{
    "id": "kriyam_0761_C4",
    "model": "FFDN",
    "confidence": 0.9928,
    "regions": [
        {
            "x": 936,
            "y": 78,
            "w": 8,
            "h": 9,
            "area": 71,
            "ratio": 4.2e-05,
            "confidence": 0.7338
        },
        {
            "x": 512,
            "y": 497,
            "w": 172,
            "h": 15,
            "area": 2395,
            "ratio": 0.001404,
            "confidence": 0.9928
        },
        {
            "x": 404,
            "y": 755,
            "w": 40,
            "h": 12,
            "area": 421,
            "ratio": 0.000247,
            "confidence": 0.794
        }
    ]
}