{
    "id": "kriyam_0534_C2",
    "model": "FFDN",
    "confidence": 0.9646,
    "regions": [
        {
            "x": 1024,
            "y": 220,
            "w": 107,
            "h": 31,
            "area": 2296,
            "ratio": 0.001196,
            "confidence": 0.9405
        },
        {
            "x": 949,
            "y": 802,
            "w": 110,
            "h": 29,
            "area": 2584,
            "ratio": 0.001346,
            "confidence": 0.9646
        }
    ]
}