{
    "id": "kriyam_1009_C2",
    "model": "FFDN",
    "confidence": 0.9279,
    "regions": [
        {
            "x": 615,
            "y": 361,
            "w": 47,
            "h": 14,
            "area": 435,
            "ratio": 0.000455,
            "confidence": 0.7031
        },
        {
            "x": 638,
            "y": 777,
            "w": 28,
            "h": 14,
            "area": 357,
            "ratio": 0.000373,
            "confidence": 0.8245
        },
        {
            "x": 253,
            "y": 1145,
            "w": 102,
            "h": 29,
            "area": 2428,
            "ratio": 0.002539,
            "confidence": 0.9279
        }
    ]
}