{
    "id": "kriyam_0179_C2",
    "model": "FFDN",
    "confidence": 1.0,
    "regions": [
        {
            "x": 109,
            "y": 901,
            "w": 190,
            "h": 23,
            "area": 4218,
            "ratio": 0.000698,
            "confidence": 1.0
        },
        {
            "x": 417,
            "y": 1053,
            "w": 158,
            "h": 30,
            "area": 4673,
            "ratio": 0.000773,
            "confidence": 1.0
        },
        {
            "x": 1730,
            "y": 1069,
            "w": 161,
            "h": 30,
            "area": 4738,
            "ratio": 0.000784,
            "confidence": 1.0
        }
    ]
}