{
    "id": "kriyam_0274_C4",
    "model": "FFDN",
    "confidence": 0.8189,
    "regions": [
        {
            "x": 236,
            "y": 449,
            "w": 15,
            "h": 14,
            "area": 182,
            "ratio": 0.000155,
            "confidence": 0.7975
        },
        {
            "x": 89,
            "y": 977,
            "w": 53,
            "h": 12,
            "area": 538,
            "ratio": 0.000457,
            "confidence": 0.8189
        },
        {
            "x": 179,
            "y": 977,
            "w": 41,
            "h": 11,
            "area": 357,
            "ratio": 0.000303,
            "confidence": 0.7978
        }
    ]
}