{
    "id": "kriyam_0501_C0",
    "model": "FFDN",
    "confidence": 1.0,
    "regions": [
        {
            "x": 1276,
            "y": 113,
            "w": 379,
            "h": 78,
            "area": 18466,
            "ratio": 0.003057,
            "confidence": 1.0
        },
        {
            "x": 1088,
            "y": 133,
            "w": 31,
            "h": 83,
            "area": 1479,
            "ratio": 0.000245,
            "confidence": 0.9606
        },
        {
            "x": 1689,
            "y": 281,
            "w": 262,
            "h": 66,
            "area": 13054,
            "ratio": 0.002161,
            "confidence": 1.0
        }
    ]
}