{
    "id": "kriyam_0009_C0",
    "model": "FFDN",
    "confidence": 0.9911,
    "regions": [
        {
            "x": 525,
            "y": 439,
            "w": 168,
            "h": 40,
            "area": 4587,
            "ratio": 0.000759,
            "confidence": 0.9911
        },
        {
            "x": 521,
            "y": 1502,
            "w": 31,
            "h": 34,
            "area": 964,
            "ratio": 0.00016,
            "confidence": 0.9858
        },
        {
            "x": 1558,
            "y": 1885,
            "w": 9,
            "h": 7,
            "area": 59,
            "ratio": 1e-05,
            "confidence": 0.9098
        },
        {
            "x": 1389,
            "y": 1968,
            "w": 81,
            "h": 41,
            "area": 1943,
            "ratio": 0.000322,
            "confidence": 0.9689
        }
    ]
}