{
    "id": "kriyam_1005_C4",
    "model": "FFDN",
    "confidence": 0.9833,
    "regions": [
        {
            "x": 82,
            "y": 490,
            "w": 133,
            "h": 22,
            "area": 2068,
            "ratio": 0.002163,
            "confidence": 0.9833
        },
        {
            "x": 234,
            "y": 490,
            "w": 43,
            "h": 22,
            "area": 699,
            "ratio": 0.000731,
            "confidence": 0.8918
        },
        {
            "x": 424,
            "y": 495,
            "w": 33,
            "h": 12,
            "area": 350,
            "ratio": 0.000366,
            "confidence": 0.8894
        }
    ]
}