{
    "id": "kriyam_0512_C0",
    "model": "FFDN",
    "confidence": 0.9814,
    "regions": [
        {
            "x": 455,
            "y": 547,
            "w": 158,
            "h": 30,
            "area": 3610,
            "ratio": 0.000598,
            "confidence": 0.9814
        },
        {
            "x": 1618,
            "y": 1361,
            "w": 16,
            "h": 31,
            "area": 358,
            "ratio": 5.9e-05,
            "confidence": 0.7738
        },
        {
            "x": 525,
            "y": 1857,
            "w": 23,
            "h": 39,
            "area": 673,
            "ratio": 0.000111,
            "confidence": 0.8063
        },
        {
            "x": 1561,
            "y": 2517,
            "w": 72,
            "h": 19,
            "area": 886,
            "ratio": 0.000147,
            "confidence": 0.9719
        }
    ]
}