{
    "id": "kriyam_0535_C4",
    "model": "FFDN",
    "confidence": 0.9311,
    "regions": [
        {
            "x": 101,
            "y": 365,
            "w": 13,
            "h": 18,
            "area": 194,
            "ratio": 2.9e-05,
            "confidence": 0.866
        },
        {
            "x": 220,
            "y": 416,
            "w": 38,
            "h": 40,
            "area": 1238,
            "ratio": 0.000188,
            "confidence": 0.9311
        },
        {
            "x": 1889,
            "y": 2389,
            "w": 94,
            "h": 26,
            "area": 938,
            "ratio": 0.000143,
            "confidence": 0.8488
        },
        {
            "x": 2051,
            "y": 2547,
            "w": 9,
            "h": 8,
            "area": 65,
            "ratio": 1e-05,
            "confidence": 0.776
        }
    ]
}