{
    "id": "kriyam_0179_C0",
    "model": "FFDN",
    "confidence": 1.0,
    "regions": [
        {
            "x": 109,
            "y": 901,
            "w": 190,
            "h": 23,
            "area": 4053,
            "ratio": 0.000671,
            "confidence": 1.0
        },
        {
            "x": 417,
            "y": 1053,
            "w": 158,
            "h": 30,
            "area": 4740,
            "ratio": 0.000785,
            "confidence": 1.0
        },
        {
            "x": 1730,
            "y": 1069,
            "w": 157,
            "h": 30,
            "area": 4671,
            "ratio": 0.000773,
            "confidence": 1.0
        }
    ]
}