{
    "id": "kriyam_0825_C4",
    "model": "FFDN",
    "confidence": 0.9672,
    "regions": [
        {
            "x": 282,
            "y": 158,
            "w": 23,
            "h": 13,
            "area": 267,
            "ratio": 0.000383,
            "confidence": 0.7916
        },
        {
            "x": 527,
            "y": 718,
            "w": 92,
            "h": 22,
            "area": 1815,
            "ratio": 0.002606,
            "confidence": 0.9672
        }
    ]
}