{
    "id": "kriyam_0387_C4",
    "model": "FFDN",
    "confidence": 0.9504,
    "regions": [
        {
            "x": 238,
            "y": 860,
            "w": 36,
            "h": 9,
            "area": 242,
            "ratio": 0.000126,
            "confidence": 0.9504
        },
        {
            "x": 1024,
            "y": 984,
            "w": 21,
            "h": 15,
            "area": 295,
            "ratio": 0.000154,
            "confidence": 0.898
        },
        {
            "x": 1024,
            "y": 1024,
            "w": 11,
            "h": 13,
            "area": 137,
            "ratio": 7.1e-05,
            "confidence": 0.9038
        },
        {
            "x": 489,
            "y": 1165,
            "w": 20,
            "h": 26,
            "area": 463,
            "ratio": 0.000241,
            "confidence": 0.9148
        }
    ]
}