{
    "id": "kriyam_0506_C0",
    "model": "FFDN",
    "confidence": 1.0,
    "regions": [
        {
            "x": 1683,
            "y": 485,
            "w": 82,
            "h": 22,
            "area": 1100,
            "ratio": 0.000182,
            "confidence": 0.9858
        },
        {
            "x": 1561,
            "y": 488,
            "w": 120,
            "h": 24,
            "area": 1695,
            "ratio": 0.000281,
            "confidence": 0.9732
        },
        {
            "x": 1441,
            "y": 532,
            "w": 95,
            "h": 132,
            "area": 8028,
            "ratio": 0.001329,
            "confidence": 0.9935
        },
        {
            "x": 200,
            "y": 605,
            "w": 260,
            "h": 94,
            "area": 8414,
            "ratio": 0.001393,
            "confidence": 1.0
        }
    ]
}