{
    "id": "kriyam_0920_C2",
    "model": "FFDN",
    "confidence": 0.9884,
    "regions": [
        {
            "x": 133,
            "y": 589,
            "w": 726,
            "h": 25,
            "area": 8624,
            "ratio": 0.005337,
            "confidence": 0.9884
        },
        {
            "x": 147,
            "y": 777,
            "w": 186,
            "h": 22,
            "area": 2201,
            "ratio": 0.001362,
            "confidence": 0.8968
        }
    ]
}