{
    "id": "kriyam_0649_C0",
    "model": "FFDN",
    "confidence": 0.9999,
    "regions": [
        {
            "x": 1693,
            "y": 1296,
            "w": 226,
            "h": 29,
            "area": 6336,
            "ratio": 0.001048,
            "confidence": 0.9999
        },
        {
            "x": 1745,
            "y": 1695,
            "w": 33,
            "h": 58,
            "area": 1447,
            "ratio": 0.000239,
            "confidence": 0.8765
        },
        {
            "x": 1839,
            "y": 1904,
            "w": 16,
            "h": 12,
            "area": 178,
            "ratio": 2.9e-05,
            "confidence": 0.8147
        }
    ]
}