{
    "id": "kriyam_0874_C4",
    "model": "FFDN",
    "confidence": 0.7979,
    "regions": [
        {
            "x": 613,
            "y": 494,
            "w": 47,
            "h": 18,
            "area": 326,
            "ratio": 0.000153,
            "confidence": 0.7969
        },
        {
            "x": 673,
            "y": 494,
            "w": 38,
            "h": 18,
            "area": 532,
            "ratio": 0.00025,
            "confidence": 0.7979
        },
        {
            "x": 268,
            "y": 1017,
            "w": 7,
            "h": 7,
            "area": 48,
            "ratio": 2.3e-05,
            "confidence": 0.7342
        },
        {
            "x": 609,
            "y": 1596,
            "w": 19,
            "h": 22,
            "area": 304,
            "ratio": 0.000143,
            "confidence": 0.7944
        }
    ]
}