{
    "id": "kriyam_0797_C2",
    "model": "FFDN",
    "confidence": 0.8406,
    "regions": [
        {
            "x": 1024,
            "y": 335,
            "w": 33,
            "h": 16,
            "area": 310,
            "ratio": 0.000135,
            "confidence": 0.8282
        },
        {
            "x": 1076,
            "y": 338,
            "w": 11,
            "h": 13,
            "area": 118,
            "ratio": 5.1e-05,
            "confidence": 0.8406
        },
        {
            "x": 654,
            "y": 880,
            "w": 85,
            "h": 14,
            "area": 957,
            "ratio": 0.000417,
            "confidence": 0.7561
        },
        {
            "x": 1078,
            "y": 1289,
            "w": 5,
            "h": 6,
            "area": 30,
            "ratio": 1.3e-05,
            "confidence": 0.7074
        }
    ]
}