{
    "id": "kriyam_0873_C0",
    "model": "FFDN",
    "confidence": 0.9721,
    "regions": [
        {
            "x": 263,
            "y": 1347,
            "w": 64,
            "h": 19,
            "area": 921,
            "ratio": 0.000433,
            "confidence": 0.8034
        },
        {
            "x": 566,
            "y": 1576,
            "w": 30,
            "h": 23,
            "area": 677,
            "ratio": 0.000319,
            "confidence": 0.9721
        }
    ]
}