{
    "id": "kriyam_0279_C4",
    "model": "FFDN",
    "confidence": 0.9787,
    "regions": [
        {
            "x": 1024,
            "y": 512,
            "w": 18,
            "h": 14,
            "area": 216,
            "ratio": 0.000118,
            "confidence": 0.7786
        },
        {
            "x": 363,
            "y": 1024,
            "w": 49,
            "h": 12,
            "area": 576,
            "ratio": 0.000314,
            "confidence": 0.8408
        },
        {
            "x": 782,
            "y": 1415,
            "w": 242,
            "h": 39,
            "area": 3732,
            "ratio": 0.002033,
            "confidence": 0.9787
        },
        {
            "x": 988,
            "y": 1442,
            "w": 36,
            "h": 12,
            "area": 352,
            "ratio": 0.000192,
            "confidence": 0.8015
        }
    ]
}