{
    "id": "kriyam_0810_C4",
    "model": "FFDN",
    "confidence": 0.9297,
    "regions": [
        {
            "x": 565,
            "y": 1376,
            "w": 26,
            "h": 14,
            "area": 262,
            "ratio": 7.8e-05,
            "confidence": 0.8089
        },
        {
            "x": 1057,
            "y": 2048,
            "w": 98,
            "h": 15,
            "area": 1210,
            "ratio": 0.000359,
            "confidence": 0.8743
        },
        {
            "x": 573,
            "y": 2073,
            "w": 134,
            "h": 24,
            "area": 2525,
            "ratio": 0.00075,
            "confidence": 0.9297
        }
    ]
}