{
    "id": "kriyam_0647_C4",
    "model": "FFDN",
    "confidence": 0.9835,
    "regions": [
        {
            "x": 521,
            "y": 559,
            "w": 36,
            "h": 11,
            "area": 287,
            "ratio": 0.000234,
            "confidence": 0.9835
        },
        {
            "x": 568,
            "y": 561,
            "w": 216,
            "h": 17,
            "area": 1974,
            "ratio": 0.001606,
            "confidence": 0.9756
        },
        {
            "x": 548,
            "y": 1196,
            "w": 27,
            "h": 8,
            "area": 163,
            "ratio": 0.000133,
            "confidence": 0.7887
        }
    ]
}