{
    "id": "kriyam_0265_C4",
    "model": "FFDN",
    "confidence": 0.9472,
    "regions": [
        {
            "x": 1157,
            "y": 375,
            "w": 37,
            "h": 12,
            "area": 415,
            "ratio": 0.000215,
            "confidence": 0.8792
        },
        {
            "x": 361,
            "y": 878,
            "w": 82,
            "h": 17,
            "area": 1148,
            "ratio": 0.000594,
            "confidence": 0.9472
        }
    ]
}