{
    "id": "kriyam_0095_C4",
    "model": "FFDN",
    "confidence": 0.998,
    "regions": [
        {
            "x": 1665,
            "y": 97,
            "w": 95,
            "h": 34,
            "area": 2784,
            "ratio": 0.000331,
            "confidence": 0.998
        },
        {
            "x": 1670,
            "y": 147,
            "w": 9,
            "h": 5,
            "area": 45,
            "ratio": 5e-06,
            "confidence": 0.7718
        },
        {
            "x": 2429,
            "y": 497,
            "w": 60,
            "h": 7,
            "area": 383,
            "ratio": 4.6e-05,
            "confidence": 0.972
        },
        {
            "x": 1989,
            "y": 1877,
            "w": 30,
            "h": 43,
            "area": 1160,
            "ratio": 0.000138,
            "confidence": 0.8905
        }
    ]
}