{
    "id": "kriyam_0967_C0",
    "model": "FFDN",
    "confidence": 0.7383,
    "regions": [
        {
            "x": 609,
            "y": 1162,
            "w": 46,
            "h": 30,
            "area": 772,
            "ratio": 0.000807,
            "confidence": 0.7383
        },
        {
            "x": 576,
            "y": 1169,
            "w": 19,
            "h": 13,
            "area": 170,
            "ratio": 0.000178,
            "confidence": 0.6932
        }
    ]
}