{
    "id": "kriyam_0230_C0",
    "model": "FFDN",
    "confidence": 0.9692,
    "regions": [
        {
            "x": 459,
            "y": 869,
            "w": 8,
            "h": 8,
            "area": 59,
            "ratio": 1e-05,
            "confidence": 0.7031
        },
        {
            "x": 869,
            "y": 1024,
            "w": 49,
            "h": 23,
            "area": 840,
            "ratio": 0.000139,
            "confidence": 0.9503
        },
        {
            "x": 1389,
            "y": 1469,
            "w": 129,
            "h": 39,
            "area": 4288,
            "ratio": 0.00071,
            "confidence": 0.953
        },
        {
            "x": 1701,
            "y": 2817,
            "w": 66,
            "h": 39,
            "area": 1841,
            "ratio": 0.000305,
            "confidence": 0.9692
        }
    ]
}