{
    "id": "kriyam_0980_C4",
    "model": "FFDN",
    "confidence": 0.8216,
    "regions": [
        {
            "x": 645,
            "y": 686,
            "w": 8,
            "h": 8,
            "area": 56,
            "ratio": 5.9e-05,
            "confidence": 0.6735
        },
        {
            "x": 516,
            "y": 1159,
            "w": 15,
            "h": 16,
            "area": 189,
            "ratio": 0.000198,
            "confidence": 0.7764
        },
        {
            "x": 550,
            "y": 1159,
            "w": 43,
            "h": 16,
            "area": 540,
            "ratio": 0.000565,
            "confidence": 0.8216
        }
    ]
}