{
    "id": "kriyam_0234_C2",
    "model": "FFDN",
    "confidence": 0.9995,
    "regions": [
        {
            "x": 1193,
            "y": 814,
            "w": 148,
            "h": 41,
            "area": 5415,
            "ratio": 0.000896,
            "confidence": 0.9995
        },
        {
            "x": 1430,
            "y": 866,
            "w": 17,
            "h": 28,
            "area": 379,
            "ratio": 6.3e-05,
            "confidence": 0.8235
        },
        {
            "x": 1552,
            "y": 912,
            "w": 43,
            "h": 43,
            "area": 1735,
            "ratio": 0.000287,
            "confidence": 0.9992
        },
        {
            "x": 1888,
            "y": 2849,
            "w": 96,
            "h": 22,
            "area": 1264,
            "ratio": 0.000209,
            "confidence": 0.7749
        }
    ]
}