{
    "id": "kriyam_0245_C2",
    "model": "FFDN",
    "confidence": 0.9999,
    "regions": [
        {
            "x": 240,
            "y": 465,
            "w": 105,
            "h": 18,
            "area": 1813,
            "ratio": 0.000944,
            "confidence": 0.9999
        },
        {
            "x": 571,
            "y": 481,
            "w": 151,
            "h": 18,
            "area": 2182,
            "ratio": 0.001136,
            "confidence": 0.9951
        }
    ]
}