{
    "id": "kriyam_0110_C4",
    "model": "FFDN",
    "confidence": 0.9893,
    "regions": [
        {
            "x": 539,
            "y": 1157,
            "w": 20,
            "h": 13,
            "area": 190,
            "ratio": 2.2e-05,
            "confidence": 0.8001
        },
        {
            "x": 1485,
            "y": 1425,
            "w": 38,
            "h": 21,
            "area": 512,
            "ratio": 5.9e-05,
            "confidence": 0.9102
        },
        {
            "x": 1421,
            "y": 1433,
            "w": 44,
            "h": 54,
            "area": 2118,
            "ratio": 0.000243,
            "confidence": 0.9893
        },
        {
            "x": 200,
            "y": 1445,
            "w": 26,
            "h": 42,
            "area": 1035,
            "ratio": 0.000119,
            "confidence": 0.989
        }
    ]
}