{
    "id": "kriyam_0407_C0",
    "model": "FFDN",
    "confidence": 0.9546,
    "regions": [
        {
            "x": 370,
            "y": 596,
            "w": 8,
            "h": 9,
            "area": 65,
            "ratio": 7e-06,
            "confidence": 0.8447
        },
        {
            "x": 584,
            "y": 1076,
            "w": 130,
            "h": 34,
            "area": 3102,
            "ratio": 0.000356,
            "confidence": 0.9546
        },
        {
            "x": 1061,
            "y": 1288,
            "w": 114,
            "h": 24,
            "area": 1881,
            "ratio": 0.000216,
            "confidence": 0.8319
        },
        {
            "x": 1755,
            "y": 2876,
            "w": 102,
            "h": 24,
            "area": 1946,
            "ratio": 0.000224,
            "confidence": 0.8453
        }
    ]
}