{
    "id": "kriyam_0846_C2",
    "model": "FFDN",
    "confidence": 0.8915,
    "regions": [
        {
            "x": 425,
            "y": 169,
            "w": 22,
            "h": 14,
            "area": 205,
            "ratio": 9.7e-05,
            "confidence": 0.7366
        },
        {
            "x": 237,
            "y": 1057,
            "w": 5,
            "h": 5,
            "area": 25,
            "ratio": 1.2e-05,
            "confidence": 0.8043
        },
        {
            "x": 161,
            "y": 1061,
            "w": 42,
            "h": 9,
            "area": 297,
            "ratio": 0.000141,
            "confidence": 0.8348
        },
        {
            "x": 387,
            "y": 1101,
            "w": 60,
            "h": 10,
            "area": 450,
            "ratio": 0.000214,
            "confidence": 0.8915
        }
    ]
}