{
    "id": "kriyam_0991_C4",
    "model": "FFDN",
    "confidence": 0.8234,
    "regions": [
        {
            "x": 174,
            "y": 1024,
            "w": 70,
            "h": 15,
            "area": 602,
            "ratio": 0.00063,
            "confidence": 0.8234
        },
        {
            "x": 256,
            "y": 1027,
            "w": 14,
            "h": 12,
            "area": 155,
            "ratio": 0.000162,
            "confidence": 0.8208
        },
        {
            "x": 285,
            "y": 1029,
            "w": 10,
            "h": 9,
            "area": 83,
            "ratio": 8.7e-05,
            "confidence": 0.7154
        },
        {
            "x": 326,
            "y": 1029,
            "w": 5,
            "h": 5,
            "area": 25,
            "ratio": 2.6e-05,
            "confidence": 0.7022
        }
    ]
}