{
    "id": "kriyam_0477_C0",
    "model": "FFDN",
    "confidence": 0.9791,
    "regions": [
        {
            "x": 437,
            "y": 845,
            "w": 75,
            "h": 31,
            "area": 2030,
            "ratio": 0.000256,
            "confidence": 0.9465
        },
        {
            "x": 437,
            "y": 1199,
            "w": 71,
            "h": 32,
            "area": 1724,
            "ratio": 0.000218,
            "confidence": 0.9233
        },
        {
            "x": 1160,
            "y": 3137,
            "w": 79,
            "h": 26,
            "area": 2037,
            "ratio": 0.000257,
            "confidence": 0.9791
        }
    ]
}