{
    "id": "kriyam_0899_C4",
    "model": "FFDN",
    "confidence": 0.9606,
    "regions": [
        {
            "x": 247,
            "y": 466,
            "w": 72,
            "h": 13,
            "area": 721,
            "ratio": 0.000343,
            "confidence": 0.9606
        },
        {
            "x": 246,
            "y": 1214,
            "w": 117,
            "h": 21,
            "area": 1230,
            "ratio": 0.000585,
            "confidence": 0.8602
        },
        {
            "x": 248,
            "y": 1363,
            "w": 128,
            "h": 20,
            "area": 1691,
            "ratio": 0.000804,
            "confidence": 0.9299
        }
    ]
}