{
    "id": "kriyam_0542_C0",
    "model": "FFDN",
    "confidence": 0.9543,
    "regions": [
        {
            "x": 1286,
            "y": 2122,
            "w": 51,
            "h": 45,
            "area": 1648,
            "ratio": 0.000426,
            "confidence": 0.9254
        },
        {
            "x": 1513,
            "y": 2130,
            "w": 10,
            "h": 9,
            "area": 85,
            "ratio": 2.2e-05,
            "confidence": 0.7625
        },
        {
            "x": 293,
            "y": 2212,
            "w": 53,
            "h": 9,
            "area": 339,
            "ratio": 8.8e-05,
            "confidence": 0.9543
        },
        {
            "x": 681,
            "y": 2229,
            "w": 82,
            "h": 18,
            "area": 1209,
            "ratio": 0.000313,
            "confidence": 0.8712
        }
    ]
}