{
    "id": "kriyam_0767_C0",
    "model": "FFDN",
    "confidence": 0.9954,
    "regions": [
        {
            "x": 1048,
            "y": 622,
            "w": 65,
            "h": 26,
            "area": 1500,
            "ratio": 0.001018,
            "confidence": 0.9954
        },
        {
            "x": 1133,
            "y": 715,
            "w": 17,
            "h": 17,
            "area": 261,
            "ratio": 0.000177,
            "confidence": 0.8643
        }
    ]
}