{
    "id": "kriyam_0966_C4",
    "model": "FFDN",
    "confidence": 0.7989,
    "regions": [
        {
            "x": 135,
            "y": 494,
            "w": 56,
            "h": 14,
            "area": 445,
            "ratio": 0.000465,
            "confidence": 0.7989
        },
        {
            "x": 552,
            "y": 920,
            "w": 13,
            "h": 11,
            "area": 95,
            "ratio": 9.9e-05,
            "confidence": 0.746
        },
        {
            "x": 592,
            "y": 921,
            "w": 27,
            "h": 12,
            "area": 195,
            "ratio": 0.000204,
            "confidence": 0.745
        }
    ]
}