{
    "id": "kriyam_0134_C4",
    "model": "FFDN",
    "confidence": 0.9364,
    "regions": [
        {
            "x": 1080,
            "y": 1445,
            "w": 68,
            "h": 11,
            "area": 677,
            "ratio": 0.000311,
            "confidence": 0.9364
        },
        {
            "x": 1168,
            "y": 1446,
            "w": 31,
            "h": 12,
            "area": 262,
            "ratio": 0.000121,
            "confidence": 0.8269
        },
        {
            "x": 329,
            "y": 1666,
            "w": 38,
            "h": 40,
            "area": 893,
            "ratio": 0.000411,
            "confidence": 0.7876
        },
        {
            "x": 384,
            "y": 1667,
            "w": 41,
            "h": 22,
            "area": 742,
            "ratio": 0.000341,
            "confidence": 0.8071
        }
    ]
}