{
    "id": "kriyam_0215_C0",
    "model": "FFDN",
    "confidence": 0.9716,
    "regions": [
        {
            "x": 482,
            "y": 104,
            "w": 30,
            "h": 14,
            "area": 314,
            "ratio": 0.000341,
            "confidence": 0.9716
        },
        {
            "x": 246,
            "y": 245,
            "w": 81,
            "h": 23,
            "area": 1098,
            "ratio": 0.001191,
            "confidence": 0.9186
        },
        {
            "x": 177,
            "y": 253,
            "w": 44,
            "h": 17,
            "area": 457,
            "ratio": 0.000496,
            "confidence": 0.8292
        }
    ]
}