{
    "id": "kriyam_0920_C4",
    "model": "FFDN",
    "confidence": 0.9373,
    "regions": [
        {
            "x": 769,
            "y": 1353,
            "w": 48,
            "h": 14,
            "area": 499,
            "ratio": 0.000309,
            "confidence": 0.9373
        },
        {
            "x": 863,
            "y": 1355,
            "w": 28,
            "h": 12,
            "area": 244,
            "ratio": 0.000151,
            "confidence": 0.7706
        }
    ]
}