{
    "id": "kriyam_0403_C4",
    "model": "FFDN",
    "confidence": 0.9755,
    "regions": [
        {
            "x": 1558,
            "y": 505,
            "w": 36,
            "h": 7,
            "area": 250,
            "ratio": 3e-05,
            "confidence": 0.9755
        },
        {
            "x": 2041,
            "y": 813,
            "w": 7,
            "h": 12,
            "area": 80,
            "ratio": 1e-05,
            "confidence": 0.8805
        },
        {
            "x": 1453,
            "y": 1301,
            "w": 62,
            "h": 30,
            "area": 834,
            "ratio": 0.000101,
            "confidence": 0.9431
        },
        {
            "x": 1633,
            "y": 2801,
            "w": 97,
            "h": 31,
            "area": 1929,
            "ratio": 0.000233,
            "confidence": 0.9479
        }
    ]
}