{
    "id": "kriyam_0199_C4",
    "model": "FFDN",
    "confidence": 0.9958,
    "regions": [
        {
            "x": 1144,
            "y": 39,
            "w": 17,
            "h": 84,
            "area": 1188,
            "ratio": 0.000619,
            "confidence": 0.9958
        },
        {
            "x": 1145,
            "y": 136,
            "w": 14,
            "h": 19,
            "area": 246,
            "ratio": 0.000128,
            "confidence": 0.8384
        },
        {
            "x": 221,
            "y": 717,
            "w": 9,
            "h": 12,
            "area": 94,
            "ratio": 4.9e-05,
            "confidence": 0.9169
        },
        {
            "x": 1024,
            "y": 1180,
            "w": 27,
            "h": 10,
            "area": 233,
            "ratio": 0.000121,
            "confidence": 0.875
        }
    ]
}