{
    "id": "kriyam_0630_C4",
    "model": "FFDN",
    "confidence": 1.0,
    "regions": [
        {
            "x": 628,
            "y": 448,
            "w": 114,
            "h": 31,
            "area": 3238,
            "ratio": 0.000533,
            "confidence": 0.9969
        },
        {
            "x": 1034,
            "y": 595,
            "w": 48,
            "h": 24,
            "area": 1052,
            "ratio": 0.000173,
            "confidence": 0.9027
        },
        {
            "x": 621,
            "y": 2137,
            "w": 271,
            "h": 78,
            "area": 19208,
            "ratio": 0.003159,
            "confidence": 1.0
        }
    ]
}