{
    "id": "kriyam_0977_C4",
    "model": "FFDN",
    "confidence": 0.7943,
    "regions": [
        {
            "x": 578,
            "y": 1024,
            "w": 26,
            "h": 25,
            "area": 405,
            "ratio": 0.000424,
            "confidence": 0.7517
        },
        {
            "x": 481,
            "y": 1086,
            "w": 22,
            "h": 9,
            "area": 179,
            "ratio": 0.000187,
            "confidence": 0.7943
        }
    ]
}