{
    "id": "kriyam_0202_C0",
    "model": "FFDN",
    "confidence": 0.998,
    "regions": [
        {
            "x": 512,
            "y": 389,
            "w": 46,
            "h": 41,
            "area": 1569,
            "ratio": 0.000268,
            "confidence": 0.9784
        },
        {
            "x": 1949,
            "y": 444,
            "w": 13,
            "h": 18,
            "area": 142,
            "ratio": 2.4e-05,
            "confidence": 0.8595
        },
        {
            "x": 1662,
            "y": 953,
            "w": 113,
            "h": 35,
            "area": 3792,
            "ratio": 0.000649,
            "confidence": 0.998
        }
    ]
}