{
    "id": "kriyam_0208_C2",
    "model": "FFDN",
    "confidence": 0.9278,
    "regions": [
        {
            "x": 1567,
            "y": 1108,
            "w": 97,
            "h": 43,
            "area": 3040,
            "ratio": 0.00052,
            "confidence": 0.9278
        },
        {
            "x": 905,
            "y": 1234,
            "w": 33,
            "h": 36,
            "area": 831,
            "ratio": 0.000142,
            "confidence": 0.843
        }
    ]
}