{
    "id": "kriyam_0260_C2",
    "model": "FFDN",
    "confidence": 0.9536,
    "regions": [
        {
            "x": 225,
            "y": 353,
            "w": 65,
            "h": 14,
            "area": 820,
            "ratio": 0.000687,
            "confidence": 0.8275
        },
        {
            "x": 45,
            "y": 432,
            "w": 63,
            "h": 20,
            "area": 1040,
            "ratio": 0.000872,
            "confidence": 0.9536
        },
        {
            "x": 730,
            "y": 437,
            "w": 5,
            "h": 6,
            "area": 30,
            "ratio": 2.5e-05,
            "confidence": 0.7424
        },
        {
            "x": 304,
            "y": 815,
            "w": 16,
            "h": 7,
            "area": 105,
            "ratio": 8.8e-05,
            "confidence": 0.7668
        }
    ]
}