{
    "id": "kriyam_0123_C2",
    "model": "FFDN",
    "confidence": 1.0,
    "regions": [
        {
            "x": 167,
            "y": 157,
            "w": 59,
            "h": 26,
            "area": 1374,
            "ratio": 0.000632,
            "confidence": 1.0
        },
        {
            "x": 853,
            "y": 181,
            "w": 111,
            "h": 20,
            "area": 1806,
            "ratio": 0.000831,
            "confidence": 1.0
        },
        {
            "x": 697,
            "y": 993,
            "w": 72,
            "h": 15,
            "area": 860,
            "ratio": 0.000396,
            "confidence": 0.9912
        },
        {
            "x": 159,
            "y": 1713,
            "w": 6,
            "h": 6,
            "area": 34,
            "ratio": 1.6e-05,
            "confidence": 0.7443
        }
    ]
}