{
    "id": "kriyam_0285_C4",
    "model": "FFDN",
    "confidence": 0.9549,
    "regions": [
        {
            "x": 1033,
            "y": 517,
            "w": 50,
            "h": 15,
            "area": 669,
            "ratio": 0.000334,
            "confidence": 0.8576
        },
        {
            "x": 1111,
            "y": 526,
            "w": 11,
            "h": 8,
            "area": 84,
            "ratio": 4.2e-05,
            "confidence": 0.7302
        },
        {
            "x": 593,
            "y": 990,
            "w": 49,
            "h": 17,
            "area": 644,
            "ratio": 0.000322,
            "confidence": 0.8776
        },
        {
            "x": 1024,
            "y": 1441,
            "w": 134,
            "h": 18,
            "area": 1934,
            "ratio": 0.000966,
            "confidence": 0.9549
        }
    ]
}