{
    "id": "kriyam_0596_C4",
    "model": "FFDN",
    "confidence": 0.9706,
    "regions": [
        {
            "x": 546,
            "y": 826,
            "w": 21,
            "h": 16,
            "area": 300,
            "ratio": 0.000171,
            "confidence": 0.8315
        },
        {
            "x": 181,
            "y": 1024,
            "w": 111,
            "h": 22,
            "area": 1477,
            "ratio": 0.00084,
            "confidence": 0.9382
        },
        {
            "x": 305,
            "y": 1024,
            "w": 175,
            "h": 16,
            "area": 2047,
            "ratio": 0.001165,
            "confidence": 0.9706
        }
    ]
}