{
    "id": "kriyam_0155_C2",
    "model": "FFDN",
    "confidence": 1.0,
    "regions": [
        {
            "x": 677,
            "y": 354,
            "w": 68,
            "h": 13,
            "area": 664,
            "ratio": 0.000346,
            "confidence": 0.9995
        },
        {
            "x": 313,
            "y": 1081,
            "w": 35,
            "h": 15,
            "area": 465,
            "ratio": 0.000242,
            "confidence": 0.9999
        },
        {
            "x": 597,
            "y": 1141,
            "w": 75,
            "h": 14,
            "area": 1014,
            "ratio": 0.000528,
            "confidence": 0.9929
        },
        {
            "x": 1001,
            "y": 1236,
            "w": 63,
            "h": 43,
            "area": 2410,
            "ratio": 0.001255,
            "confidence": 1.0
        }
    ]
}