{
    "id": "kriyam_1015_C2",
    "model": "FFDN",
    "confidence": 0.8198,
    "regions": [
        {
            "x": 396,
            "y": 280,
            "w": 10,
            "h": 11,
            "area": 87,
            "ratio": 9.1e-05,
            "confidence": 0.718
        },
        {
            "x": 565,
            "y": 350,
            "w": 90,
            "h": 21,
            "area": 1580,
            "ratio": 0.001652,
            "confidence": 0.8198
        },
        {
            "x": 627,
            "y": 1030,
            "w": 7,
            "h": 7,
            "area": 43,
            "ratio": 4.5e-05,
            "confidence": 0.7313
        },
        {
            "x": 553,
            "y": 1117,
            "w": 21,
            "h": 10,
            "area": 160,
            "ratio": 0.000167,
            "confidence": 0.7234
        }
    ]
}