{
    "id": "kriyam_0896_C0",
    "model": "FFDN",
    "confidence": 0.9511,
    "regions": [
        {
            "x": 327,
            "y": 297,
            "w": 19,
            "h": 21,
            "area": 304,
            "ratio": 0.000145,
            "confidence": 0.7563
        },
        {
            "x": 836,
            "y": 331,
            "w": 9,
            "h": 7,
            "area": 57,
            "ratio": 2.7e-05,
            "confidence": 0.8521
        },
        {
            "x": 1024,
            "y": 1461,
            "w": 43,
            "h": 24,
            "area": 830,
            "ratio": 0.000395,
            "confidence": 0.9511
        }
    ]
}