{
    "id": "kriyam_0244_C0",
    "model": "FFDN",
    "confidence": 0.9819,
    "regions": [
        {
            "x": 549,
            "y": 1158,
            "w": 10,
            "h": 15,
            "area": 105,
            "ratio": 1.7e-05,
            "confidence": 0.7276
        },
        {
            "x": 576,
            "y": 1162,
            "w": 46,
            "h": 24,
            "area": 830,
            "ratio": 0.000137,
            "confidence": 0.9071
        },
        {
            "x": 1497,
            "y": 1658,
            "w": 39,
            "h": 39,
            "area": 1309,
            "ratio": 0.000217,
            "confidence": 0.9295
        },
        {
            "x": 1696,
            "y": 2815,
            "w": 70,
            "h": 47,
            "area": 2492,
            "ratio": 0.000413,
            "confidence": 0.9819
        }
    ]
}