{
    "id": "kriyam_0773_C2",
    "model": "FFDN",
    "confidence": 0.8511,
    "regions": [
        {
            "x": 445,
            "y": 473,
            "w": 67,
            "h": 18,
            "area": 1008,
            "ratio": 0.000261,
            "confidence": 0.8511
        },
        {
            "x": 441,
            "y": 941,
            "w": 51,
            "h": 20,
            "area": 769,
            "ratio": 0.000199,
            "confidence": 0.7686
        }
    ]
}