{
    "id": "kriyam_0935_C4",
    "model": "FFDN",
    "confidence": 0.9336,
    "regions": [
        {
            "x": 331,
            "y": 706,
            "w": 58,
            "h": 15,
            "area": 588,
            "ratio": 0.000379,
            "confidence": 0.9336
        },
        {
            "x": 156,
            "y": 708,
            "w": 58,
            "h": 11,
            "area": 440,
            "ratio": 0.000284,
            "confidence": 0.8801
        },
        {
            "x": 229,
            "y": 709,
            "w": 27,
            "h": 8,
            "area": 149,
            "ratio": 9.6e-05,
            "confidence": 0.8263
        }
    ]
}