{
    "id": "kriyam_0847_C2",
    "model": "FFDN",
    "confidence": 0.9029,
    "regions": [
        {
            "x": 460,
            "y": 457,
            "w": 19,
            "h": 14,
            "area": 246,
            "ratio": 0.000117,
            "confidence": 0.8663
        },
        {
            "x": 216,
            "y": 460,
            "w": 5,
            "h": 5,
            "area": 25,
            "ratio": 1.2e-05,
            "confidence": 0.7409
        },
        {
            "x": 673,
            "y": 486,
            "w": 10,
            "h": 13,
            "area": 107,
            "ratio": 5.1e-05,
            "confidence": 0.8657
        },
        {
            "x": 600,
            "y": 490,
            "w": 34,
            "h": 13,
            "area": 256,
            "ratio": 0.000122,
            "confidence": 0.9029
        }
    ]
}