{
    "id": "kriyam_0284_C2",
    "model": "FFDN",
    "confidence": 0.9023,
    "regions": [
        {
            "x": 238,
            "y": 690,
            "w": 152,
            "h": 21,
            "area": 2321,
            "ratio": 0.001191,
            "confidence": 0.9023
        },
        {
            "x": 350,
            "y": 889,
            "w": 45,
            "h": 13,
            "area": 380,
            "ratio": 0.000195,
            "confidence": 0.8451
        },
        {
            "x": 350,
            "y": 917,
            "w": 72,
            "h": 17,
            "area": 824,
            "ratio": 0.000423,
            "confidence": 0.8335
        },
        {
            "x": 142,
            "y": 989,
            "w": 10,
            "h": 14,
            "area": 87,
            "ratio": 4.5e-05,
            "confidence": 0.7685
        }
    ]
}