{
    "id": "kriyam_1020_C4",
    "model": "FFDN",
    "confidence": 0.8997,
    "regions": [
        {
            "x": 314,
            "y": 1024,
            "w": 58,
            "h": 15,
            "area": 809,
            "ratio": 0.000846,
            "confidence": 0.8244
        },
        {
            "x": 332,
            "y": 1153,
            "w": 92,
            "h": 20,
            "area": 1445,
            "ratio": 0.001511,
            "confidence": 0.8997
        },
        {
            "x": 291,
            "y": 1154,
            "w": 30,
            "h": 20,
            "area": 437,
            "ratio": 0.000457,
            "confidence": 0.7504
        },
        {
            "x": 172,
            "y": 1162,
            "w": 24,
            "h": 13,
            "area": 258,
            "ratio": 0.00027,
            "confidence": 0.7911
        }
    ]
}