{
    "id": "kriyam_0917_C0",
    "model": "FFDN",
    "confidence": 0.8968,
    "regions": [
        {
            "x": 153,
            "y": 645,
            "w": 174,
            "h": 24,
            "area": 3357,
            "ratio": 0.002078,
            "confidence": 0.8968
        },
        {
            "x": 410,
            "y": 649,
            "w": 53,
            "h": 18,
            "area": 692,
            "ratio": 0.000428,
            "confidence": 0.8239
        },
        {
            "x": 351,
            "y": 653,
            "w": 49,
            "h": 16,
            "area": 466,
            "ratio": 0.000288,
            "confidence": 0.7876
        },
        {
            "x": 498,
            "y": 653,
            "w": 14,
            "h": 13,
            "area": 137,
            "ratio": 8.5e-05,
            "confidence": 0.7686
        }
    ]
}