{
    "id": "kriyam_0290_C0",
    "model": "FFDN",
    "confidence": 0.9999,
    "regions": [
        {
            "x": 1033,
            "y": 533,
            "w": 10,
            "h": 13,
            "area": 110,
            "ratio": 5.5e-05,
            "confidence": 0.7679
        },
        {
            "x": 1065,
            "y": 533,
            "w": 58,
            "h": 14,
            "area": 741,
            "ratio": 0.000372,
            "confidence": 0.8519
        },
        {
            "x": 842,
            "y": 1009,
            "w": 46,
            "h": 15,
            "area": 543,
            "ratio": 0.000272,
            "confidence": 0.9669
        },
        {
            "x": 365,
            "y": 1053,
            "w": 106,
            "h": 20,
            "area": 1780,
            "ratio": 0.000893,
            "confidence": 0.9999
        }
    ]
}