{
    "id": "kriyam_1050_C2",
    "model": "FFDN",
    "confidence": 0.8895,
    "regions": [
        {
            "x": 561,
            "y": 1314,
            "w": 51,
            "h": 21,
            "area": 779,
            "ratio": 0.000346,
            "confidence": 0.8155
        },
        {
            "x": 628,
            "y": 1321,
            "w": 99,
            "h": 15,
            "area": 723,
            "ratio": 0.000321,
            "confidence": 0.8895
        }
    ]
}