{
    "id": "kriyam_0372_C2",
    "model": "FFDN",
    "confidence": 0.9626,
    "regions": [
        {
            "x": 745,
            "y": 1985,
            "w": 54,
            "h": 41,
            "area": 1947,
            "ratio": 0.000224,
            "confidence": 0.9269
        },
        {
            "x": 1780,
            "y": 2008,
            "w": 56,
            "h": 33,
            "area": 1648,
            "ratio": 0.000189,
            "confidence": 0.9626
        },
        {
            "x": 818,
            "y": 2011,
            "w": 7,
            "h": 15,
            "area": 85,
            "ratio": 1e-05,
            "confidence": 0.6991
        }
    ]
}