{
    "id": "kriyam_0595_C4",
    "model": "FFDN",
    "confidence": 0.8783,
    "regions": [
        {
            "x": 858,
            "y": 618,
            "w": 68,
            "h": 19,
            "area": 767,
            "ratio": 0.000448,
            "confidence": 0.821
        },
        {
            "x": 1057,
            "y": 1569,
            "w": 23,
            "h": 18,
            "area": 387,
            "ratio": 0.000226,
            "confidence": 0.8783
        }
    ]
}