{
    "id": "kriyam_0609_C4",
    "model": "FFDN",
    "confidence": 0.8905,
    "regions": [
        {
            "x": 575,
            "y": 877,
            "w": 20,
            "h": 30,
            "area": 534,
            "ratio": 8.8e-05,
            "confidence": 0.8905
        },
        {
            "x": 694,
            "y": 878,
            "w": 53,
            "h": 29,
            "area": 1215,
            "ratio": 0.000201,
            "confidence": 0.8059
        },
        {
            "x": 1594,
            "y": 1265,
            "w": 42,
            "h": 42,
            "area": 1551,
            "ratio": 0.000256,
            "confidence": 0.8779
        },
        {
            "x": 530,
            "y": 1324,
            "w": 13,
            "h": 23,
            "area": 197,
            "ratio": 3.3e-05,
            "confidence": 0.7889
        }
    ]
}