{
    "id": "kriyam_0984_C4",
    "model": "FFDN",
    "confidence": 0.8451,
    "regions": [
        {
            "x": 136,
            "y": 858,
            "w": 95,
            "h": 19,
            "area": 1108,
            "ratio": 0.001159,
            "confidence": 0.8451
        },
        {
            "x": 279,
            "y": 858,
            "w": 57,
            "h": 20,
            "area": 728,
            "ratio": 0.000761,
            "confidence": 0.8021
        },
        {
            "x": 352,
            "y": 858,
            "w": 5,
            "h": 6,
            "area": 30,
            "ratio": 3.1e-05,
            "confidence": 0.6816
        }
    ]
}