{
    "id": "kriyam_0866_C2",
    "model": "FFDN",
    "confidence": 0.9851,
    "regions": [
        {
            "x": 282,
            "y": 165,
            "w": 19,
            "h": 31,
            "area": 547,
            "ratio": 0.000146,
            "confidence": 0.9659
        },
        {
            "x": 423,
            "y": 393,
            "w": 8,
            "h": 9,
            "area": 65,
            "ratio": 1.7e-05,
            "confidence": 0.8361
        },
        {
            "x": 422,
            "y": 414,
            "w": 11,
            "h": 7,
            "area": 71,
            "ratio": 1.9e-05,
            "confidence": 0.8051
        },
        {
            "x": 595,
            "y": 1076,
            "w": 20,
            "h": 23,
            "area": 434,
            "ratio": 0.000116,
            "confidence": 0.9851
        }
    ]
}