{
    "id": "kriyam_0175_C2",
    "model": "FFDN",
    "confidence": 0.9822,
    "regions": [
        {
            "x": 1157,
            "y": 265,
            "w": 42,
            "h": 10,
            "area": 419,
            "ratio": 6.9e-05,
            "confidence": 0.9822
        },
        {
            "x": 1400,
            "y": 852,
            "w": 14,
            "h": 23,
            "area": 318,
            "ratio": 5.3e-05,
            "confidence": 0.9167
        },
        {
            "x": 1744,
            "y": 1617,
            "w": 40,
            "h": 21,
            "area": 616,
            "ratio": 0.000102,
            "confidence": 0.8935
        },
        {
            "x": 1385,
            "y": 2828,
            "w": 78,
            "h": 67,
            "area": 4557,
            "ratio": 0.000754,
            "confidence": 0.9757
        }
    ]
}