{
    "id": "kriyam_0998_C4",
    "model": "FFDN",
    "confidence": 0.8403,
    "regions": [
        {
            "x": 533,
            "y": 297,
            "w": 16,
            "h": 25,
            "area": 350,
            "ratio": 0.000366,
            "confidence": 0.8403
        },
        {
            "x": 568,
            "y": 304,
            "w": 8,
            "h": 12,
            "area": 82,
            "ratio": 8.6e-05,
            "confidence": 0.7135
        },
        {
            "x": 367,
            "y": 1129,
            "w": 24,
            "h": 15,
            "area": 285,
            "ratio": 0.000298,
            "confidence": 0.7576
        }
    ]
}