{
    "id": "kriyam_0078_C4",
    "model": "FFDN",
    "confidence": 0.9999,
    "regions": [
        {
            "x": 531,
            "y": 2048,
            "w": 75,
            "h": 44,
            "area": 3021,
            "ratio": 0.000347,
            "confidence": 0.9612
        },
        {
            "x": 615,
            "y": 2522,
            "w": 8,
            "h": 10,
            "area": 71,
            "ratio": 8e-06,
            "confidence": 0.841
        },
        {
            "x": 225,
            "y": 2913,
            "w": 30,
            "h": 43,
            "area": 1249,
            "ratio": 0.000144,
            "confidence": 0.9999
        },
        {
            "x": 611,
            "y": 3320,
            "w": 24,
            "h": 31,
            "area": 580,
            "ratio": 6.7e-05,
            "confidence": 0.911
        }
    ]
}