{
    "id": "kriyam_0752_C2",
    "model": "FFDN",
    "confidence": 0.9962,
    "regions": [
        {
            "x": 994,
            "y": 433,
            "w": 6,
            "h": 10,
            "area": 55,
            "ratio": 3.4e-05,
            "confidence": 0.8134
        },
        {
            "x": 749,
            "y": 1386,
            "w": 43,
            "h": 40,
            "area": 1568,
            "ratio": 0.000968,
            "confidence": 0.9962
        },
        {
            "x": 1024,
            "y": 1397,
            "w": 80,
            "h": 18,
            "area": 1183,
            "ratio": 0.00073,
            "confidence": 0.9856
        }
    ]
}