{
    "id": "kriyam_0237_C0",
    "model": "FFDN",
    "confidence": 0.9978,
    "regions": [
        {
            "x": 1024,
            "y": 377,
            "w": 67,
            "h": 42,
            "area": 2410,
            "ratio": 0.001251,
            "confidence": 0.9978
        },
        {
            "x": 243,
            "y": 570,
            "w": 9,
            "h": 21,
            "area": 149,
            "ratio": 7.7e-05,
            "confidence": 0.9342
        },
        {
            "x": 970,
            "y": 917,
            "w": 54,
            "h": 14,
            "area": 580,
            "ratio": 0.000301,
            "confidence": 0.811
        }
    ]
}