{
    "id": "kriyam_0083_C0",
    "model": "FFDN",
    "confidence": 0.99,
    "regions": [
        {
            "x": 168,
            "y": 596,
            "w": 42,
            "h": 52,
            "area": 1622,
            "ratio": 0.000186,
            "confidence": 0.9237
        },
        {
            "x": 1024,
            "y": 601,
            "w": 74,
            "h": 63,
            "area": 3989,
            "ratio": 0.000457,
            "confidence": 0.99
        },
        {
            "x": 321,
            "y": 905,
            "w": 63,
            "h": 23,
            "area": 915,
            "ratio": 0.000105,
            "confidence": 0.8881
        }
    ]
}