{
    "id": "kriyam_0861_C2",
    "model": "FFDN",
    "confidence": 0.9206,
    "regions": [
        {
            "x": 333,
            "y": 331,
            "w": 77,
            "h": 27,
            "area": 1736,
            "ratio": 0.002469,
            "confidence": 0.8816
        },
        {
            "x": 261,
            "y": 584,
            "w": 127,
            "h": 23,
            "area": 2264,
            "ratio": 0.00322,
            "confidence": 0.9206
        },
        {
            "x": 554,
            "y": 585,
            "w": 49,
            "h": 26,
            "area": 1085,
            "ratio": 0.001543,
            "confidence": 0.7996
        }
    ]
}