{
    "id": "kriyam_0181_C0",
    "model": "FFDN",
    "confidence": 0.9999,
    "regions": [
        {
            "x": 1246,
            "y": 196,
            "w": 106,
            "h": 55,
            "area": 5551,
            "ratio": 0.003862,
            "confidence": 0.9999
        },
        {
            "x": 241,
            "y": 288,
            "w": 77,
            "h": 45,
            "area": 2575,
            "ratio": 0.001791,
            "confidence": 0.9776
        },
        {
            "x": 1304,
            "y": 656,
            "w": 207,
            "h": 87,
            "area": 13200,
            "ratio": 0.009183,
            "confidence": 0.9993
        }
    ]
}