{
    "id": "kriyam_0839_C4",
    "model": "FFDN",
    "confidence": 0.9153,
    "regions": [
        {
            "x": 273,
            "y": 1033,
            "w": 20,
            "h": 12,
            "area": 172,
            "ratio": 0.000174,
            "confidence": 0.9122
        },
        {
            "x": 201,
            "y": 1036,
            "w": 23,
            "h": 11,
            "area": 220,
            "ratio": 0.000222,
            "confidence": 0.9153
        },
        {
            "x": 428,
            "y": 1039,
            "w": 14,
            "h": 8,
            "area": 97,
            "ratio": 9.8e-05,
            "confidence": 0.8942
        }
    ]
}