{
    "id": "kriyam_0742_C2",
    "model": "FFDN",
    "confidence": 0.9111,
    "regions": [
        {
            "x": 336,
            "y": 201,
            "w": 5,
            "h": 5,
            "area": 25,
            "ratio": 1.4e-05,
            "confidence": 0.7166
        },
        {
            "x": 1033,
            "y": 474,
            "w": 70,
            "h": 29,
            "area": 1218,
            "ratio": 0.000673,
            "confidence": 0.8328
        },
        {
            "x": 284,
            "y": 1319,
            "w": 97,
            "h": 14,
            "area": 1101,
            "ratio": 0.000609,
            "confidence": 0.9111
        },
        {
            "x": 569,
            "y": 1519,
            "w": 52,
            "h": 12,
            "area": 470,
            "ratio": 0.00026,
            "confidence": 0.8447
        }
    ]
}