{
    "id": "kriyam_0295_C2",
    "model": "FFDN",
    "confidence": 0.8645,
    "regions": [
        {
            "x": 1410,
            "y": 640,
            "w": 6,
            "h": 5,
            "area": 30,
            "ratio": 8e-06,
            "confidence": 0.7284
        },
        {
            "x": 1069,
            "y": 669,
            "w": 27,
            "h": 18,
            "area": 396,
            "ratio": 0.000109,
            "confidence": 0.8283
        },
        {
            "x": 1128,
            "y": 669,
            "w": 23,
            "h": 18,
            "area": 317,
            "ratio": 8.7e-05,
            "confidence": 0.7909
        },
        {
            "x": 964,
            "y": 1030,
            "w": 37,
            "h": 17,
            "area": 476,
            "ratio": 0.000131,
            "confidence": 0.8645
        }
    ]
}