{
    "id": "kriyam_0211_C2",
    "model": "FFDN",
    "confidence": 0.9189,
    "regions": [
        {
            "x": 1034,
            "y": 1024,
            "w": 77,
            "h": 36,
            "area": 2329,
            "ratio": 0.000353,
            "confidence": 0.8908
        },
        {
            "x": 1153,
            "y": 1024,
            "w": 26,
            "h": 35,
            "area": 898,
            "ratio": 0.000136,
            "confidence": 0.8331
        },
        {
            "x": 1215,
            "y": 1029,
            "w": 21,
            "h": 29,
            "area": 536,
            "ratio": 8.1e-05,
            "confidence": 0.7888
        },
        {
            "x": 89,
            "y": 1572,
            "w": 13,
            "h": 55,
            "area": 661,
            "ratio": 0.0001,
            "confidence": 0.9189
        }
    ]
}