{
    "id": "kriyam_0281_C2",
    "model": "FFDN",
    "confidence": 0.8511,
    "regions": [
        {
            "x": 1073,
            "y": 393,
            "w": 18,
            "h": 14,
            "area": 230,
            "ratio": 0.000123,
            "confidence": 0.7417
        },
        {
            "x": 1103,
            "y": 393,
            "w": 47,
            "h": 14,
            "area": 405,
            "ratio": 0.000216,
            "confidence": 0.7251
        },
        {
            "x": 346,
            "y": 846,
            "w": 81,
            "h": 17,
            "area": 1156,
            "ratio": 0.000616,
            "confidence": 0.8203
        },
        {
            "x": 643,
            "y": 886,
            "w": 70,
            "h": 8,
            "area": 508,
            "ratio": 0.000271,
            "confidence": 0.8511
        }
    ]
}