{
    "id": "kriyam_0229_C4",
    "model": "FFDN",
    "confidence": 0.9711,
    "regions": [
        {
            "x": 82,
            "y": 193,
            "w": 105,
            "h": 22,
            "area": 1512,
            "ratio": 0.002929,
            "confidence": 0.9711
        },
        {
            "x": 661,
            "y": 264,
            "w": 22,
            "h": 12,
            "area": 232,
            "ratio": 0.000449,
            "confidence": 0.8825
        }
    ]
}