{
    "id": "kriyam_0639_C0",
    "model": "FFDN",
    "confidence": 0.9963,
    "regions": [
        {
            "x": 541,
            "y": 512,
            "w": 133,
            "h": 14,
            "area": 1476,
            "ratio": 0.000769,
            "confidence": 0.9774
        },
        {
            "x": 1024,
            "y": 994,
            "w": 15,
            "h": 21,
            "area": 206,
            "ratio": 0.000107,
            "confidence": 0.874
        },
        {
            "x": 1024,
            "y": 1148,
            "w": 17,
            "h": 22,
            "area": 284,
            "ratio": 0.000148,
            "confidence": 0.8915
        },
        {
            "x": 1024,
            "y": 1245,
            "w": 55,
            "h": 19,
            "area": 972,
            "ratio": 0.000506,
            "confidence": 0.9963
        }
    ]
}