{
    "id": "kriyam_0288_C4",
    "model": "FFDN",
    "confidence": 0.9647,
    "regions": [
        {
            "x": 311,
            "y": 454,
            "w": 20,
            "h": 13,
            "area": 216,
            "ratio": 0.000126,
            "confidence": 0.9647
        },
        {
            "x": 933,
            "y": 496,
            "w": 10,
            "h": 11,
            "area": 105,
            "ratio": 6.1e-05,
            "confidence": 0.8297
        },
        {
            "x": 190,
            "y": 677,
            "w": 185,
            "h": 21,
            "area": 3418,
            "ratio": 0.00199,
            "confidence": 0.9413
        }
    ]
}