{
    "id": "kriyam_0051_C2",
    "model": "FFDN",
    "confidence": 0.9999,
    "regions": [
        {
            "x": 512,
            "y": 445,
            "w": 128,
            "h": 36,
            "area": 4391,
            "ratio": 0.001198,
            "confidence": 0.9999
        },
        {
            "x": 892,
            "y": 512,
            "w": 31,
            "h": 26,
            "area": 660,
            "ratio": 0.00018,
            "confidence": 0.821
        },
        {
            "x": 90,
            "y": 1116,
            "w": 45,
            "h": 46,
            "area": 1902,
            "ratio": 0.000519,
            "confidence": 0.8925
        },
        {
            "x": 877,
            "y": 1173,
            "w": 26,
            "h": 42,
            "area": 529,
            "ratio": 0.000144,
            "confidence": 0.7964
        }
    ]
}