{
    "id": "kriyam_0599_C0",
    "model": "FFDN",
    "confidence": 0.9999,
    "regions": [
        {
            "x": 584,
            "y": 737,
            "w": 160,
            "h": 37,
            "area": 4921,
            "ratio": 0.000811,
            "confidence": 0.9955
        },
        {
            "x": 591,
            "y": 833,
            "w": 92,
            "h": 31,
            "area": 2531,
            "ratio": 0.000417,
            "confidence": 0.8978
        },
        {
            "x": 500,
            "y": 1953,
            "w": 199,
            "h": 35,
            "area": 5104,
            "ratio": 0.000842,
            "confidence": 0.9999
        },
        {
            "x": 720,
            "y": 2520,
            "w": 15,
            "h": 26,
            "area": 370,
            "ratio": 6.1e-05,
            "confidence": 0.9647
        }
    ]
}