{
    "id": "kriyam_0283_C2",
    "model": "FFDN",
    "confidence": 0.8947,
    "regions": [
        {
            "x": 285,
            "y": 400,
            "w": 90,
            "h": 16,
            "area": 1210,
            "ratio": 0.000714,
            "confidence": 0.8947
        },
        {
            "x": 917,
            "y": 481,
            "w": 5,
            "h": 5,
            "area": 25,
            "ratio": 1.5e-05,
            "confidence": 0.8423
        },
        {
            "x": 281,
            "y": 1061,
            "w": 38,
            "h": 14,
            "area": 532,
            "ratio": 0.000314,
            "confidence": 0.8476
        },
        {
            "x": 158,
            "y": 1292,
            "w": 109,
            "h": 18,
            "area": 1398,
            "ratio": 0.000825,
            "confidence": 0.8796
        }
    ]
}