{
    "id": "kriyam_0169_C4",
    "model": "FFDN",
    "confidence": 0.9771,
    "regions": [
        {
            "x": 93,
            "y": 942,
            "w": 123,
            "h": 26,
            "area": 1830,
            "ratio": 0.000303,
            "confidence": 0.8753
        },
        {
            "x": 1841,
            "y": 1081,
            "w": 67,
            "h": 25,
            "area": 1572,
            "ratio": 0.00026,
            "confidence": 0.9414
        },
        {
            "x": 1841,
            "y": 1130,
            "w": 116,
            "h": 29,
            "area": 2163,
            "ratio": 0.000358,
            "confidence": 0.9771
        },
        {
            "x": 549,
            "y": 2801,
            "w": 29,
            "h": 16,
            "area": 351,
            "ratio": 5.8e-05,
            "confidence": 0.7829
        }
    ]
}