{
    "id": "kriyam_0931_C4",
    "model": "FFDN",
    "confidence": 0.9425,
    "regions": [
        {
            "x": 448,
            "y": 494,
            "w": 19,
            "h": 18,
            "area": 316,
            "ratio": 0.000204,
            "confidence": 0.9425
        },
        {
            "x": 269,
            "y": 497,
            "w": 14,
            "h": 10,
            "area": 129,
            "ratio": 8.3e-05,
            "confidence": 0.801
        },
        {
            "x": 852,
            "y": 497,
            "w": 11,
            "h": 15,
            "area": 157,
            "ratio": 0.000101,
            "confidence": 0.8203
        }
    ]
}