{
    "id": "kriyam_0630_C2",
    "model": "FFDN",
    "confidence": 0.9999,
    "regions": [
        {
            "x": 629,
            "y": 449,
            "w": 15,
            "h": 30,
            "area": 423,
            "ratio": 7e-05,
            "confidence": 0.9985
        },
        {
            "x": 677,
            "y": 453,
            "w": 63,
            "h": 23,
            "area": 1088,
            "ratio": 0.000179,
            "confidence": 0.8421
        },
        {
            "x": 621,
            "y": 2137,
            "w": 251,
            "h": 41,
            "area": 8153,
            "ratio": 0.001341,
            "confidence": 0.9999
        }
    ]
}