{
    "id": "kriyam_0061_C0",
    "model": "FFDN",
    "confidence": 0.9277,
    "regions": [
        {
            "x": 619,
            "y": 512,
            "w": 37,
            "h": 26,
            "area": 902,
            "ratio": 0.000104,
            "confidence": 0.819
        },
        {
            "x": 1547,
            "y": 512,
            "w": 60,
            "h": 36,
            "area": 1675,
            "ratio": 0.000192,
            "confidence": 0.9277
        }
    ]
}