{
    "id": "kriyam_0468_C0",
    "model": "FFDN",
    "confidence": 0.989,
    "regions": [
        {
            "x": 1322,
            "y": 994,
            "w": 92,
            "h": 26,
            "area": 1653,
            "ratio": 0.00019,
            "confidence": 0.9373
        },
        {
            "x": 1257,
            "y": 1429,
            "w": 23,
            "h": 47,
            "area": 876,
            "ratio": 0.000101,
            "confidence": 0.9795
        },
        {
            "x": 1009,
            "y": 2232,
            "w": 15,
            "h": 67,
            "area": 693,
            "ratio": 8e-05,
            "confidence": 0.989
        }
    ]
}