{
    "id": "kriyam_0044_C4",
    "model": "FFDN",
    "confidence": 0.912,
    "regions": [
        {
            "x": 1024,
            "y": 225,
            "w": 101,
            "h": 25,
            "area": 1880,
            "ratio": 0.000979,
            "confidence": 0.912
        },
        {
            "x": 909,
            "y": 465,
            "w": 23,
            "h": 28,
            "area": 614,
            "ratio": 0.00032,
            "confidence": 0.8791
        },
        {
            "x": 1001,
            "y": 803,
            "w": 49,
            "h": 25,
            "area": 976,
            "ratio": 0.000508,
            "confidence": 0.7854
        },
        {
            "x": 1044,
            "y": 1213,
            "w": 8,
            "h": 5,
            "area": 40,
            "ratio": 2.1e-05,
            "confidence": 0.804
        }
    ]
}