{
    "id": "kriyam_0122_C0",
    "model": "FFDN",
    "confidence": 0.9676,
    "regions": [
        {
            "x": 425,
            "y": 1449,
            "w": 9,
            "h": 18,
            "area": 140,
            "ratio": 1.6e-05,
            "confidence": 0.9342
        },
        {
            "x": 1601,
            "y": 1497,
            "w": 16,
            "h": 22,
            "area": 328,
            "ratio": 3.8e-05,
            "confidence": 0.9453
        },
        {
            "x": 949,
            "y": 1824,
            "w": 49,
            "h": 35,
            "area": 1488,
            "ratio": 0.000171,
            "confidence": 0.9676
        },
        {
            "x": 97,
            "y": 2378,
            "w": 26,
            "h": 41,
            "area": 921,
            "ratio": 0.000106,
            "confidence": 0.9622
        }
    ]
}