{
    "id": "kriyam_0974_C2",
    "model": "FFDN",
    "confidence": 0.8514,
    "regions": [
        {
            "x": 620,
            "y": 273,
            "w": 5,
            "h": 5,
            "area": 25,
            "ratio": 2.6e-05,
            "confidence": 0.6672
        },
        {
            "x": 276,
            "y": 311,
            "w": 19,
            "h": 8,
            "area": 147,
            "ratio": 0.000154,
            "confidence": 0.7067
        },
        {
            "x": 183,
            "y": 401,
            "w": 60,
            "h": 23,
            "area": 1229,
            "ratio": 0.001285,
            "confidence": 0.8514
        },
        {
            "x": 318,
            "y": 1006,
            "w": 94,
            "h": 18,
            "area": 1232,
            "ratio": 0.001288,
            "confidence": 0.7744
        }
    ]
}