{
    "id": "kriyam_0642_C0",
    "model": "FFDN",
    "confidence": 0.9994,
    "regions": [
        {
            "x": 1500,
            "y": 1181,
            "w": 36,
            "h": 47,
            "area": 1409,
            "ratio": 0.000233,
            "confidence": 0.9994
        },
        {
            "x": 685,
            "y": 1369,
            "w": 135,
            "h": 30,
            "area": 2788,
            "ratio": 0.000462,
            "confidence": 0.9571
        }
    ]
}