{
    "id": "kriyam_0858_C2",
    "model": "FFDN",
    "confidence": 0.9206,
    "regions": [
        {
            "x": 785,
            "y": 454,
            "w": 16,
            "h": 17,
            "area": 163,
            "ratio": 0.000109,
            "confidence": 0.7599
        },
        {
            "x": 713,
            "y": 456,
            "w": 42,
            "h": 15,
            "area": 517,
            "ratio": 0.000347,
            "confidence": 0.8672
        },
        {
            "x": 812,
            "y": 457,
            "w": 5,
            "h": 5,
            "area": 25,
            "ratio": 1.7e-05,
            "confidence": 0.6756
        },
        {
            "x": 512,
            "y": 1195,
            "w": 147,
            "h": 23,
            "area": 2300,
            "ratio": 0.001542,
            "confidence": 0.9206
        }
    ]
}