{
    "id": "kriyam_0901_C0",
    "model": "FFDN",
    "confidence": 0.8169,
    "regions": [
        {
            "x": 249,
            "y": 1031,
            "w": 19,
            "h": 17,
            "area": 255,
            "ratio": 0.000164,
            "confidence": 0.7886
        },
        {
            "x": 285,
            "y": 1030,
            "w": 41,
            "h": 17,
            "area": 554,
            "ratio": 0.000357,
            "confidence": 0.7993
        },
        {
            "x": 221,
            "y": 1037,
            "w": 5,
            "h": 5,
            "area": 25,
            "ratio": 1.6e-05,
            "confidence": 0.8169
        }
    ]
}