{
    "id": "kriyam_0971_C2",
    "model": "FFDN",
    "confidence": 0.8504,
    "regions": [
        {
            "x": 374,
            "y": 722,
            "w": 33,
            "h": 17,
            "area": 310,
            "ratio": 0.000324,
            "confidence": 0.8175
        },
        {
            "x": 468,
            "y": 726,
            "w": 7,
            "h": 7,
            "area": 45,
            "ratio": 4.7e-05,
            "confidence": 0.7068
        },
        {
            "x": 597,
            "y": 1152,
            "w": 52,
            "h": 19,
            "area": 940,
            "ratio": 0.000983,
            "confidence": 0.8504
        }
    ]
}