{
    "id": "kriyam_0728_C4",
    "model": "FFDN",
    "confidence": 0.9606,
    "regions": [
        {
            "x": 1569,
            "y": 1389,
            "w": 83,
            "h": 32,
            "area": 1813,
            "ratio": 0.000208,
            "confidence": 0.8518
        },
        {
            "x": 169,
            "y": 1837,
            "w": 23,
            "h": 30,
            "area": 690,
            "ratio": 7.9e-05,
            "confidence": 0.9606
        },
        {
            "x": 1428,
            "y": 2048,
            "w": 72,
            "h": 14,
            "area": 898,
            "ratio": 0.000103,
            "confidence": 0.8148
        },
        {
            "x": 1572,
            "y": 3433,
            "w": 10,
            "h": 10,
            "area": 84,
            "ratio": 1e-05,
            "confidence": 0.6925
        }
    ]
}