{
    "id": "kriyam_0764_C0",
    "model": "FFDN",
    "confidence": 0.9582,
    "regions": [
        {
            "x": 449,
            "y": 257,
            "w": 14,
            "h": 20,
            "area": 279,
            "ratio": 0.000227,
            "confidence": 0.9582
        },
        {
            "x": 361,
            "y": 1093,
            "w": 14,
            "h": 22,
            "area": 279,
            "ratio": 0.000227,
            "confidence": 0.8346
        },
        {
            "x": 762,
            "y": 1129,
            "w": 17,
            "h": 25,
            "area": 318,
            "ratio": 0.000259,
            "confidence": 0.776
        }
    ]
}