{
    "id": "kriyam_0280_C2",
    "model": "FFDN",
    "confidence": 0.8302,
    "regions": [
        {
            "x": 144,
            "y": 474,
            "w": 8,
            "h": 5,
            "area": 40,
            "ratio": 2.2e-05,
            "confidence": 0.7587
        },
        {
            "x": 317,
            "y": 712,
            "w": 39,
            "h": 18,
            "area": 608,
            "ratio": 0.000328,
            "confidence": 0.8302
        },
        {
            "x": 589,
            "y": 1006,
            "w": 18,
            "h": 18,
            "area": 221,
            "ratio": 0.000119,
            "confidence": 0.8016
        }
    ]
}