{
    "id": "kriyam_0133_C0",
    "model": "FFDN",
    "confidence": 0.997,
    "regions": [
        {
            "x": 1176,
            "y": 1424,
            "w": 120,
            "h": 51,
            "area": 5823,
            "ratio": 0.000669,
            "confidence": 0.997
        },
        {
            "x": 940,
            "y": 1433,
            "w": 31,
            "h": 41,
            "area": 1145,
            "ratio": 0.000132,
            "confidence": 0.979
        },
        {
            "x": 1912,
            "y": 1442,
            "w": 6,
            "h": 8,
            "area": 45,
            "ratio": 5e-06,
            "confidence": 0.7285
        },
        {
            "x": 948,
            "y": 1713,
            "w": 20,
            "h": 37,
            "area": 726,
            "ratio": 8.3e-05,
            "confidence": 0.9745
        }
    ]
}