{
    "id": "kriyam_0407_C2",
    "model": "FFDN",
    "confidence": 0.9203,
    "regions": [
        {
            "x": 370,
            "y": 594,
            "w": 9,
            "h": 15,
            "area": 115,
            "ratio": 1.3e-05,
            "confidence": 0.8094
        },
        {
            "x": 639,
            "y": 1083,
            "w": 69,
            "h": 26,
            "area": 1216,
            "ratio": 0.00014,
            "confidence": 0.8589
        },
        {
            "x": 1051,
            "y": 1276,
            "w": 154,
            "h": 39,
            "area": 4070,
            "ratio": 0.000468,
            "confidence": 0.9203
        }
    ]
}