{
    "id": "kriyam_0063_C0",
    "model": "FFDN",
    "confidence": 0.9915,
    "regions": [
        {
            "x": 1500,
            "y": 1365,
            "w": 36,
            "h": 58,
            "area": 1960,
            "ratio": 0.000225,
            "confidence": 0.9915
        },
        {
            "x": 512,
            "y": 2149,
            "w": 87,
            "h": 49,
            "area": 3236,
            "ratio": 0.000372,
            "confidence": 0.9879
        },
        {
            "x": 877,
            "y": 3025,
            "w": 43,
            "h": 47,
            "area": 1884,
            "ratio": 0.000216,
            "confidence": 0.9672
        }
    ]
}