{
    "id": "kriyam_0942_C2",
    "model": "FFDN",
    "confidence": 0.897,
    "regions": [
        {
            "x": 303,
            "y": 147,
            "w": 156,
            "h": 20,
            "area": 2316,
            "ratio": 0.001412,
            "confidence": 0.897
        },
        {
            "x": 281,
            "y": 238,
            "w": 153,
            "h": 17,
            "area": 1309,
            "ratio": 0.000798,
            "confidence": 0.8906
        },
        {
            "x": 459,
            "y": 245,
            "w": 19,
            "h": 9,
            "area": 146,
            "ratio": 8.9e-05,
            "confidence": 0.7525
        },
        {
            "x": 368,
            "y": 1109,
            "w": 80,
            "h": 17,
            "area": 862,
            "ratio": 0.000525,
            "confidence": 0.8485
        }
    ]
}