{
    "id": "kriyam_0156_C2",
    "model": "FFDN",
    "confidence": 1.0,
    "regions": [
        {
            "x": 1548,
            "y": 512,
            "w": 171,
            "h": 27,
            "area": 4606,
            "ratio": 0.000761,
            "confidence": 1.0
        },
        {
            "x": 335,
            "y": 639,
            "w": 16,
            "h": 11,
            "area": 129,
            "ratio": 2.1e-05,
            "confidence": 0.7969
        },
        {
            "x": 205,
            "y": 641,
            "w": 102,
            "h": 22,
            "area": 2110,
            "ratio": 0.000349,
            "confidence": 0.9997
        },
        {
            "x": 201,
            "y": 2560,
            "w": 9,
            "h": 11,
            "area": 93,
            "ratio": 1.5e-05,
            "confidence": 0.7647
        }
    ]
}