{
    "id": "kriyam_0868_C4",
    "model": "FFDN",
    "confidence": 0.9363,
    "regions": [
        {
            "x": 208,
            "y": 182,
            "w": 72,
            "h": 37,
            "area": 1597,
            "ratio": 0.000427,
            "confidence": 0.9363
        },
        {
            "x": 1024,
            "y": 2054,
            "w": 10,
            "h": 21,
            "area": 181,
            "ratio": 4.8e-05,
            "confidence": 0.7422
        },
        {
            "x": 548,
            "y": 2056,
            "w": 19,
            "h": 27,
            "area": 307,
            "ratio": 8.2e-05,
            "confidence": 0.7915
        },
        {
            "x": 595,
            "y": 2057,
            "w": 35,
            "h": 26,
            "area": 802,
            "ratio": 0.000214,
            "confidence": 0.7844
        }
    ]
}