{
    "id": "kriyam_0865_C4",
    "model": "FFDN",
    "confidence": 0.8405,
    "regions": [
        {
            "x": 1575,
            "y": 266,
            "w": 20,
            "h": 54,
            "area": 530,
            "ratio": 0.000142,
            "confidence": 0.8405
        },
        {
            "x": 1590,
            "y": 723,
            "w": 25,
            "h": 35,
            "area": 386,
            "ratio": 0.000103,
            "confidence": 0.788
        },
        {
            "x": 1590,
            "y": 768,
            "w": 9,
            "h": 7,
            "area": 63,
            "ratio": 1.7e-05,
            "confidence": 0.7785
        },
        {
            "x": 465,
            "y": 1401,
            "w": 47,
            "h": 32,
            "area": 1060,
            "ratio": 0.000283,
            "confidence": 0.8078
        }
    ]
}