{
    "id": "kriyam_0234_C0",
    "model": "FFDN",
    "confidence": 1.0,
    "regions": [
        {
            "x": 1193,
            "y": 814,
            "w": 146,
            "h": 39,
            "area": 5188,
            "ratio": 0.000859,
            "confidence": 1.0
        },
        {
            "x": 1553,
            "y": 910,
            "w": 42,
            "h": 45,
            "area": 1765,
            "ratio": 0.000292,
            "confidence": 0.9995
        },
        {
            "x": 1425,
            "y": 1642,
            "w": 29,
            "h": 33,
            "area": 516,
            "ratio": 8.5e-05,
            "confidence": 0.8358
        },
        {
            "x": 1703,
            "y": 2828,
            "w": 40,
            "h": 18,
            "area": 513,
            "ratio": 8.5e-05,
            "confidence": 0.7475
        }
    ]
}