{
    "id": "kriyam_0290_C4",
    "model": "FFDN",
    "confidence": 0.9653,
    "regions": [
        {
            "x": 1064,
            "y": 533,
            "w": 35,
            "h": 14,
            "area": 337,
            "ratio": 0.000169,
            "confidence": 0.8624
        },
        {
            "x": 408,
            "y": 1053,
            "w": 50,
            "h": 18,
            "area": 554,
            "ratio": 0.000278,
            "confidence": 0.9653
        },
        {
            "x": 394,
            "y": 1063,
            "w": 5,
            "h": 5,
            "area": 25,
            "ratio": 1.3e-05,
            "confidence": 0.7781
        }
    ]
}