{
    "id": "kriyam_0272_C4",
    "model": "FFDN",
    "confidence": 0.983,
    "regions": [
        {
            "x": 121,
            "y": 1106,
            "w": 151,
            "h": 45,
            "area": 4629,
            "ratio": 0.00362,
            "confidence": 0.983
        },
        {
            "x": 808,
            "y": 1130,
            "w": 110,
            "h": 16,
            "area": 1404,
            "ratio": 0.001098,
            "confidence": 0.8833
        }
    ]
}