{
    "id": "kriyam_0979_C4",
    "model": "FFDN",
    "confidence": 0.8768,
    "regions": [
        {
            "x": 393,
            "y": 591,
            "w": 26,
            "h": 13,
            "area": 236,
            "ratio": 0.000247,
            "confidence": 0.7774
        },
        {
            "x": 141,
            "y": 1006,
            "w": 106,
            "h": 18,
            "area": 1192,
            "ratio": 0.001247,
            "confidence": 0.8768
        },
        {
            "x": 411,
            "y": 1012,
            "w": 8,
            "h": 7,
            "area": 51,
            "ratio": 5.3e-05,
            "confidence": 0.724
        }
    ]
}