{
    "id": "kriyam_0993_C2",
    "model": "FFDN",
    "confidence": 0.7317,
    "regions": [
        {
            "x": 352,
            "y": 178,
            "w": 6,
            "h": 9,
            "area": 50,
            "ratio": 5.2e-05,
            "confidence": 0.7283
        },
        {
            "x": 522,
            "y": 822,
            "w": 49,
            "h": 18,
            "area": 455,
            "ratio": 0.000476,
            "confidence": 0.7317
        },
        {
            "x": 605,
            "y": 1102,
            "w": 34,
            "h": 12,
            "area": 236,
            "ratio": 0.000247,
            "confidence": 0.7009
        }
    ]
}