{
    "id": "kriyam_0086_C4",
    "model": "FFDN",
    "confidence": 0.9646,
    "regions": [
        {
            "x": 2502,
            "y": 857,
            "w": 18,
            "h": 9,
            "area": 77,
            "ratio": 9e-06,
            "confidence": 0.7539
        },
        {
            "x": 2135,
            "y": 1505,
            "w": 41,
            "h": 31,
            "area": 1189,
            "ratio": 0.000141,
            "confidence": 0.9321
        },
        {
            "x": 2470,
            "y": 1953,
            "w": 11,
            "h": 12,
            "area": 101,
            "ratio": 1.2e-05,
            "confidence": 0.7302
        },
        {
            "x": 630,
            "y": 2848,
            "w": 123,
            "h": 21,
            "area": 1947,
            "ratio": 0.000231,
            "confidence": 0.9646
        }
    ]
}