{
    "id": "kriyam_0181_C4",
    "model": "FFDN",
    "confidence": 0.9987,
    "regions": [
        {
            "x": 1246,
            "y": 193,
            "w": 106,
            "h": 58,
            "area": 5314,
            "ratio": 0.003697,
            "confidence": 0.9987
        },
        {
            "x": 369,
            "y": 702,
            "w": 13,
            "h": 44,
            "area": 399,
            "ratio": 0.000278,
            "confidence": 0.8052
        }
    ]
}