{
    "id": "kriyam_0440_C0",
    "model": "FFDN",
    "confidence": 0.9924,
    "regions": [
        {
            "x": 1478,
            "y": 1413,
            "w": 33,
            "h": 33,
            "area": 555,
            "ratio": 6.4e-05,
            "confidence": 0.828
        },
        {
            "x": 1445,
            "y": 1485,
            "w": 44,
            "h": 51,
            "area": 1733,
            "ratio": 0.000199,
            "confidence": 0.9798
        },
        {
            "x": 2177,
            "y": 1937,
            "w": 62,
            "h": 30,
            "area": 1209,
            "ratio": 0.000139,
            "confidence": 0.9815
        },
        {
            "x": 1461,
            "y": 2890,
            "w": 70,
            "h": 55,
            "area": 2435,
            "ratio": 0.00028,
            "confidence": 0.9924
        }
    ]
}