{
    "id": "kriyam_0780_C2",
    "model": "FFDN",
    "confidence": 0.9169,
    "regions": [
        {
            "x": 482,
            "y": 410,
            "w": 30,
            "h": 10,
            "area": 266,
            "ratio": 0.000213,
            "confidence": 0.7799
        },
        {
            "x": 441,
            "y": 412,
            "w": 19,
            "h": 8,
            "area": 130,
            "ratio": 0.000104,
            "confidence": 0.7115
        },
        {
            "x": 108,
            "y": 933,
            "w": 127,
            "h": 20,
            "area": 2064,
            "ratio": 0.001651,
            "confidence": 0.9169
        }
    ]
}