{
    "id": "kriyam_0538_C0",
    "model": "FFDN",
    "confidence": 0.9742,
    "regions": [
        {
            "x": 524,
            "y": 549,
            "w": 67,
            "h": 26,
            "area": 1346,
            "ratio": 0.000223,
            "confidence": 0.8595
        },
        {
            "x": 0,
            "y": 1740,
            "w": 39,
            "h": 48,
            "area": 1728,
            "ratio": 0.000286,
            "confidence": 0.9742
        },
        {
            "x": 517,
            "y": 1829,
            "w": 49,
            "h": 76,
            "area": 2373,
            "ratio": 0.000393,
            "confidence": 0.9216
        }
    ]
}