{
    "id": "kriyam_0870_C0",
    "model": "FFDN",
    "confidence": 0.9338,
    "regions": [
        {
            "x": 373,
            "y": 512,
            "w": 66,
            "h": 27,
            "area": 1225,
            "ratio": 0.000576,
            "confidence": 0.8324
        },
        {
            "x": 1024,
            "y": 762,
            "w": 25,
            "h": 21,
            "area": 493,
            "ratio": 0.000232,
            "confidence": 0.9338
        },
        {
            "x": 627,
            "y": 1561,
            "w": 31,
            "h": 21,
            "area": 610,
            "ratio": 0.000287,
            "confidence": 0.8856
        }
    ]
}