{
    "id": "kriyam_0910_C0",
    "model": "FFDN",
    "confidence": 0.9795,
    "regions": [
        {
            "x": 947,
            "y": 1368,
            "w": 26,
            "h": 15,
            "area": 352,
            "ratio": 0.000227,
            "confidence": 0.9795
        },
        {
            "x": 166,
            "y": 1370,
            "w": 30,
            "h": 9,
            "area": 240,
            "ratio": 0.000155,
            "confidence": 0.7515
        }
    ]
}