{
    "id": "kriyam_0871_C2",
    "model": "FFDN",
    "confidence": 0.8952,
    "regions": [
        {
            "x": 207,
            "y": 498,
            "w": 68,
            "h": 14,
            "area": 844,
            "ratio": 0.000397,
            "confidence": 0.7806
        },
        {
            "x": 1024,
            "y": 833,
            "w": 15,
            "h": 17,
            "area": 236,
            "ratio": 0.000111,
            "confidence": 0.8952
        },
        {
            "x": 601,
            "y": 1593,
            "w": 10,
            "h": 21,
            "area": 204,
            "ratio": 9.6e-05,
            "confidence": 0.8256
        }
    ]
}