{
    "id": "kriyam_0487_C0",
    "model": "FFDN",
    "confidence": 0.8823,
    "regions": [
        {
            "x": 833,
            "y": 900,
            "w": 42,
            "h": 27,
            "area": 1109,
            "ratio": 0.000127,
            "confidence": 0.8823
        },
        {
            "x": 908,
            "y": 901,
            "w": 16,
            "h": 26,
            "area": 393,
            "ratio": 4.5e-05,
            "confidence": 0.8679
        },
        {
            "x": 833,
            "y": 2374,
            "w": 42,
            "h": 29,
            "area": 1147,
            "ratio": 0.000132,
            "confidence": 0.8588
        },
        {
            "x": 917,
            "y": 2382,
            "w": 9,
            "h": 21,
            "area": 145,
            "ratio": 1.7e-05,
            "confidence": 0.7901
        }
    ]
}