{
    "id": "kriyam_0715_C0",
    "model": "FFDN",
    "confidence": 0.9069,
    "regions": [
        {
            "x": 478,
            "y": 777,
            "w": 18,
            "h": 13,
            "area": 215,
            "ratio": 2.5e-05,
            "confidence": 0.8365
        },
        {
            "x": 1284,
            "y": 3453,
            "w": 96,
            "h": 22,
            "area": 1906,
            "ratio": 0.000219,
            "confidence": 0.8883
        },
        {
            "x": 1574,
            "y": 3454,
            "w": 155,
            "h": 24,
            "area": 2741,
            "ratio": 0.000315,
            "confidence": 0.9069
        }
    ]
}