{
    "id": "kriyam_0682_C4",
    "model": "FFDN",
    "confidence": 0.9194,
    "regions": [
        {
            "x": 1653,
            "y": 1005,
            "w": 58,
            "h": 19,
            "area": 1084,
            "ratio": 0.000179,
            "confidence": 0.8811
        },
        {
            "x": 1215,
            "y": 1010,
            "w": 13,
            "h": 10,
            "area": 109,
            "ratio": 1.8e-05,
            "confidence": 0.7095
        },
        {
            "x": 1536,
            "y": 1720,
            "w": 75,
            "h": 31,
            "area": 1793,
            "ratio": 0.000297,
            "confidence": 0.9194
        }
    ]
}