{
    "id": "kriyam_0391_C0",
    "model": "FFDN",
    "confidence": 0.9911,
    "regions": [
        {
            "x": 465,
            "y": 2267,
            "w": 47,
            "h": 67,
            "area": 2226,
            "ratio": 0.000171,
            "confidence": 0.9904
        },
        {
            "x": 1528,
            "y": 2433,
            "w": 8,
            "h": 22,
            "area": 161,
            "ratio": 1.2e-05,
            "confidence": 0.9698
        },
        {
            "x": 1505,
            "y": 2781,
            "w": 31,
            "h": 52,
            "area": 1370,
            "ratio": 0.000105,
            "confidence": 0.9841
        },
        {
            "x": 1732,
            "y": 2872,
            "w": 28,
            "h": 27,
            "area": 729,
            "ratio": 5.6e-05,
            "confidence": 0.9911
        }
    ]
}