{
    "id": "kriyam_0235_C2",
    "model": "FFDN",
    "confidence": 0.8589,
    "regions": [
        {
            "x": 1028,
            "y": 1009,
            "w": 49,
            "h": 15,
            "area": 614,
            "ratio": 0.000102,
            "confidence": 0.8067
        },
        {
            "x": 1821,
            "y": 1553,
            "w": 59,
            "h": 30,
            "area": 1158,
            "ratio": 0.000192,
            "confidence": 0.8589
        },
        {
            "x": 1806,
            "y": 1565,
            "w": 6,
            "h": 5,
            "area": 30,
            "ratio": 5e-06,
            "confidence": 0.7055
        },
        {
            "x": 1971,
            "y": 2858,
            "w": 11,
            "h": 5,
            "area": 55,
            "ratio": 9e-06,
            "confidence": 0.6909
        }
    ]
}