{
    "id": "kriyam_0257_C2",
    "model": "FFDN",
    "confidence": 0.9987,
    "regions": [
        {
            "x": 1892,
            "y": 656,
            "w": 22,
            "h": 32,
            "area": 657,
            "ratio": 0.000107,
            "confidence": 0.9987
        },
        {
            "x": 1182,
            "y": 2271,
            "w": 33,
            "h": 37,
            "area": 1109,
            "ratio": 0.000181,
            "confidence": 0.9917
        },
        {
            "x": 1265,
            "y": 2273,
            "w": 27,
            "h": 28,
            "area": 551,
            "ratio": 9e-05,
            "confidence": 0.9272
        },
        {
            "x": 1237,
            "y": 2278,
            "w": 14,
            "h": 14,
            "area": 159,
            "ratio": 2.6e-05,
            "confidence": 0.7446
        }
    ]
}