{
    "id": "kriyam_0158_C4",
    "model": "FFDN",
    "confidence": 1.0,
    "regions": [
        {
            "x": 1436,
            "y": 605,
            "w": 100,
            "h": 28,
            "area": 2112,
            "ratio": 0.000349,
            "confidence": 0.9954
        },
        {
            "x": 1405,
            "y": 617,
            "w": 19,
            "h": 14,
            "area": 172,
            "ratio": 2.8e-05,
            "confidence": 0.9361
        },
        {
            "x": 361,
            "y": 885,
            "w": 170,
            "h": 23,
            "area": 3636,
            "ratio": 0.0006,
            "confidence": 1.0
        },
        {
            "x": 1845,
            "y": 2153,
            "w": 119,
            "h": 94,
            "area": 7641,
            "ratio": 0.001262,
            "confidence": 1.0
        }
    ]
}