{
    "id": "kriyam_0564_C4",
    "model": "FFDN",
    "confidence": 0.9156,
    "regions": [
        {
            "x": 984,
            "y": 233,
            "w": 20,
            "h": 10,
            "area": 184,
            "ratio": 0.00015,
            "confidence": 0.9156
        },
        {
            "x": 1115,
            "y": 306,
            "w": 11,
            "h": 13,
            "area": 123,
            "ratio": 0.0001,
            "confidence": 0.8511
        },
        {
            "x": 1150,
            "y": 605,
            "w": 24,
            "h": 9,
            "area": 194,
            "ratio": 0.000158,
            "confidence": 0.9131
        }
    ]
}