{
    "id": "kriyam_0770_C2",
    "model": "FFDN",
    "confidence": 0.9023,
    "regions": [
        {
            "x": 470,
            "y": 1432,
            "w": 42,
            "h": 33,
            "area": 1093,
            "ratio": 0.000275,
            "confidence": 0.8658
        },
        {
            "x": 161,
            "y": 2048,
            "w": 49,
            "h": 19,
            "area": 597,
            "ratio": 0.00015,
            "confidence": 0.9023
        }
    ]
}