{
    "id": "kriyam_0318_C4",
    "model": "FFDN",
    "confidence": 0.9988,
    "regions": [
        {
            "x": 553,
            "y": 645,
            "w": 70,
            "h": 31,
            "area": 1980,
            "ratio": 0.000227,
            "confidence": 0.9781
        },
        {
            "x": 527,
            "y": 659,
            "w": 9,
            "h": 12,
            "area": 91,
            "ratio": 1e-05,
            "confidence": 0.7211
        },
        {
            "x": 1451,
            "y": 1073,
            "w": 73,
            "h": 38,
            "area": 2405,
            "ratio": 0.000276,
            "confidence": 0.9988
        }
    ]
}