{
    "id": "kriyam_0614_C0",
    "model": "FFDN",
    "confidence": 0.969,
    "regions": [
        {
            "x": 1449,
            "y": 489,
            "w": 39,
            "h": 23,
            "area": 866,
            "ratio": 0.000144,
            "confidence": 0.9328
        },
        {
            "x": 1503,
            "y": 490,
            "w": 33,
            "h": 22,
            "area": 621,
            "ratio": 0.000103,
            "confidence": 0.8422
        },
        {
            "x": 1424,
            "y": 561,
            "w": 7,
            "h": 19,
            "area": 132,
            "ratio": 2.2e-05,
            "confidence": 0.9444
        },
        {
            "x": 1753,
            "y": 1957,
            "w": 130,
            "h": 86,
            "area": 7075,
            "ratio": 0.001174,
            "confidence": 0.969
        }
    ]
}