{
    "id": "kriyam_0774_C0",
    "model": "FFDN",
    "confidence": 0.8407,
    "regions": [
        {
            "x": 919,
            "y": 1190,
            "w": 9,
            "h": 10,
            "area": 75,
            "ratio": 1.9e-05,
            "confidence": 0.7251
        },
        {
            "x": 553,
            "y": 1410,
            "w": 27,
            "h": 29,
            "area": 659,
            "ratio": 0.00017,
            "confidence": 0.8407
        },
        {
            "x": 483,
            "y": 1686,
            "w": 29,
            "h": 17,
            "area": 439,
            "ratio": 0.000114,
            "confidence": 0.7644
        }
    ]
}