{
    "id": "kriyam_0986_C4",
    "model": "FFDN",
    "confidence": 0.7967,
    "regions": [
        {
            "x": 269,
            "y": 498,
            "w": 12,
            "h": 14,
            "area": 118,
            "ratio": 0.000123,
            "confidence": 0.7575
        },
        {
            "x": 226,
            "y": 506,
            "w": 8,
            "h": 6,
            "area": 47,
            "ratio": 4.9e-05,
            "confidence": 0.6767
        },
        {
            "x": 423,
            "y": 782,
            "w": 43,
            "h": 16,
            "area": 571,
            "ratio": 0.000597,
            "confidence": 0.7663
        },
        {
            "x": 362,
            "y": 784,
            "w": 44,
            "h": 13,
            "area": 417,
            "ratio": 0.000436,
            "confidence": 0.7967
        }
    ]
}