{
    "id": "kriyam_0205_C2",
    "model": "FFDN",
    "confidence": 0.9997,
    "regions": [
        {
            "x": 633,
            "y": 933,
            "w": 18,
            "h": 34,
            "area": 609,
            "ratio": 0.000101,
            "confidence": 0.9908
        },
        {
            "x": 1209,
            "y": 964,
            "w": 6,
            "h": 17,
            "area": 89,
            "ratio": 1.5e-05,
            "confidence": 0.9054
        },
        {
            "x": 1790,
            "y": 1273,
            "w": 25,
            "h": 31,
            "area": 736,
            "ratio": 0.000122,
            "confidence": 0.9488
        },
        {
            "x": 1037,
            "y": 1329,
            "w": 142,
            "h": 34,
            "area": 4370,
            "ratio": 0.000724,
            "confidence": 0.9997
        }
    ]
}