{
    "id": "kriyam_0246_C0",
    "model": "FFDN",
    "confidence": 0.9874,
    "regions": [
        {
            "x": 478,
            "y": 446,
            "w": 9,
            "h": 5,
            "area": 45,
            "ratio": 7e-06,
            "confidence": 0.7959
        },
        {
            "x": 157,
            "y": 489,
            "w": 100,
            "h": 23,
            "area": 1823,
            "ratio": 0.000265,
            "confidence": 0.934
        },
        {
            "x": 1971,
            "y": 1453,
            "w": 28,
            "h": 29,
            "area": 766,
            "ratio": 0.000111,
            "confidence": 0.9874
        },
        {
            "x": 1785,
            "y": 2722,
            "w": 5,
            "h": 7,
            "area": 35,
            "ratio": 5e-06,
            "confidence": 0.7209
        }
    ]
}