{
    "id": "kriyam_0915_C2",
    "model": "FFDN",
    "confidence": 0.8543,
    "regions": [
        {
            "x": 755,
            "y": 537,
            "w": 22,
            "h": 14,
            "area": 177,
            "ratio": 0.00011,
            "confidence": 0.8543
        },
        {
            "x": 457,
            "y": 573,
            "w": 15,
            "h": 14,
            "area": 167,
            "ratio": 0.000103,
            "confidence": 0.842
        },
        {
            "x": 640,
            "y": 581,
            "w": 11,
            "h": 6,
            "area": 59,
            "ratio": 3.7e-05,
            "confidence": 0.7205
        }
    ]
}