{
    "id": "kriyam_0241_C0",
    "model": "FFDN",
    "confidence": 0.9933,
    "regions": [
        {
            "x": 376,
            "y": 164,
            "w": 32,
            "h": 29,
            "area": 859,
            "ratio": 0.001324,
            "confidence": 0.9933
        },
        {
            "x": 845,
            "y": 189,
            "w": 31,
            "h": 24,
            "area": 466,
            "ratio": 0.000718,
            "confidence": 0.9842
        },
        {
            "x": 893,
            "y": 189,
            "w": 22,
            "h": 11,
            "area": 185,
            "ratio": 0.000285,
            "confidence": 0.8859
        },
        {
            "x": 1031,
            "y": 189,
            "w": 24,
            "h": 26,
            "area": 297,
            "ratio": 0.000458,
            "confidence": 0.918
        }
    ]
}