{
    "id": "kriyam_0755_C2",
    "model": "FFDN",
    "confidence": 0.9205,
    "regions": [
        {
            "x": 797,
            "y": 361,
            "w": 47,
            "h": 18,
            "area": 455,
            "ratio": 0.000268,
            "confidence": 0.8448
        },
        {
            "x": 512,
            "y": 512,
            "w": 24,
            "h": 12,
            "area": 221,
            "ratio": 0.00013,
            "confidence": 0.878
        },
        {
            "x": 233,
            "y": 1405,
            "w": 110,
            "h": 19,
            "area": 1807,
            "ratio": 0.001063,
            "confidence": 0.9205
        }
    ]
}