{
    "id": "kriyam_0017_C4",
    "model": "FFDN",
    "confidence": 0.9999,
    "regions": [
        {
            "x": 1654,
            "y": 485,
            "w": 16,
            "h": 7,
            "area": 95,
            "ratio": 1.6e-05,
            "confidence": 0.9157
        },
        {
            "x": 197,
            "y": 608,
            "w": 146,
            "h": 32,
            "area": 4080,
            "ratio": 0.000675,
            "confidence": 0.9999
        },
        {
            "x": 1484,
            "y": 2843,
            "w": 22,
            "h": 18,
            "area": 230,
            "ratio": 3.8e-05,
            "confidence": 0.7704
        },
        {
            "x": 1337,
            "y": 2844,
            "w": 120,
            "h": 35,
            "area": 3427,
            "ratio": 0.000567,
            "confidence": 0.9767
        }
    ]
}