{
    "id": "kriyam_0680_C4",
    "model": "FFDN",
    "confidence": 0.9831,
    "regions": [
        {
            "x": 925,
            "y": 387,
            "w": 23,
            "h": 25,
            "area": 542,
            "ratio": 0.000143,
            "confidence": 0.9745
        },
        {
            "x": 332,
            "y": 1449,
            "w": 19,
            "h": 18,
            "area": 337,
            "ratio": 8.9e-05,
            "confidence": 0.9831
        },
        {
            "x": 1201,
            "y": 1786,
            "w": 45,
            "h": 33,
            "area": 1054,
            "ratio": 0.000278,
            "confidence": 0.9007
        }
    ]
}