{
    "id": "kriyam_0828_C2",
    "model": "FFDN",
    "confidence": 0.9402,
    "regions": [
        {
            "x": 297,
            "y": 446,
            "w": 21,
            "h": 8,
            "area": 128,
            "ratio": 0.000176,
            "confidence": 0.789
        },
        {
            "x": 341,
            "y": 452,
            "w": 11,
            "h": 7,
            "area": 71,
            "ratio": 9.8e-05,
            "confidence": 0.8354
        },
        {
            "x": 396,
            "y": 453,
            "w": 31,
            "h": 13,
            "area": 328,
            "ratio": 0.000451,
            "confidence": 0.9402
        }
    ]
}