{
    "id": "kriyam_0615_C2",
    "model": "FFDN",
    "confidence": 0.9898,
    "regions": [
        {
            "x": 512,
            "y": 577,
            "w": 316,
            "h": 18,
            "area": 3860,
            "ratio": 0.00201,
            "confidence": 0.9898
        },
        {
            "x": 849,
            "y": 577,
            "w": 54,
            "h": 14,
            "area": 660,
            "ratio": 0.000344,
            "confidence": 0.9091
        },
        {
            "x": 921,
            "y": 577,
            "w": 46,
            "h": 14,
            "area": 600,
            "ratio": 0.000313,
            "confidence": 0.8829
        }
    ]
}