{
    "id": "kriyam_0563_C0",
    "model": "FFDN",
    "confidence": 0.9998,
    "regions": [
        {
            "x": 129,
            "y": 305,
            "w": 28,
            "h": 14,
            "area": 306,
            "ratio": 0.000249,
            "confidence": 0.965
        },
        {
            "x": 721,
            "y": 841,
            "w": 18,
            "h": 14,
            "area": 171,
            "ratio": 0.000139,
            "confidence": 0.9761
        },
        {
            "x": 767,
            "y": 840,
            "w": 17,
            "h": 14,
            "area": 175,
            "ratio": 0.000142,
            "confidence": 0.946
        },
        {
            "x": 261,
            "y": 941,
            "w": 77,
            "h": 55,
            "area": 1609,
            "ratio": 0.001309,
            "confidence": 0.9998
        }
    ]
}