{
    "id": "kriyam_0272_C2",
    "model": "FFDN",
    "confidence": 0.9868,
    "regions": [
        {
            "x": 118,
            "y": 460,
            "w": 233,
            "h": 12,
            "area": 2694,
            "ratio": 0.002107,
            "confidence": 0.9868
        },
        {
            "x": 122,
            "y": 1115,
            "w": 137,
            "h": 36,
            "area": 3760,
            "ratio": 0.00294,
            "confidence": 0.9657
        },
        {
            "x": 266,
            "y": 1117,
            "w": 7,
            "h": 10,
            "area": 70,
            "ratio": 5.5e-05,
            "confidence": 0.7585
        },
        {
            "x": 788,
            "y": 1130,
            "w": 85,
            "h": 15,
            "area": 1086,
            "ratio": 0.000849,
            "confidence": 0.8974
        }
    ]
}