{
    "id": "kriyam_0999_C2",
    "model": "FFDN",
    "confidence": 0.7195,
    "regions": [
        {
            "x": 525,
            "y": 1009,
            "w": 16,
            "h": 15,
            "area": 213,
            "ratio": 0.000223,
            "confidence": 0.7191
        },
        {
            "x": 583,
            "y": 1054,
            "w": 5,
            "h": 5,
            "area": 25,
            "ratio": 2.6e-05,
            "confidence": 0.6681
        },
        {
            "x": 658,
            "y": 1094,
            "w": 10,
            "h": 18,
            "area": 170,
            "ratio": 0.000178,
            "confidence": 0.7195
        }
    ]
}