{
    "id": "kriyam_0130_C2",
    "model": "FFDN",
    "confidence": 0.9937,
    "regions": [
        {
            "x": 1454,
            "y": 1149,
            "w": 61,
            "h": 35,
            "area": 1876,
            "ratio": 0.000216,
            "confidence": 0.9655
        },
        {
            "x": 904,
            "y": 1404,
            "w": 97,
            "h": 40,
            "area": 3539,
            "ratio": 0.000407,
            "confidence": 0.9937
        },
        {
            "x": 765,
            "y": 2840,
            "w": 6,
            "h": 7,
            "area": 41,
            "ratio": 5e-06,
            "confidence": 0.7923
        }
    ]
}