{
    "id": "kriyam_0765_C2",
    "model": "FFDN",
    "confidence": 0.9299,
    "regions": [
        {
            "x": 849,
            "y": 469,
            "w": 27,
            "h": 17,
            "area": 262,
            "ratio": 0.000471,
            "confidence": 0.9299
        },
        {
            "x": 805,
            "y": 470,
            "w": 11,
            "h": 7,
            "area": 75,
            "ratio": 0.000135,
            "confidence": 0.928
        },
        {
            "x": 816,
            "y": 482,
            "w": 8,
            "h": 5,
            "area": 40,
            "ratio": 7.2e-05,
            "confidence": 0.9277
        }
    ]
}