{
    "id": "kriyam_0278_C2",
    "model": "FFDN",
    "confidence": 0.9499,
    "regions": [
        {
            "x": 322,
            "y": 941,
            "w": 85,
            "h": 15,
            "area": 1208,
            "ratio": 0.000683,
            "confidence": 0.916
        },
        {
            "x": 1045,
            "y": 1217,
            "w": 33,
            "h": 22,
            "area": 664,
            "ratio": 0.000375,
            "confidence": 0.9499
        },
        {
            "x": 1091,
            "y": 1231,
            "w": 13,
            "h": 6,
            "area": 68,
            "ratio": 3.8e-05,
            "confidence": 0.8359
        }
    ]
}