{
    "id": "kriyam_0216_C4",
    "model": "FFDN",
    "confidence": 0.8682,
    "regions": [
        {
            "x": 909,
            "y": 844,
            "w": 45,
            "h": 27,
            "area": 1176,
            "ratio": 0.000195,
            "confidence": 0.8682
        },
        {
            "x": 517,
            "y": 1236,
            "w": 63,
            "h": 19,
            "area": 821,
            "ratio": 0.000136,
            "confidence": 0.8029
        },
        {
            "x": 490,
            "y": 1246,
            "w": 6,
            "h": 8,
            "area": 47,
            "ratio": 8e-06,
            "confidence": 0.7528
        },
        {
            "x": 1873,
            "y": 2857,
            "w": 6,
            "h": 8,
            "area": 46,
            "ratio": 8e-06,
            "confidence": 0.7668
        }
    ]
}