{
    "id": "kriyam_0620_C0",
    "model": "FFDN",
    "confidence": 1.0,
    "regions": [
        {
            "x": 1616,
            "y": 421,
            "w": 7,
            "h": 18,
            "area": 111,
            "ratio": 1.8e-05,
            "confidence": 0.8865
        },
        {
            "x": 441,
            "y": 492,
            "w": 17,
            "h": 20,
            "area": 333,
            "ratio": 5.5e-05,
            "confidence": 0.9363
        },
        {
            "x": 877,
            "y": 804,
            "w": 147,
            "h": 27,
            "area": 3937,
            "ratio": 0.000652,
            "confidence": 0.9983
        },
        {
            "x": 1789,
            "y": 1543,
            "w": 138,
            "h": 68,
            "area": 8522,
            "ratio": 0.001411,
            "confidence": 1.0
        }
    ]
}