{
    "id": "kriyam_0793_C2",
    "model": "FFDN",
    "confidence": 0.9886,
    "regions": [
        {
            "x": 1024,
            "y": 221,
            "w": 66,
            "h": 22,
            "area": 1343,
            "ratio": 0.000347,
            "confidence": 0.9694
        },
        {
            "x": 840,
            "y": 476,
            "w": 53,
            "h": 19,
            "area": 940,
            "ratio": 0.000243,
            "confidence": 0.8975
        },
        {
            "x": 218,
            "y": 489,
            "w": 55,
            "h": 11,
            "area": 540,
            "ratio": 0.00014,
            "confidence": 0.8746
        },
        {
            "x": 825,
            "y": 2216,
            "w": 39,
            "h": 24,
            "area": 887,
            "ratio": 0.000229,
            "confidence": 0.9886
        }
    ]
}