{
    "id": "kriyam_0752_C4",
    "model": "FFDN",
    "confidence": 0.9992,
    "regions": [
        {
            "x": 750,
            "y": 1385,
            "w": 41,
            "h": 42,
            "area": 1679,
            "ratio": 0.001037,
            "confidence": 0.9992
        },
        {
            "x": 1024,
            "y": 1398,
            "w": 79,
            "h": 17,
            "area": 1073,
            "ratio": 0.000663,
            "confidence": 0.9245
        }
    ]
}