{
    "id": "kriyam_0274_C0",
    "model": "FFDN",
    "confidence": 0.9502,
    "regions": [
        {
            "x": 657,
            "y": 409,
            "w": 59,
            "h": 13,
            "area": 714,
            "ratio": 0.000606,
            "confidence": 0.9502
        },
        {
            "x": 96,
            "y": 917,
            "w": 33,
            "h": 9,
            "area": 246,
            "ratio": 0.000209,
            "confidence": 0.7812
        },
        {
            "x": 147,
            "y": 916,
            "w": 13,
            "h": 7,
            "area": 81,
            "ratio": 6.9e-05,
            "confidence": 0.7058
        }
    ]
}