{
    "id": "kriyam_0328_C0",
    "model": "FFDN",
    "confidence": 0.8879,
    "regions": [
        {
            "x": 402,
            "y": 1449,
            "w": 37,
            "h": 47,
            "area": 1285,
            "ratio": 0.000148,
            "confidence": 0.8879
        },
        {
            "x": 865,
            "y": 2076,
            "w": 47,
            "h": 37,
            "area": 1516,
            "ratio": 0.000174,
            "confidence": 0.8428
        }
    ]
}