{
    "id": "kriyam_0899_C0",
    "model": "FFDN",
    "confidence": 0.947,
    "regions": [
        {
            "x": 247,
            "y": 465,
            "w": 72,
            "h": 14,
            "area": 674,
            "ratio": 0.00032,
            "confidence": 0.947
        },
        {
            "x": 359,
            "y": 1219,
            "w": 10,
            "h": 7,
            "area": 63,
            "ratio": 3e-05,
            "confidence": 0.6853
        },
        {
            "x": 258,
            "y": 1364,
            "w": 117,
            "h": 20,
            "area": 2157,
            "ratio": 0.001025,
            "confidence": 0.8538
        },
        {
            "x": 1024,
            "y": 1448,
            "w": 39,
            "h": 24,
            "area": 864,
            "ratio": 0.000411,
            "confidence": 0.9142
        }
    ]
}