{
    "id": "kriyam_0630_C0",
    "model": "FFDN",
    "confidence": 0.999,
    "regions": [
        {
            "x": 629,
            "y": 449,
            "w": 32,
            "h": 30,
            "area": 801,
            "ratio": 0.000132,
            "confidence": 0.9972
        },
        {
            "x": 675,
            "y": 452,
            "w": 77,
            "h": 26,
            "area": 1667,
            "ratio": 0.000274,
            "confidence": 0.9847
        },
        {
            "x": 1024,
            "y": 589,
            "w": 82,
            "h": 38,
            "area": 2746,
            "ratio": 0.000452,
            "confidence": 0.999
        },
        {
            "x": 670,
            "y": 2137,
            "w": 120,
            "h": 38,
            "area": 3608,
            "ratio": 0.000593,
            "confidence": 0.9945
        }
    ]
}