{
    "id": "kriyam_0288_C2",
    "model": "FFDN",
    "confidence": 0.9624,
    "regions": [
        {
            "x": 302,
            "y": 452,
            "w": 29,
            "h": 15,
            "area": 335,
            "ratio": 0.000195,
            "confidence": 0.9624
        },
        {
            "x": 191,
            "y": 677,
            "w": 184,
            "h": 21,
            "area": 3195,
            "ratio": 0.001861,
            "confidence": 0.9314
        },
        {
            "x": 664,
            "y": 833,
            "w": 15,
            "h": 14,
            "area": 130,
            "ratio": 7.6e-05,
            "confidence": 0.8611
        },
        {
            "x": 640,
            "y": 834,
            "w": 12,
            "h": 13,
            "area": 125,
            "ratio": 7.3e-05,
            "confidence": 0.7429
        }
    ]
}