{
    "id": "kriyam_0209_C0",
    "model": "FFDN",
    "confidence": 1.0,
    "regions": [
        {
            "x": 537,
            "y": 585,
            "w": 279,
            "h": 122,
            "area": 16835,
            "ratio": 0.002794,
            "confidence": 1.0
        },
        {
            "x": 1024,
            "y": 701,
            "w": 483,
            "h": 61,
            "area": 22625,
            "ratio": 0.003755,
            "confidence": 1.0
        },
        {
            "x": 764,
            "y": 901,
            "w": 82,
            "h": 30,
            "area": 1635,
            "ratio": 0.000271,
            "confidence": 0.9746
        },
        {
            "x": 866,
            "y": 902,
            "w": 42,
            "h": 29,
            "area": 594,
            "ratio": 9.9e-05,
            "confidence": 0.8745
        }
    ]
}