{
    "id": "kriyam_0321_C2",
    "model": "FFDN",
    "confidence": 0.9942,
    "regions": [
        {
            "x": 1454,
            "y": 1149,
            "w": 60,
            "h": 35,
            "area": 1771,
            "ratio": 0.000203,
            "confidence": 0.9632
        },
        {
            "x": 904,
            "y": 1404,
            "w": 97,
            "h": 40,
            "area": 3533,
            "ratio": 0.000406,
            "confidence": 0.9942
        },
        {
            "x": 765,
            "y": 2840,
            "w": 6,
            "h": 7,
            "area": 41,
            "ratio": 5e-06,
            "confidence": 0.7931
        },
        {
            "x": 101,
            "y": 3102,
            "w": 19,
            "h": 30,
            "area": 503,
            "ratio": 5.8e-05,
            "confidence": 0.9454
        }
    ]
}