{
    "id": "kriyam_0264_C4",
    "model": "FFDN",
    "confidence": 0.9363,
    "regions": [
        {
            "x": 893,
            "y": 481,
            "w": 131,
            "h": 14,
            "area": 1390,
            "ratio": 0.000804,
            "confidence": 0.9363
        },
        {
            "x": 344,
            "y": 870,
            "w": 92,
            "h": 17,
            "area": 1375,
            "ratio": 0.000795,
            "confidence": 0.8833
        }
    ]
}