{
    "id": "kriyam_0777_C0",
    "model": "FFDN",
    "confidence": 0.9739,
    "regions": [
        {
            "x": 1536,
            "y": 429,
            "w": 31,
            "h": 30,
            "area": 796,
            "ratio": 0.0002,
            "confidence": 0.9637
        },
        {
            "x": 1536,
            "y": 1489,
            "w": 31,
            "h": 34,
            "area": 1003,
            "ratio": 0.000252,
            "confidence": 0.9454
        },
        {
            "x": 1536,
            "y": 1785,
            "w": 50,
            "h": 29,
            "area": 1347,
            "ratio": 0.000338,
            "confidence": 0.9739
        }
    ]
}