{
    "id": "kriyam_0854_C4",
    "model": "FFDN",
    "confidence": 0.9591,
    "regions": [
        {
            "x": 666,
            "y": 81,
            "w": 24,
            "h": 14,
            "area": 332,
            "ratio": 0.000342,
            "confidence": 0.8857
        },
        {
            "x": 425,
            "y": 1097,
            "w": 55,
            "h": 14,
            "area": 627,
            "ratio": 0.000646,
            "confidence": 0.9465
        },
        {
            "x": 173,
            "y": 1100,
            "w": 171,
            "h": 12,
            "area": 1678,
            "ratio": 0.001728,
            "confidence": 0.9287
        },
        {
            "x": 357,
            "y": 1100,
            "w": 55,
            "h": 11,
            "area": 593,
            "ratio": 0.000611,
            "confidence": 0.9591
        }
    ]
}