{
    "id": "kriyam_0237_C4",
    "model": "FFDN",
    "confidence": 0.9784,
    "regions": [
        {
            "x": 1024,
            "y": 385,
            "w": 77,
            "h": 73,
            "area": 3538,
            "ratio": 0.001837,
            "confidence": 0.9784
        },
        {
            "x": 310,
            "y": 401,
            "w": 57,
            "h": 15,
            "area": 642,
            "ratio": 0.000333,
            "confidence": 0.8562
        }
    ]
}