{
    "id": "kriyam_0445_C4",
    "model": "FFDN",
    "confidence": 0.9893,
    "regions": [
        {
            "x": 465,
            "y": 1086,
            "w": 47,
            "h": 37,
            "area": 1552,
            "ratio": 0.000178,
            "confidence": 0.9893
        },
        {
            "x": 341,
            "y": 1477,
            "w": 91,
            "h": 34,
            "area": 2598,
            "ratio": 0.000299,
            "confidence": 0.9773
        },
        {
            "x": 289,
            "y": 1485,
            "w": 9,
            "h": 8,
            "area": 56,
            "ratio": 6e-06,
            "confidence": 0.754
        },
        {
            "x": 2048,
            "y": 3043,
            "w": 26,
            "h": 29,
            "area": 445,
            "ratio": 5.1e-05,
            "confidence": 0.9408
        }
    ]
}