{
    "id": "kriyam_0863_C0",
    "model": "FFDN",
    "confidence": 0.878,
    "regions": [
        {
            "x": 724,
            "y": 875,
            "w": 31,
            "h": 20,
            "area": 556,
            "ratio": 0.000149,
            "confidence": 0.766
        },
        {
            "x": 234,
            "y": 1502,
            "w": 25,
            "h": 34,
            "area": 698,
            "ratio": 0.000187,
            "confidence": 0.878
        },
        {
            "x": 418,
            "y": 1863,
            "w": 17,
            "h": 13,
            "area": 183,
            "ratio": 4.9e-05,
            "confidence": 0.7577
        }
    ]
}