{
    "id": "kriyam_0053_C4",
    "model": "FFDN",
    "confidence": 0.9532,
    "regions": [
        {
            "x": 984,
            "y": 1057,
            "w": 14,
            "h": 13,
            "area": 138,
            "ratio": 1.6e-05,
            "confidence": 0.7242
        },
        {
            "x": 293,
            "y": 1349,
            "w": 63,
            "h": 69,
            "area": 3352,
            "ratio": 0.000385,
            "confidence": 0.9388
        },
        {
            "x": 254,
            "y": 1600,
            "w": 17,
            "h": 26,
            "area": 372,
            "ratio": 4.3e-05,
            "confidence": 0.8265
        },
        {
            "x": 1401,
            "y": 1614,
            "w": 23,
            "h": 49,
            "area": 884,
            "ratio": 0.000102,
            "confidence": 0.9532
        }
    ]
}