{
    "id": "kriyam_0556_C2",
    "model": "FFDN",
    "confidence": 0.9805,
    "regions": [
        {
            "x": 584,
            "y": 481,
            "w": 35,
            "h": 24,
            "area": 731,
            "ratio": 0.000595,
            "confidence": 0.9771
        },
        {
            "x": 630,
            "y": 481,
            "w": 34,
            "h": 26,
            "area": 648,
            "ratio": 0.000527,
            "confidence": 0.9805
        },
        {
            "x": 604,
            "y": 1017,
            "w": 15,
            "h": 7,
            "area": 99,
            "ratio": 8.1e-05,
            "confidence": 0.9086
        },
        {
            "x": 341,
            "y": 1027,
            "w": 32,
            "h": 26,
            "area": 572,
            "ratio": 0.000465,
            "confidence": 0.9658
        }
    ]
}