{
    "id": "kriyam_0525_C2",
    "model": "FFDN",
    "confidence": 0.9925,
    "regions": [
        {
            "x": 1368,
            "y": 718,
            "w": 108,
            "h": 36,
            "area": 3558,
            "ratio": 0.000589,
            "confidence": 0.9925
        },
        {
            "x": 441,
            "y": 880,
            "w": 71,
            "h": 30,
            "area": 1715,
            "ratio": 0.000284,
            "confidence": 0.9001
        },
        {
            "x": 129,
            "y": 891,
            "w": 8,
            "h": 21,
            "area": 134,
            "ratio": 2.2e-05,
            "confidence": 0.8454
        },
        {
            "x": 441,
            "y": 926,
            "w": 71,
            "h": 37,
            "area": 1622,
            "ratio": 0.000268,
            "confidence": 0.8749
        }
    ]
}