{
    "id": "kriyam_0057_C4",
    "model": "FFDN",
    "confidence": 0.965,
    "regions": [
        {
            "x": 1080,
            "y": 1444,
            "w": 68,
            "h": 13,
            "area": 752,
            "ratio": 0.000346,
            "confidence": 0.965
        },
        {
            "x": 1166,
            "y": 1446,
            "w": 40,
            "h": 12,
            "area": 435,
            "ratio": 0.0002,
            "confidence": 0.7518
        },
        {
            "x": 351,
            "y": 1666,
            "w": 75,
            "h": 33,
            "area": 1366,
            "ratio": 0.000628,
            "confidence": 0.8068
        }
    ]
}