{
    "id": "kriyam_0760_C0",
    "model": "FFDN",
    "confidence": 0.9915,
    "regions": [
        {
            "x": 817,
            "y": 33,
            "w": 13,
            "h": 34,
            "area": 326,
            "ratio": 0.000215,
            "confidence": 0.9688
        },
        {
            "x": 841,
            "y": 33,
            "w": 55,
            "h": 34,
            "area": 1247,
            "ratio": 0.000822,
            "confidence": 0.9915
        },
        {
            "x": 953,
            "y": 36,
            "w": 18,
            "h": 7,
            "area": 115,
            "ratio": 7.6e-05,
            "confidence": 0.8421
        },
        {
            "x": 992,
            "y": 61,
            "w": 7,
            "h": 10,
            "area": 66,
            "ratio": 4.3e-05,
            "confidence": 0.9503
        }
    ]
}