{
    "id": "kriyam_0127_C4",
    "model": "FFDN",
    "confidence": 0.9988,
    "regions": [
        {
            "x": 557,
            "y": 645,
            "w": 66,
            "h": 30,
            "area": 1623,
            "ratio": 0.000186,
            "confidence": 0.977
        },
        {
            "x": 1451,
            "y": 1073,
            "w": 73,
            "h": 38,
            "area": 2405,
            "ratio": 0.000276,
            "confidence": 0.9988
        },
        {
            "x": 2236,
            "y": 3030,
            "w": 152,
            "h": 42,
            "area": 4313,
            "ratio": 0.000496,
            "confidence": 0.9878
        }
    ]
}