{
    "id": "kriyam_0136_C4",
    "model": "FFDN",
    "confidence": 0.957,
    "regions": [
        {
            "x": 1481,
            "y": 848,
            "w": 55,
            "h": 63,
            "area": 2298,
            "ratio": 0.000264,
            "confidence": 0.9266
        },
        {
            "x": 1665,
            "y": 869,
            "w": 5,
            "h": 5,
            "area": 25,
            "ratio": 3e-06,
            "confidence": 0.743
        },
        {
            "x": 2048,
            "y": 1149,
            "w": 67,
            "h": 41,
            "area": 2208,
            "ratio": 0.000254,
            "confidence": 0.957
        },
        {
            "x": 1445,
            "y": 2735,
            "w": 50,
            "h": 36,
            "area": 1513,
            "ratio": 0.000174,
            "confidence": 0.9217
        }
    ]
}