{
    "id": "kriyam_0064_C4",
    "model": "FFDN",
    "confidence": 0.9496,
    "regions": [
        {
            "x": 258,
            "y": 1684,
            "w": 14,
            "h": 14,
            "area": 166,
            "ratio": 1.9e-05,
            "confidence": 0.8436
        },
        {
            "x": 399,
            "y": 2531,
            "w": 113,
            "h": 29,
            "area": 2433,
            "ratio": 0.00028,
            "confidence": 0.917
        },
        {
            "x": 521,
            "y": 2594,
            "w": 31,
            "h": 37,
            "area": 901,
            "ratio": 0.000104,
            "confidence": 0.8596
        },
        {
            "x": 596,
            "y": 2597,
            "w": 28,
            "h": 37,
            "area": 768,
            "ratio": 8.8e-05,
            "confidence": 0.9496
        }
    ]
}