{
    "id": "kriyam_0563_C2",
    "model": "FFDN",
    "confidence": 0.9934,
    "regions": [
        {
            "x": 721,
            "y": 840,
            "w": 11,
            "h": 14,
            "area": 120,
            "ratio": 9.8e-05,
            "confidence": 0.9549
        },
        {
            "x": 297,
            "y": 941,
            "w": 31,
            "h": 34,
            "area": 715,
            "ratio": 0.000582,
            "confidence": 0.9899
        },
        {
            "x": 299,
            "y": 1079,
            "w": 44,
            "h": 19,
            "area": 472,
            "ratio": 0.000384,
            "confidence": 0.9934
        }
    ]
}