{
    "id": "kriyam_0930_C2",
    "model": "FFDN",
    "confidence": 0.9493,
    "regions": [
        {
            "x": 201,
            "y": 465,
            "w": 309,
            "h": 26,
            "area": 3921,
            "ratio": 0.002529,
            "confidence": 0.9493
        },
        {
            "x": 476,
            "y": 915,
            "w": 21,
            "h": 12,
            "area": 179,
            "ratio": 0.000115,
            "confidence": 0.9125
        }
    ]
}