{
    "id": "kriyam_0897_C2",
    "model": "FFDN",
    "confidence": 0.8701,
    "regions": [
        {
            "x": 901,
            "y": 337,
            "w": 22,
            "h": 14,
            "area": 212,
            "ratio": 0.000101,
            "confidence": 0.8222
        },
        {
            "x": 553,
            "y": 525,
            "w": 106,
            "h": 15,
            "area": 1289,
            "ratio": 0.000613,
            "confidence": 0.8701
        },
        {
            "x": 361,
            "y": 533,
            "w": 12,
            "h": 9,
            "area": 105,
            "ratio": 5e-05,
            "confidence": 0.766
        },
        {
            "x": 409,
            "y": 532,
            "w": 25,
            "h": 6,
            "area": 133,
            "ratio": 6.3e-05,
            "confidence": 0.7261
        }
    ]
}