{
    "id": "kriyam_0843_C2",
    "model": "FFDN",
    "confidence": 0.9345,
    "regions": [
        {
            "x": 702,
            "y": 471,
            "w": 33,
            "h": 11,
            "area": 264,
            "ratio": 0.000125,
            "confidence": 0.7349
        },
        {
            "x": 281,
            "y": 550,
            "w": 61,
            "h": 13,
            "area": 494,
            "ratio": 0.000235,
            "confidence": 0.8839
        },
        {
            "x": 1092,
            "y": 611,
            "w": 7,
            "h": 13,
            "area": 90,
            "ratio": 4.3e-05,
            "confidence": 0.9345
        }
    ]
}