{
    "id": "kriyam_0968_C2",
    "model": "FFDN",
    "confidence": 0.8513,
    "regions": [
        {
            "x": 549,
            "y": 818,
            "w": 45,
            "h": 21,
            "area": 787,
            "ratio": 0.000823,
            "confidence": 0.8513
        },
        {
            "x": 570,
            "y": 1150,
            "w": 76,
            "h": 20,
            "area": 960,
            "ratio": 0.001004,
            "confidence": 0.7567
        }
    ]
}