{
    "id": "kriyam_0484_C0",
    "model": "FFDN",
    "confidence": 0.9892,
    "regions": [
        {
            "x": 2088,
            "y": 1425,
            "w": 9,
            "h": 8,
            "area": 64,
            "ratio": 8e-06,
            "confidence": 0.7416
        },
        {
            "x": 458,
            "y": 2208,
            "w": 54,
            "h": 30,
            "area": 1120,
            "ratio": 0.000141,
            "confidence": 0.8446
        },
        {
            "x": 1102,
            "y": 2357,
            "w": 5,
            "h": 5,
            "area": 25,
            "ratio": 3e-06,
            "confidence": 0.8584
        },
        {
            "x": 1161,
            "y": 3137,
            "w": 63,
            "h": 27,
            "area": 1626,
            "ratio": 0.000205,
            "confidence": 0.9892
        }
    ]
}