{
    "id": "kriyam_1021_C2",
    "model": "FFDN",
    "confidence": 0.7914,
    "regions": [
        {
            "x": 333,
            "y": 1129,
            "w": 26,
            "h": 6,
            "area": 137,
            "ratio": 0.000143,
            "confidence": 0.7914
        },
        {
            "x": 371,
            "y": 1129,
            "w": 12,
            "h": 14,
            "area": 144,
            "ratio": 0.000151,
            "confidence": 0.7065
        },
        {
            "x": 394,
            "y": 1137,
            "w": 5,
            "h": 5,
            "area": 25,
            "ratio": 2.6e-05,
            "confidence": 0.7267
        }
    ]
}