{
    "id": "kriyam_0179_C4",
    "model": "FFDN",
    "confidence": 1.0,
    "regions": [
        {
            "x": 1460,
            "y": 833,
            "w": 19,
            "h": 26,
            "area": 492,
            "ratio": 8.1e-05,
            "confidence": 0.9272
        },
        {
            "x": 105,
            "y": 901,
            "w": 194,
            "h": 26,
            "area": 4482,
            "ratio": 0.000742,
            "confidence": 1.0
        },
        {
            "x": 418,
            "y": 1053,
            "w": 157,
            "h": 30,
            "area": 4665,
            "ratio": 0.000772,
            "confidence": 1.0
        },
        {
            "x": 1728,
            "y": 1069,
            "w": 165,
            "h": 30,
            "area": 4910,
            "ratio": 0.000813,
            "confidence": 1.0
        }
    ]
}