{
    "id": "kriyam_0633_C2",
    "model": "FFDN",
    "confidence": 0.9999,
    "regions": [
        {
            "x": 1616,
            "y": 303,
            "w": 91,
            "h": 22,
            "area": 1886,
            "ratio": 0.000312,
            "confidence": 0.9999
        },
        {
            "x": 1793,
            "y": 2169,
            "w": 122,
            "h": 106,
            "area": 7190,
            "ratio": 0.00119,
            "confidence": 0.9998
        },
        {
            "x": 1829,
            "y": 2715,
            "w": 14,
            "h": 22,
            "area": 308,
            "ratio": 5.1e-05,
            "confidence": 0.9217
        }
    ]
}