{
    "id": "kriyam_0646_C4",
    "model": "FFDN",
    "confidence": 0.9997,
    "regions": [
        {
            "x": 1323,
            "y": 1793,
            "w": 22,
            "h": 20,
            "area": 382,
            "ratio": 6.3e-05,
            "confidence": 0.9237
        },
        {
            "x": 668,
            "y": 2447,
            "w": 177,
            "h": 61,
            "area": 7164,
            "ratio": 0.001186,
            "confidence": 0.9954
        },
        {
            "x": 1793,
            "y": 2560,
            "w": 116,
            "h": 38,
            "area": 3965,
            "ratio": 0.000656,
            "confidence": 0.9997
        },
        {
            "x": 197,
            "y": 2601,
            "w": 18,
            "h": 25,
            "area": 445,
            "ratio": 7.4e-05,
            "confidence": 0.8992
        }
    ]
}