{
    "id": "kriyam_0706_C4",
    "model": "FFDN",
    "confidence": 0.8829,
    "regions": [
        {
            "x": 569,
            "y": 901,
            "w": 19,
            "h": 22,
            "area": 356,
            "ratio": 0.000472,
            "confidence": 0.8829
        },
        {
            "x": 620,
            "y": 905,
            "w": 23,
            "h": 21,
            "area": 282,
            "ratio": 0.000374,
            "confidence": 0.7894
        },
        {
            "x": 663,
            "y": 919,
            "w": 8,
            "h": 8,
            "area": 54,
            "ratio": 7.2e-05,
            "confidence": 0.8046
        }
    ]
}