{
    "id": "kriyam_0733_C4",
    "model": "FFDN",
    "confidence": 0.9825,
    "regions": [
        {
            "x": 380,
            "y": 923,
            "w": 18,
            "h": 36,
            "area": 593,
            "ratio": 7e-05,
            "confidence": 0.9681
        },
        {
            "x": 345,
            "y": 1849,
            "w": 50,
            "h": 38,
            "area": 1896,
            "ratio": 0.000225,
            "confidence": 0.9825
        },
        {
            "x": 1552,
            "y": 2769,
            "w": 55,
            "h": 30,
            "area": 1179,
            "ratio": 0.00014,
            "confidence": 0.8355
        },
        {
            "x": 2081,
            "y": 2926,
            "w": 50,
            "h": 27,
            "area": 920,
            "ratio": 0.000109,
            "confidence": 0.9524
        }
    ]
}