{
    "id": "kriyam_0063_C2",
    "model": "FFDN",
    "confidence": 0.9668,
    "regions": [
        {
            "x": 1501,
            "y": 1365,
            "w": 35,
            "h": 51,
            "area": 1529,
            "ratio": 0.000176,
            "confidence": 0.9668
        },
        {
            "x": 1504,
            "y": 1582,
            "w": 26,
            "h": 36,
            "area": 843,
            "ratio": 9.7e-05,
            "confidence": 0.865
        },
        {
            "x": 516,
            "y": 2172,
            "w": 83,
            "h": 24,
            "area": 1633,
            "ratio": 0.000188,
            "confidence": 0.9553
        },
        {
            "x": 881,
            "y": 3025,
            "w": 38,
            "h": 43,
            "area": 1162,
            "ratio": 0.000134,
            "confidence": 0.9504
        }
    ]
}