{
    "id": "kriyam_0771_C0",
    "model": "FFDN",
    "confidence": 0.9892,
    "regions": [
        {
            "x": 1155,
            "y": 284,
            "w": 18,
            "h": 22,
            "area": 289,
            "ratio": 7.3e-05,
            "confidence": 0.7509
        },
        {
            "x": 469,
            "y": 389,
            "w": 43,
            "h": 35,
            "area": 1424,
            "ratio": 0.000358,
            "confidence": 0.9761
        },
        {
            "x": 273,
            "y": 845,
            "w": 23,
            "h": 30,
            "area": 669,
            "ratio": 0.000168,
            "confidence": 0.9892
        },
        {
            "x": 1015,
            "y": 1607,
            "w": 9,
            "h": 16,
            "area": 100,
            "ratio": 2.5e-05,
            "confidence": 0.7855
        }
    ]
}