{
    "id": "kriyam_0895_C4",
    "model": "FFDN",
    "confidence": 0.9531,
    "regions": [
        {
            "x": 328,
            "y": 362,
            "w": 29,
            "h": 21,
            "area": 382,
            "ratio": 0.000182,
            "confidence": 0.8366
        },
        {
            "x": 292,
            "y": 457,
            "w": 59,
            "h": 25,
            "area": 962,
            "ratio": 0.000457,
            "confidence": 0.9531
        },
        {
            "x": 269,
            "y": 468,
            "w": 9,
            "h": 7,
            "area": 61,
            "ratio": 2.9e-05,
            "confidence": 0.7247
        }
    ]
}