{
    "id": "kriyam_0108_C0",
    "model": "FFDN",
    "confidence": 0.9354,
    "regions": [
        {
            "x": 2058,
            "y": 3072,
            "w": 36,
            "h": 31,
            "area": 987,
            "ratio": 0.000113,
            "confidence": 0.9354
        },
        {
            "x": 1844,
            "y": 3219,
            "w": 95,
            "h": 46,
            "area": 3355,
            "ratio": 0.000386,
            "confidence": 0.8895
        },
        {
            "x": 1968,
            "y": 3226,
            "w": 26,
            "h": 37,
            "area": 635,
            "ratio": 7.3e-05,
            "confidence": 0.8522
        }
    ]
}