{
    "id": "kriyam_0255_C2",
    "model": "FFDN",
    "confidence": 1.0,
    "regions": [
        {
            "x": 1405,
            "y": 601,
            "w": 16,
            "h": 16,
            "area": 234,
            "ratio": 3.9e-05,
            "confidence": 0.8718
        },
        {
            "x": 504,
            "y": 1091,
            "w": 8,
            "h": 6,
            "area": 45,
            "ratio": 7e-06,
            "confidence": 0.7377
        },
        {
            "x": 1884,
            "y": 1445,
            "w": 41,
            "h": 26,
            "area": 1036,
            "ratio": 0.000172,
            "confidence": 0.9967
        },
        {
            "x": 899,
            "y": 1536,
            "w": 125,
            "h": 31,
            "area": 3614,
            "ratio": 0.000599,
            "confidence": 1.0
        }
    ]
}