{
    "id": "kriyam_0209_C2",
    "model": "FFDN",
    "confidence": 0.9981,
    "regions": [
        {
            "x": 554,
            "y": 654,
            "w": 173,
            "h": 53,
            "area": 5357,
            "ratio": 0.000889,
            "confidence": 0.9966
        },
        {
            "x": 1126,
            "y": 705,
            "w": 376,
            "h": 58,
            "area": 15214,
            "ratio": 0.002525,
            "confidence": 0.9981
        }
    ]
}