{
    "id": "kriyam_0372_C0",
    "model": "FFDN",
    "confidence": 0.9109,
    "regions": [
        {
            "x": 474,
            "y": 1909,
            "w": 20,
            "h": 9,
            "area": 129,
            "ratio": 1.5e-05,
            "confidence": 0.7959
        },
        {
            "x": 746,
            "y": 1987,
            "w": 51,
            "h": 37,
            "area": 936,
            "ratio": 0.000108,
            "confidence": 0.8752
        },
        {
            "x": 1780,
            "y": 2013,
            "w": 55,
            "h": 26,
            "area": 984,
            "ratio": 0.000113,
            "confidence": 0.9109
        }
    ]
}