{
    "id": "kriyam_0842_C2",
    "model": "FFDN",
    "confidence": 0.808,
    "regions": [
        {
            "x": 380,
            "y": 573,
            "w": 10,
            "h": 35,
            "area": 260,
            "ratio": 0.000124,
            "confidence": 0.8076
        },
        {
            "x": 378,
            "y": 629,
            "w": 13,
            "h": 41,
            "area": 332,
            "ratio": 0.000158,
            "confidence": 0.808
        },
        {
            "x": 708,
            "y": 788,
            "w": 34,
            "h": 14,
            "area": 313,
            "ratio": 0.000149,
            "confidence": 0.7556
        }
    ]
}