{
    "id": "kriyam_0749_C4",
    "model": "FFDN",
    "confidence": 0.996,
    "regions": [
        {
            "x": 109,
            "y": 496,
            "w": 41,
            "h": 11,
            "area": 420,
            "ratio": 0.000243,
            "confidence": 0.9217
        },
        {
            "x": 70,
            "y": 798,
            "w": 349,
            "h": 20,
            "area": 3838,
            "ratio": 0.002221,
            "confidence": 0.996
        },
        {
            "x": 191,
            "y": 861,
            "w": 18,
            "h": 6,
            "area": 106,
            "ratio": 6.1e-05,
            "confidence": 0.8079
        }
    ]
}