{
    "id": "kriyam_1021_C4",
    "model": "FFDN",
    "confidence": 0.8861,
    "regions": [
        {
            "x": 192,
            "y": 1126,
            "w": 104,
            "h": 24,
            "area": 1615,
            "ratio": 0.001689,
            "confidence": 0.8644
        },
        {
            "x": 81,
            "y": 1128,
            "w": 15,
            "h": 16,
            "area": 207,
            "ratio": 0.000216,
            "confidence": 0.8861
        },
        {
            "x": 116,
            "y": 1133,
            "w": 13,
            "h": 10,
            "area": 128,
            "ratio": 0.000134,
            "confidence": 0.8312
        }
    ]
}