{
    "id": "kriyam_0328_C2",
    "model": "FFDN",
    "confidence": 0.9581,
    "regions": [
        {
            "x": 481,
            "y": 1440,
            "w": 22,
            "h": 25,
            "area": 441,
            "ratio": 5.1e-05,
            "confidence": 0.8447
        },
        {
            "x": 401,
            "y": 1445,
            "w": 45,
            "h": 52,
            "area": 1978,
            "ratio": 0.000227,
            "confidence": 0.9581
        },
        {
            "x": 866,
            "y": 2077,
            "w": 43,
            "h": 33,
            "area": 1191,
            "ratio": 0.000137,
            "confidence": 0.7844
        }
    ]
}