{
    "id": "kriyam_0297_C2",
    "model": "FFDN",
    "confidence": 0.8855,
    "regions": [
        {
            "x": 1056,
            "y": 337,
            "w": 40,
            "h": 14,
            "area": 422,
            "ratio": 0.000113,
            "confidence": 0.8403
        },
        {
            "x": 1130,
            "y": 341,
            "w": 5,
            "h": 9,
            "area": 45,
            "ratio": 1.2e-05,
            "confidence": 0.7566
        },
        {
            "x": 338,
            "y": 1132,
            "w": 102,
            "h": 15,
            "area": 1112,
            "ratio": 0.000297,
            "confidence": 0.8855
        }
    ]
}