{
    "id": "kriyam_0288_C0",
    "model": "FFDN",
    "confidence": 0.9745,
    "regions": [
        {
            "x": 304,
            "y": 454,
            "w": 27,
            "h": 13,
            "area": 321,
            "ratio": 0.000187,
            "confidence": 0.9745
        },
        {
            "x": 264,
            "y": 681,
            "w": 29,
            "h": 14,
            "area": 352,
            "ratio": 0.000205,
            "confidence": 0.7351
        },
        {
            "x": 316,
            "y": 683,
            "w": 47,
            "h": 12,
            "area": 454,
            "ratio": 0.000264,
            "confidence": 0.7609
        }
    ]
}