{
    "id": "kriyam_0481_C2",
    "model": "FFDN",
    "confidence": 0.9907,
    "regions": [
        {
            "x": 2137,
            "y": 2618,
            "w": 102,
            "h": 33,
            "area": 2287,
            "ratio": 0.000289,
            "confidence": 0.8683
        },
        {
            "x": 2083,
            "y": 2627,
            "w": 40,
            "h": 12,
            "area": 412,
            "ratio": 5.2e-05,
            "confidence": 0.7975
        },
        {
            "x": 1633,
            "y": 3102,
            "w": 36,
            "h": 19,
            "area": 517,
            "ratio": 6.5e-05,
            "confidence": 0.8356
        },
        {
            "x": 1161,
            "y": 3137,
            "w": 65,
            "h": 27,
            "area": 1742,
            "ratio": 0.00022,
            "confidence": 0.9907
        }
    ]
}