{
    "id": "kriyam_0411_C4",
    "model": "FFDN",
    "confidence": 0.9928,
    "regions": [
        {
            "x": 2125,
            "y": 1103,
            "w": 21,
            "h": 52,
            "area": 970,
            "ratio": 0.000111,
            "confidence": 0.944
        },
        {
            "x": 1525,
            "y": 1456,
            "w": 11,
            "h": 29,
            "area": 298,
            "ratio": 3.4e-05,
            "confidence": 0.8394
        },
        {
            "x": 649,
            "y": 2460,
            "w": 54,
            "h": 43,
            "area": 2105,
            "ratio": 0.000242,
            "confidence": 0.9928
        },
        {
            "x": 1186,
            "y": 2555,
            "w": 5,
            "h": 5,
            "area": 25,
            "ratio": 3e-06,
            "confidence": 0.8781
        }
    ]
}