{
    "id": "kriyam_0866_C0",
    "model": "DTD",
    "is_authentic": true,
    "is_ai_generated": false,
    "confidence": 0.57177734375,
    "regions": [
        {
            "x": 1605,
            "y": 1523,
            "w": 23,
            "h": 13,
            "area": 225,
            "area_ratio": 6.030231560891938e-05,
            "confidence": 0.5673828125
        }
    ]
}