{
    "id": "kriyam_0156_C2",
    "model": "DTD",
    "is_authentic": true,
    "is_ai_generated": false,
    "confidence": 0.90625,
    "regions": [
        {
            "x": 650,
            "y": 463,
            "w": 3,
            "h": 3,
            "area": 9,
            "area_ratio": 1.4933099713284485e-06,
            "confidence": 0.56298828125
        },
        {
            "x": 1536,
            "y": 512,
            "w": 183,
            "h": 28,
            "area": 4705,
            "area_ratio": 0.0007806692683444834,
            "confidence": 0.90625
        }
    ]
}