{
    "id": "kriyam_0865_C0",
    "model": "DTD",
    "is_authentic": true,
    "is_ai_generated": false,
    "confidence": 0.90283203125,
    "regions": [
        {
            "x": 1001,
            "y": 547,
            "w": 3,
            "h": 3,
            "area": 9,
            "area_ratio": 2.4120926243567754e-06,
            "confidence": 0.59228515625
        },
        {
            "x": 456,
            "y": 1669,
            "w": 7,
            "h": 17,
            "area": 91,
            "area_ratio": 2.438893653516295e-05,
            "confidence": 0.62939453125
        },
        {
            "x": 503,
            "y": 1727,
            "w": 9,
            "h": 42,
            "area": 376,
            "area_ratio": 0.00010077186963979416,
            "confidence": 0.90283203125
        }
    ]
}