{
    "id": "kriyam_0628_C0",
    "model": "DTD",
    "is_authentic": false,
    "is_ai_generated": false,
    "confidence": 0.91455078125,
    "regions": [
        {
            "x": 1424,
            "y": 731,
            "w": 197,
            "h": 44,
            "area": 6976,
            "area_ratio": 0.0011556526256639701,
            "confidence": 0.9091796875
        },
        {
            "x": 805,
            "y": 748,
            "w": 6,
            "h": 20,
            "area": 97,
            "area_ratio": 1.6069137713504173e-05,
            "confidence": 0.751953125
        },
        {
            "x": 603,
            "y": 1695,
            "w": 16,
            "h": 23,
            "area": 366,
            "area_ratio": 6.063200415610853e-05,
            "confidence": 0.77880859375
        },
        {
            "x": 1773,
            "y": 1841,
            "w": 140,
            "h": 97,
            "area": 13410,
            "area_ratio": 0.0022215168735885663,
            "confidence": 0.91455078125
        }
    ]
}