{
    "id": "kriyam_0884_C0",
    "model": "DTD",
    "is_authentic": true,
    "is_ai_generated": false,
    "confidence": 0.8310546875,
    "regions": [
        {
            "x": 224,
            "y": 323,
            "w": 18,
            "h": 10,
            "area": 174,
            "area_ratio": 0.00036134370015948966,
            "confidence": 0.82275390625
        },
        {
            "x": 302,
            "y": 484,
            "w": 9,
            "h": 11,
            "area": 97,
            "area_ratio": 0.00020143872939925572,
            "confidence": 0.8310546875
        },
        {
            "x": 316,
            "y": 501,
            "w": 28,
            "h": 9,
            "area": 234,
            "area_ratio": 0.000485944976076555,
            "confidence": 0.6923828125
        }
    ]
}