{
    "id": "kriyam_0888_C0",
    "model": "DTD",
    "is_authentic": true,
    "is_ai_generated": false,
    "confidence": 0.8232421875,
    "regions": [
        {
            "x": 438,
            "y": 307,
            "w": 3,
            "h": 3,
            "area": 9,
            "area_ratio": 1.8690191387559808e-05,
            "confidence": 0.53857421875
        },
        {
            "x": 268,
            "y": 368,
            "w": 23,
            "h": 11,
            "area": 187,
            "area_ratio": 0.0003883406432748538,
            "confidence": 0.60498046875
        },
        {
            "x": 474,
            "y": 370,
            "w": 24,
            "h": 9,
            "area": 212,
            "area_ratio": 0.00044025784157363104,
            "confidence": 0.76611328125
        },
        {
            "x": 156,
            "y": 687,
            "w": 31,
            "h": 10,
            "area": 308,
            "area_ratio": 0.0006396198830409356,
            "confidence": 0.8232421875
        }
    ]
}