{
    "id": "kriyam_0921_C2",
    "model": "DTD",
    "is_authentic": true,
    "is_ai_generated": false,
    "confidence": 0.5849609375,
    "regions": [
        {
            "x": 848,
            "y": 1245,
            "w": 7,
            "h": 14,
            "area": 79,
            "area_ratio": 4.914695811434942e-05,
            "confidence": 0.5849609375
        }
    ]
}