{
    "id": "kriyam_0931_C0",
    "model": "DTD",
    "is_authentic": true,
    "is_ai_generated": false,
    "confidence": 0.76318359375,
    "regions": [
        {
            "x": 159,
            "y": 774,
            "w": 24,
            "h": 12,
            "area": 233,
            "area_ratio": 0.0001503893341044283,
            "confidence": 0.67041015625
        },
        {
            "x": 469,
            "y": 912,
            "w": 8,
            "h": 3,
            "area": 24,
            "area_ratio": 1.549074686054197e-05,
            "confidence": 0.564453125
        },
        {
            "x": 154,
            "y": 1154,
            "w": 16,
            "h": 10,
            "area": 156,
            "area_ratio": 0.0001006898545935228,
            "confidence": 0.76318359375
        }
    ]
}