{
    "id": "kriyam_0579_C4",
    "model": "DTD",
    "is_authentic": true,
    "is_ai_generated": false,
    "confidence": 0.90869140625,
    "regions": [
        {
            "x": 512,
            "y": 519,
            "w": 30,
            "h": 27,
            "area": 785,
            "area_ratio": 0.00013038134467180441,
            "confidence": 0.90869140625
        },
        {
            "x": 1153,
            "y": 1496,
            "w": 29,
            "h": 31,
            "area": 804,
            "area_ratio": 0.00013353707148551687,
            "confidence": 0.70751953125
        },
        {
            "x": 727,
            "y": 1552,
            "w": 34,
            "h": 21,
            "area": 576,
            "area_ratio": 9.56683497209673e-05,
            "confidence": 0.59814453125
        },
        {
            "x": 580,
            "y": 1902,
            "w": 15,
            "h": 25,
            "area": 331,
            "area_ratio": 5.497608291256976e-05,
            "confidence": 0.6044921875
        }
    ]
}