{
    "id": "kriyam_0445_C4",
    "model": "DTD",
    "is_authentic": true,
    "is_ai_generated": false,
    "confidence": 0.5458984375,
    "regions": [
        {
            "x": 1539,
            "y": 1492,
            "w": 4,
            "h": 8,
            "area": 28,
            "area_ratio": 3.222124024156724e-06,
            "confidence": 0.5205078125
        },
        {
            "x": 1536,
            "y": 1507,
            "w": 3,
            "h": 3,
            "area": 9,
            "area_ratio": 1.0356827220503757e-06,
            "confidence": 0.54443359375
        }
    ]
}