{
    "id": "kriyam_0684_C0",
    "model": "DTD",
    "is_authentic": true,
    "is_ai_generated": false,
    "confidence": 0.7080078125,
    "regions": [
        {
            "x": 244,
            "y": 513,
            "w": 10,
            "h": 20,
            "area": 192,
            "area_ratio": 9.410878976096367e-05,
            "confidence": 0.7080078125
        }
    ]
}