{
    "id": "kriyam_0506_C0",
    "model": "DTD",
    "is_authentic": true,
    "is_ai_generated": false,
    "confidence": 0.912109375,
    "regions": [
        {
            "x": 188,
            "y": 573,
            "w": 241,
            "h": 93,
            "area": 10824,
            "area_ratio": 0.0017959541255176809,
            "confidence": 0.912109375
        },
        {
            "x": 385,
            "y": 669,
            "w": 76,
            "h": 31,
            "area": 1990,
            "area_ratio": 0.0003301874269937347,
            "confidence": 0.90771484375
        },
        {
            "x": 481,
            "y": 1248,
            "w": 16,
            "h": 17,
            "area": 221,
            "area_ratio": 3.666905596262079e-05,
            "confidence": 0.6298828125
        },
        {
            "x": 1024,
            "y": 1279,
            "w": 27,
            "h": 17,
            "area": 255,
            "area_ratio": 4.2310449187639375e-05,
            "confidence": 0.60400390625
        }
    ]
}