{
    "id": "kriyam_0718_C4",
    "model": "DTD",
    "is_authentic": true,
    "is_ai_generated": false,
    "confidence": 0.69482421875,
    "regions": [
        {
            "x": 1746,
            "y": 1530,
            "w": 11,
            "h": 6,
            "area": 63,
            "area_ratio": 7.513395310496428e-06,
            "confidence": 0.69482421875
        },
        {
            "x": 1750,
            "y": 2603,
            "w": 20,
            "h": 9,
            "area": 120,
            "area_ratio": 1.4311229162850338e-05,
            "confidence": 0.5556640625
        },
        {
            "x": 1750,
            "y": 2619,
            "w": 4,
            "h": 3,
            "area": 12,
            "area_ratio": 1.4311229162850338e-06,
            "confidence": 0.58935546875
        }
    ]
}