{
    "id": "kriyam_0053_C4",
    "model": "DTD",
    "is_authentic": true,
    "is_ai_generated": false,
    "confidence": 0.859375,
    "regions": [
        {
            "x": 254,
            "y": 1151,
            "w": 14,
            "h": 21,
            "area": 266,
            "area_ratio": 3.061017822948888e-05,
            "confidence": 0.65380859375
        },
        {
            "x": 1400,
            "y": 1608,
            "w": 24,
            "h": 57,
            "area": 1236,
            "area_ratio": 0.00014223376049491825,
            "confidence": 0.775390625
        },
        {
            "x": 1098,
            "y": 1861,
            "w": 16,
            "h": 8,
            "area": 99,
            "area_ratio": 1.1392509942554131e-05,
            "confidence": 0.54931640625
        },
        {
            "x": 2176,
            "y": 2025,
            "w": 22,
            "h": 23,
            "area": 506,
            "area_ratio": 5.822838415083223e-05,
            "confidence": 0.859375
        }
    ]
}