{
    "id": "kriyam_0173_C4",
    "model": "DTD",
    "is_authentic": true,
    "is_ai_generated": false,
    "confidence": 0.837890625,
    "regions": [
        {
            "x": 1665,
            "y": 361,
            "w": 76,
            "h": 23,
            "area": 1408,
            "area_ratio": 0.0002336200488478284,
            "confidence": 0.748046875
        },
        {
            "x": 524,
            "y": 413,
            "w": 28,
            "h": 24,
            "area": 662,
            "area_ratio": 0.00010984124455771477,
            "confidence": 0.837890625
        },
        {
            "x": 561,
            "y": 412,
            "w": 22,
            "h": 24,
            "area": 510,
            "area_ratio": 8.462089837527875e-05,
            "confidence": 0.75048828125
        },
        {
            "x": 1568,
            "y": 1011,
            "w": 16,
            "h": 13,
            "area": 194,
            "area_ratio": 3.2189126048635444e-05,
            "confidence": 0.60888671875
        }
    ]
}