{
    "id": "kriyam_0311_C4",
    "model": "DTD",
    "is_authentic": true,
    "is_ai_generated": false,
    "confidence": 0.693359375,
    "regions": [
        {
            "x": 2300,
            "y": 173,
            "w": 25,
            "h": 43,
            "area": 821,
            "area_ratio": 9.447727942259537e-05,
            "confidence": 0.6318359375
        },
        {
            "x": 931,
            "y": 1000,
            "w": 17,
            "h": 23,
            "area": 210,
            "area_ratio": 2.4165930181175432e-05,
            "confidence": 0.61376953125
        },
        {
            "x": 1279,
            "y": 2551,
            "w": 16,
            "h": 9,
            "area": 140,
            "area_ratio": 1.611062012078362e-05,
            "confidence": 0.693359375
        },
        {
            "x": 642,
            "y": 2584,
            "w": 31,
            "h": 33,
            "area": 655,
            "area_ratio": 7.537468699366622e-05,
            "confidence": 0.68115234375
        }
    ]
}