{
    "id": "kriyam_0172_C4",
    "model": "DTD",
    "is_authentic": true,
    "is_ai_generated": false,
    "confidence": 0.8515625,
    "regions": [
        {
            "x": 1665,
            "y": 361,
            "w": 76,
            "h": 23,
            "area": 1408,
            "area_ratio": 0.0002336200488478284,
            "confidence": 0.748046875
        },
        {
            "x": 560,
            "y": 411,
            "w": 23,
            "h": 25,
            "area": 553,
            "area_ratio": 9.175560157162578e-05,
            "confidence": 0.77783203125
        },
        {
            "x": 523,
            "y": 412,
            "w": 30,
            "h": 25,
            "area": 705,
            "area_ratio": 0.0001169759477540618,
            "confidence": 0.8515625
        },
        {
            "x": 1569,
            "y": 2492,
            "w": 38,
            "h": 24,
            "area": 852,
            "area_ratio": 0.00014136667728575979,
            "confidence": 0.70263671875
        }
    ]
}