{
    "id": "kriyam_0541_C0",
    "model": "DTD",
    "is_authentic": true,
    "is_ai_generated": false,
    "confidence": 0.66162109375,
    "regions": [
        {
            "x": 425,
            "y": 1212,
            "w": 15,
            "h": 15,
            "area": 151,
            "area_ratio": 3.922355033914084e-05,
            "confidence": 0.5830078125
        },
        {
            "x": 452,
            "y": 1215,
            "w": 54,
            "h": 13,
            "area": 494,
            "area_ratio": 0.00012832075408963957,
            "confidence": 0.66162109375
        },
        {
            "x": 940,
            "y": 2191,
            "w": 12,
            "h": 9,
            "area": 90,
            "area_ratio": 2.3378275036574013e-05,
            "confidence": 0.57568359375
        }
    ]
}