{
    "id": "kriyam_0193_C4",
    "model": "DTD",
    "is_authentic": true,
    "is_ai_generated": false,
    "confidence": 0.66455078125,
    "regions": [
        {
            "x": 512,
            "y": 909,
            "w": 64,
            "h": 24,
            "area": 1288,
            "area_ratio": 0.00021370924923011574,
            "confidence": 0.66455078125
        },
        {
            "x": 582,
            "y": 911,
            "w": 15,
            "h": 21,
            "area": 233,
            "area_ratio": 3.8660135924392055e-05,
            "confidence": 0.5546875
        },
        {
            "x": 608,
            "y": 927,
            "w": 4,
            "h": 7,
            "area": 27,
            "area_ratio": 4.4799299139853455e-06,
            "confidence": 0.537109375
        },
        {
            "x": 1741,
            "y": 2817,
            "w": 31,
            "h": 13,
            "area": 298,
            "area_ratio": 4.944515238398641e-05,
            "confidence": 0.5771484375
        }
    ]
}