{
    "id": "kriyam_1008_C0",
    "model": "DTD",
    "is_authentic": true,
    "is_ai_generated": false,
    "confidence": 0.900390625,
    "regions": [
        {
            "x": 350,
            "y": 683,
            "w": 17,
            "h": 12,
            "area": 201,
            "area_ratio": 0.00021239095151146277,
            "confidence": 0.74169921875
        },
        {
            "x": 157,
            "y": 871,
            "w": 12,
            "h": 22,
            "area": 253,
            "area_ratio": 0.0002673378643402989,
            "confidence": 0.900390625
        },
        {
            "x": 232,
            "y": 1151,
            "w": 23,
            "h": 9,
            "area": 180,
            "area_ratio": 0.0001902008520998174,
            "confidence": 0.65283203125
        }
    ]
}