{
    "id": "kriyam_0209_C4",
    "model": "DTD",
    "is_authentic": true,
    "is_ai_generated": false,
    "confidence": 0.8427734375,
    "regions": [
        {
            "x": 1142,
            "y": 2560,
            "w": 16,
            "h": 17,
            "area": 270,
            "area_ratio": 4.4973615478919035e-05,
            "confidence": 0.8427734375
        }
    ]
}