{
    "id": "kriyam_0186_C4",
    "model": "DTD",
    "is_authentic": true,
    "is_ai_generated": false,
    "confidence": 0.73291015625,
    "regions": [
        {
            "x": 1456,
            "y": 1536,
            "w": 40,
            "h": 9,
            "area": 354,
            "area_ratio": 5.873685887225231e-05,
            "confidence": 0.73291015625
        }
    ]
}