{
    "id": "kriyam_1046_C2",
    "model": "DTD",
    "is_authentic": true,
    "is_ai_generated": false,
    "confidence": 0.80517578125,
    "regions": [
        {
            "x": 386,
            "y": 444,
            "w": 10,
            "h": 8,
            "area": 79,
            "area_ratio": 0.00015886422136422138,
            "confidence": 0.80517578125
        },
        {
            "x": 198,
            "y": 446,
            "w": 6,
            "h": 6,
            "area": 31,
            "area_ratio": 6.233912483912484e-05,
            "confidence": 0.54833984375
        },
        {
            "x": 188,
            "y": 448,
            "w": 5,
            "h": 3,
            "area": 15,
            "area_ratio": 3.0164092664092665e-05,
            "confidence": 0.50830078125
        },
        {
            "x": 192,
            "y": 461,
            "w": 12,
            "h": 5,
            "area": 52,
            "area_ratio": 0.00010456885456885457,
            "confidence": 0.5869140625
        }
    ]
}