{
    "id": "kriyam_0973_C4",
    "model": "DTD",
    "is_authentic": true,
    "is_ai_generated": false,
    "confidence": 0.61474609375,
    "regions": [
        {
            "x": 155,
            "y": 578,
            "w": 36,
            "h": 19,
            "area": 511,
            "area_ratio": 0.0005399590856833706,
            "confidence": 0.61474609375
        }
    ]
}