{
    "id": "kriyam_0380_C2",
    "model": "DTD",
    "is_authentic": true,
    "is_ai_generated": false,
    "confidence": 0.79541015625,
    "regions": [
        {
            "x": 1152,
            "y": 479,
            "w": 6,
            "h": 15,
            "area": 62,
            "area_ratio": 7.134703196347032e-06,
            "confidence": 0.55712890625
        },
        {
            "x": 780,
            "y": 2042,
            "w": 30,
            "h": 6,
            "area": 165,
            "area_ratio": 1.8987516570923552e-05,
            "confidence": 0.79541015625
        },
        {
            "x": 2465,
            "y": 2055,
            "w": 15,
            "h": 25,
            "area": 312,
            "area_ratio": 3.5903667697746354e-05,
            "confidence": 0.646484375
        },
        {
            "x": 1552,
            "y": 2609,
            "w": 15,
            "h": 6,
            "area": 78,
            "area_ratio": 8.975916924436589e-06,
            "confidence": 0.603515625
        }
    ]
}