{
    "id": "kriyam_0092_C0",
    "model": "DTD",
    "is_authentic": true,
    "is_ai_generated": false,
    "confidence": 0.8994140625,
    "regions": [
        {
            "x": 246,
            "y": 120,
            "w": 31,
            "h": 9,
            "area": 251,
            "area_ratio": 2.9934320998961958e-05,
            "confidence": 0.6650390625
        },
        {
            "x": 2046,
            "y": 566,
            "w": 13,
            "h": 13,
            "area": 163,
            "area_ratio": 1.943941961287171e-05,
            "confidence": 0.8994140625
        },
        {
            "x": 1536,
            "y": 1688,
            "w": 3,
            "h": 10,
            "area": 30,
            "area_ratio": 3.5778072907125845e-06,
            "confidence": 0.65771484375
        },
        {
            "x": 1520,
            "y": 2976,
            "w": 16,
            "h": 16,
            "area": 238,
            "area_ratio": 2.838393783965317e-05,
            "confidence": 0.7529296875
        }
    ]
}