{
    "id": "kriyam_0454_C4",
    "model": "DTD",
    "is_authentic": true,
    "is_ai_generated": false,
    "confidence": 0.89404296875,
    "regions": [
        {
            "x": 463,
            "y": 2264,
            "w": 46,
            "h": 36,
            "area": 1587,
            "area_ratio": 0.0001826253866548829,
            "confidence": 0.89404296875
        }
    ]
}