{
    "id": "kriyam_0474_C4",
    "model": "DTD",
    "is_authentic": true,
    "is_ai_generated": false,
    "confidence": 0.77587890625,
    "regions": [
        {
            "x": 1024,
            "y": 1362,
            "w": 3,
            "h": 7,
            "area": 21,
            "area_ratio": 2.654733009708738e-06,
            "confidence": 0.59326171875
        },
        {
            "x": 1024,
            "y": 2314,
            "w": 23,
            "h": 28,
            "area": 627,
            "area_ratio": 7.92627427184466e-05,
            "confidence": 0.77587890625
        }
    ]
}