{
    "id": "kriyam_0152_C4",
    "model": "DTD",
    "is_authentic": true,
    "is_ai_generated": false,
    "confidence": 0.90673828125,
    "regions": [
        {
            "x": 636,
            "y": 473,
            "w": 62,
            "h": 26,
            "area": 1531,
            "area_ratio": 0.0002594507169041886,
            "confidence": 0.90673828125
        }
    ]
}