{
    "id": "kriyam_0897_C4",
    "model": "DTD",
    "is_authentic": true,
    "is_ai_generated": false,
    "confidence": 0.85205078125,
    "regions": [
        {
            "x": 382,
            "y": 1018,
            "w": 27,
            "h": 6,
            "area": 160,
            "area_ratio": 7.632655553520181e-05,
            "confidence": 0.85205078125
        }
    ]
}