{
    "id": "kriyam_0721_C0",
    "model": "DTD",
    "is_authentic": true,
    "is_ai_generated": false,
    "confidence": 0.60888671875,
    "regions": [
        {
            "x": 852,
            "y": 1425,
            "w": 6,
            "h": 4,
            "area": 23,
            "area_ratio": 2.742985589546315e-06,
            "confidence": 0.60888671875
        }
    ]
}