{
    "id": "kriyam_0140_C0",
    "model": "DTD",
    "is_authentic": true,
    "is_ai_generated": false,
    "confidence": 0.5107421875,
    "regions": [
        {
            "x": 741,
            "y": 578,
            "w": 3,
            "h": 3,
            "area": 9,
            "area_ratio": 1.4933099713284485e-06,
            "confidence": 0.5107421875
        }
    ]
}