{
    "id": "kriyam_0776_C0",
    "model": "DTD",
    "is_authentic": true,
    "is_ai_generated": false,
    "confidence": 0.720703125,
    "regions": [
        {
            "x": 1231,
            "y": 88,
            "w": 11,
            "h": 32,
            "area": 337,
            "area_ratio": 0.00018684355262224114,
            "confidence": 0.720703125
        }
    ]
}