{
    "id": "kriyam_0128_C4",
    "model": "DTD",
    "is_authentic": true,
    "is_ai_generated": false,
    "confidence": 0.904296875,
    "regions": [
        {
            "x": 249,
            "y": 848,
            "w": 55,
            "h": 21,
            "area": 881,
            "area_ratio": 0.00010138183090293121,
            "confidence": 0.7021484375
        },
        {
            "x": 284,
            "y": 878,
            "w": 17,
            "h": 15,
            "area": 162,
            "area_ratio": 1.864228899690676e-05,
            "confidence": 0.5888671875
        },
        {
            "x": 2466,
            "y": 3008,
            "w": 14,
            "h": 16,
            "area": 222,
            "area_ratio": 2.5546840477242598e-05,
            "confidence": 0.8369140625
        },
        {
            "x": 352,
            "y": 3106,
            "w": 46,
            "h": 31,
            "area": 1371,
            "area_ratio": 0.00015776900132567388,
            "confidence": 0.904296875
        }
    ]
}