{
    "id": "kriyam_0588_C2",
    "model": "DTD",
    "is_authentic": true,
    "is_ai_generated": false,
    "confidence": 0.91748046875,
    "regions": [
        {
            "x": 1162,
            "y": 408,
            "w": 17,
            "h": 17,
            "area": 231,
            "area_ratio": 3.832828926409684e-05,
            "confidence": 0.66796875
        },
        {
            "x": 1030,
            "y": 740,
            "w": 3,
            "h": 3,
            "area": 9,
            "area_ratio": 1.4933099713284485e-06,
            "confidence": 0.51318359375
        },
        {
            "x": 759,
            "y": 2041,
            "w": 31,
            "h": 7,
            "area": 217,
            "area_ratio": 3.600536264203037e-05,
            "confidence": 0.71533203125
        },
        {
            "x": 899,
            "y": 2808,
            "w": 23,
            "h": 33,
            "area": 745,
            "area_ratio": 0.00012361288095996602,
            "confidence": 0.91748046875
        }
    ]
}