{
    "id": "kriyam_0494_C4",
    "model": "DTD",
    "is_authentic": true,
    "is_ai_generated": false,
    "confidence": 0.84130859375,
    "regions": [
        {
            "x": 131,
            "y": 1043,
            "w": 34,
            "h": 38,
            "area": 408,
            "area_ratio": 6.7696718700223e-05,
            "confidence": 0.60595703125
        },
        {
            "x": 138,
            "y": 1046,
            "w": 3,
            "h": 3,
            "area": 9,
            "area_ratio": 1.4933099713284485e-06,
            "confidence": 0.51708984375
        },
        {
            "x": 390,
            "y": 1799,
            "w": 30,
            "h": 16,
            "area": 450,
            "area_ratio": 7.466549856642243e-05,
            "confidence": 0.78564453125
        },
        {
            "x": 549,
            "y": 2298,
            "w": 23,
            "h": 21,
            "area": 454,
            "area_ratio": 7.532919188701285e-05,
            "confidence": 0.84130859375
        }
    ]
}