{
    "id": "kriyam_0627_C0",
    "model": "DTD",
    "is_authentic": true,
    "is_ai_generated": false,
    "confidence": 0.9091796875,
    "regions": [
        {
            "x": 512,
            "y": 1072,
            "w": 21,
            "h": 31,
            "area": 637,
            "area_ratio": 0.00010812150344902504,
            "confidence": 0.70654296875
        },
        {
            "x": 466,
            "y": 1937,
            "w": 44,
            "h": 25,
            "area": 1073,
            "area_ratio": 0.0001821261745695508,
            "confidence": 0.73046875
        },
        {
            "x": 1321,
            "y": 1937,
            "w": 12,
            "h": 20,
            "area": 185,
            "area_ratio": 3.140106458095704e-05,
            "confidence": 0.6005859375
        },
        {
            "x": 1649,
            "y": 2626,
            "w": 182,
            "h": 30,
            "area": 5293,
            "area_ratio": 0.000898409917983814,
            "confidence": 0.9091796875
        }
    ]
}