{
    "id": "kriyam_0014_C4",
    "model": "DTD",
    "is_authentic": true,
    "is_ai_generated": false,
    "confidence": 0.69189453125,
    "regions": [
        {
            "x": 1019,
            "y": 2237,
            "w": 5,
            "h": 22,
            "area": 109,
            "area_ratio": 1.8085642986088988e-05,
            "confidence": 0.69189453125
        }
    ]
}