{
    "id": "kriyam_1029_C2",
    "model": "DTD",
    "is_authentic": true,
    "is_ai_generated": false,
    "confidence": 0.7841796875,
    "regions": [
        {
            "x": 92,
            "y": 370,
            "w": 23,
            "h": 10,
            "area": 222,
            "area_ratio": 0.000533735959378366,
            "confidence": 0.6416015625
        },
        {
            "x": 166,
            "y": 371,
            "w": 24,
            "h": 9,
            "area": 212,
            "area_ratio": 0.0005096937990460071,
            "confidence": 0.7841796875
        },
        {
            "x": 78,
            "y": 499,
            "w": 38,
            "h": 10,
            "area": 337,
            "area_ratio": 0.0008102208032004924,
            "confidence": 0.767578125
        }
    ]
}