{
    "id": "kriyam_0298_C4",
    "model": "DTD",
    "is_authentic": true,
    "is_ai_generated": false,
    "confidence": 0.90576171875,
    "regions": [
        {
            "x": 512,
            "y": 384,
            "w": 39,
            "h": 54,
            "area": 2022,
            "area_ratio": 0.00023268338488731773,
            "confidence": 0.90576171875
        },
        {
            "x": 1612,
            "y": 509,
            "w": 8,
            "h": 3,
            "area": 24,
            "area_ratio": 2.761820592134335e-06,
            "confidence": 0.556640625
        },
        {
            "x": 224,
            "y": 1701,
            "w": 25,
            "h": 43,
            "area": 1060,
            "area_ratio": 0.00012198040948593313,
            "confidence": 0.90478515625
        },
        {
            "x": 1673,
            "y": 2992,
            "w": 26,
            "h": 7,
            "area": 173,
            "area_ratio": 1.990812343496833e-05,
            "confidence": 0.78515625
        }
    ]
}