{
    "id": "kriyam_0153_C2",
    "model": "DTD",
    "is_authentic": true,
    "is_ai_generated": false,
    "confidence": 0.91796875,
    "regions": [
        {
            "x": 1382,
            "y": 1029,
            "w": 47,
            "h": 19,
            "area": 889,
            "area_ratio": 0.00014767520358912207,
            "confidence": 0.91796875
        },
        {
            "x": 1731,
            "y": 1042,
            "w": 6,
            "h": 4,
            "area": 20,
            "area_ratio": 3.322276796155727e-06,
            "confidence": 0.53955078125
        },
        {
            "x": 2461,
            "y": 1158,
            "w": 9,
            "h": 20,
            "area": 171,
            "area_ratio": 2.8405466607131466e-05,
            "confidence": 0.646484375
        },
        {
            "x": 2663,
            "y": 1922,
            "w": 10,
            "h": 18,
            "area": 172,
            "area_ratio": 2.8571580446939253e-05,
            "confidence": 0.6337890625
        }
    ]
}