{
    "id": "kriyam_0742_C4",
    "model": "DTD",
    "is_authentic": true,
    "is_ai_generated": false,
    "confidence": 0.71533203125,
    "regions": [
        {
            "x": 398,
            "y": 499,
            "w": 22,
            "h": 13,
            "area": 276,
            "area_ratio": 0.00015330607891930325,
            "confidence": 0.71533203125
        }
    ]
}