{
    "id": "kriyam_0841_C0",
    "model": "DTD",
    "is_authentic": true,
    "is_ai_generated": false,
    "confidence": 0.74072265625,
    "regions": [
        {
            "x": 601,
            "y": 1284,
            "w": 14,
            "h": 15,
            "area": 208,
            "area_ratio": 9.922452219576235e-05,
            "confidence": 0.74072265625
        },
        {
            "x": 761,
            "y": 1319,
            "w": 10,
            "h": 15,
            "area": 142,
            "area_ratio": 6.773981803749161e-05,
            "confidence": 0.685546875
        },
        {
            "x": 199,
            "y": 1375,
            "w": 28,
            "h": 14,
            "area": 370,
            "area_ratio": 0.00017650515967515418,
            "confidence": 0.62646484375
        },
        {
            "x": 168,
            "y": 1378,
            "w": 16,
            "h": 10,
            "area": 129,
            "area_ratio": 6.153828540025645e-05,
            "confidence": 0.54736328125
        }
    ]
}