{
    "id": "kriyam_0733_C4",
    "model": "DTD",
    "is_authentic": true,
    "is_ai_generated": false,
    "confidence": 0.8623046875,
    "regions": [
        {
            "x": 901,
            "y": 388,
            "w": 35,
            "h": 37,
            "area": 1262,
            "area_ratio": 0.00015050642669597606,
            "confidence": 0.81494140625
        },
        {
            "x": 582,
            "y": 497,
            "w": 31,
            "h": 15,
            "area": 432,
            "area_ratio": 5.152042498626122e-05,
            "confidence": 0.7578125
        },
        {
            "x": 986,
            "y": 497,
            "w": 18,
            "h": 15,
            "area": 250,
            "area_ratio": 2.9815060755938205e-05,
            "confidence": 0.8623046875
        },
        {
            "x": 2080,
            "y": 2926,
            "w": 54,
            "h": 30,
            "area": 1497,
            "area_ratio": 0.00017853258380655796,
            "confidence": 0.8447265625
        }
    ]
}