{
    "id": "kriyam_0349_C4",
    "model": "DTD",
    "is_authentic": true,
    "is_ai_generated": false,
    "confidence": 0.85888671875,
    "regions": [
        {
            "x": 1353,
            "y": 224,
            "w": 18,
            "h": 14,
            "area": 190,
            "area_ratio": 2.1864413021063486e-05,
            "confidence": 0.77734375
        },
        {
            "x": 1375,
            "y": 224,
            "w": 48,
            "h": 74,
            "area": 2902,
            "area_ratio": 0.0003339501399322433,
            "confidence": 0.85888671875
        },
        {
            "x": 224,
            "y": 833,
            "w": 23,
            "h": 22,
            "area": 453,
            "area_ratio": 5.212936367653557e-05,
            "confidence": 0.6669921875
        },
        {
            "x": 2108,
            "y": 1991,
            "w": 6,
            "h": 8,
            "area": 42,
            "area_ratio": 4.833186036235086e-06,
            "confidence": 0.55859375
        }
    ]
}