{
    "id": "kriyam_0673_C4",
    "model": "DTD",
    "is_authentic": true,
    "is_ai_generated": false,
    "confidence": 0.90576171875,
    "regions": [
        {
            "x": 1278,
            "y": 130,
            "w": 54,
            "h": 21,
            "area": 1073,
            "area_ratio": 0.00018445046482204743,
            "confidence": 0.90576171875
        },
        {
            "x": 507,
            "y": 295,
            "w": 5,
            "h": 8,
            "area": 40,
            "area_ratio": 6.8760657901974805e-06,
            "confidence": 0.611328125
        },
        {
            "x": 1452,
            "y": 559,
            "w": 46,
            "h": 20,
            "area": 787,
            "area_ratio": 0.00013528659442213543,
            "confidence": 0.78369140625
        },
        {
            "x": 1917,
            "y": 992,
            "w": 5,
            "h": 5,
            "area": 21,
            "area_ratio": 3.6099345398536775e-06,
            "confidence": 0.54638671875
        }
    ]
}