{
    "id": "kriyam_0560_C2",
    "model": "DTD",
    "is_authentic": true,
    "is_ai_generated": false,
    "confidence": 0.90478515625,
    "regions": [
        {
            "x": 298,
            "y": 1631,
            "w": 48,
            "h": 33,
            "area": 1499,
            "area_ratio": 0.00024873491992693597,
            "confidence": 0.88720703125
        },
        {
            "x": 460,
            "y": 2048,
            "w": 18,
            "h": 9,
            "area": 121,
            "area_ratio": 2.007800220891211e-05,
            "confidence": 0.669921875
        },
        {
            "x": 1616,
            "y": 2495,
            "w": 25,
            "h": 25,
            "area": 621,
            "area_ratio": 0.00010304495348540844,
            "confidence": 0.90478515625
        }
    ]
}