{
    "id": "kriyam_0372_C4",
    "model": "DTD",
    "is_authentic": true,
    "is_ai_generated": false,
    "confidence": 0.6455078125,
    "regions": [
        {
            "x": 458,
            "y": 1390,
            "w": 28,
            "h": 18,
            "area": 442,
            "area_ratio": 5.0863529238474e-05,
            "confidence": 0.6455078125
        },
        {
            "x": 491,
            "y": 1390,
            "w": 15,
            "h": 14,
            "area": 106,
            "area_ratio": 1.2198040948593313e-05,
            "confidence": 0.55078125
        },
        {
            "x": 479,
            "y": 1408,
            "w": 27,
            "h": 20,
            "area": 330,
            "area_ratio": 3.7975033141847104e-05,
            "confidence": 0.5947265625
        }
    ]
}