{
    "id": "kriyam_0375_C0",
    "model": "DTD",
    "is_authentic": true,
    "is_ai_generated": false,
    "confidence": 0.74267578125,
    "regions": [
        {
            "x": 501,
            "y": 2048,
            "w": 11,
            "h": 26,
            "area": 248,
            "area_ratio": 2.8538812785388127e-05,
            "confidence": 0.74267578125
        }
    ]
}