{
    "id": "kriyam_1030_C2",
    "model": "DTD",
    "is_authentic": true,
    "is_ai_generated": false,
    "confidence": 0.6787109375,
    "regions": [
        {
            "x": 332,
            "y": 241,
            "w": 36,
            "h": 12,
            "area": 378,
            "area_ratio": 0.0009087936605631636,
            "confidence": 0.6787109375
        },
        {
            "x": 111,
            "y": 243,
            "w": 13,
            "h": 7,
            "area": 69,
            "area_ratio": 0.00016589090629327589,
            "confidence": 0.5556640625
        },
        {
            "x": 93,
            "y": 244,
            "w": 12,
            "h": 6,
            "area": 60,
            "area_ratio": 0.00014425296199415294,
            "confidence": 0.53466796875
        },
        {
            "x": 95,
            "y": 677,
            "w": 14,
            "h": 9,
            "area": 122,
            "area_ratio": 0.00029331435605477765,
            "confidence": 0.64892578125
        }
    ]
}