{
    "id": "kriyam_0167_C2",
    "model": "DTD",
    "is_authentic": true,
    "is_ai_generated": false,
    "confidence": 0.73486328125,
    "regions": [
        {
            "x": 1630,
            "y": 548,
            "w": 86,
            "h": 24,
            "area": 1610,
            "area_ratio": 0.00026640668022196806,
            "confidence": 0.73486328125
        },
        {
            "x": 1610,
            "y": 553,
            "w": 8,
            "h": 6,
            "area": 38,
            "area_ratio": 6.2878595331893085e-06,
            "confidence": 0.54296875
        },
        {
            "x": 1617,
            "y": 563,
            "w": 7,
            "h": 8,
            "area": 50,
            "area_ratio": 8.273499385775406e-06,
            "confidence": 0.5302734375
        }
    ]
}