{
    "id": "kriyam_0573_C2",
    "model": "DTD",
    "is_authentic": true,
    "is_ai_generated": false,
    "confidence": 0.63232421875,
    "regions": [
        {
            "x": 293,
            "y": 2414,
            "w": 8,
            "h": 27,
            "area": 158,
            "area_ratio": 2.61686453254187e-05,
            "confidence": 0.63232421875
        }
    ]
}