{
    "id": "kriyam_0087_C0",
    "model": "DTD",
    "is_authentic": true,
    "is_ai_generated": false,
    "confidence": 0.759765625,
    "regions": [
        {
            "x": 2206,
            "y": 1336,
            "w": 31,
            "h": 15,
            "area": 458,
            "area_ratio": 5.4621191304878796e-05,
            "confidence": 0.759765625
        },
        {
            "x": 475,
            "y": 2170,
            "w": 32,
            "h": 53,
            "area": 1106,
            "area_ratio": 0.00013190182878427062,
            "confidence": 0.701171875
        },
        {
            "x": 2419,
            "y": 2602,
            "w": 12,
            "h": 11,
            "area": 130,
            "area_ratio": 1.5503831593087866e-05,
            "confidence": 0.548828125
        }
    ]
}