{
    "id": "kriyam_0456_C2",
    "model": "DTD",
    "is_authentic": true,
    "is_ai_generated": false,
    "confidence": 0.80419921875,
    "regions": [
        {
            "x": 1409,
            "y": 2248,
            "w": 65,
            "h": 37,
            "area": 2108,
            "area_ratio": 0.00024257990867579908,
            "confidence": 0.80419921875
        },
        {
            "x": 1426,
            "y": 2402,
            "w": 48,
            "h": 29,
            "area": 1174,
            "area_ratio": 0.00013509905729857123,
            "confidence": 0.7197265625
        }
    ]
}