{
    "id": "kriyam_0971_C0",
    "model": "DTD",
    "is_authentic": true,
    "is_ai_generated": false,
    "confidence": 0.59228515625,
    "regions": [
        {
            "x": 145,
            "y": 766,
            "w": 18,
            "h": 18,
            "area": 284,
            "area_ratio": 0.00030009467775748966,
            "confidence": 0.59228515625
        }
    ]
}