{
    "id": "kriyam_0175_C4",
    "model": "DTD",
    "is_authentic": true,
    "is_ai_generated": false,
    "confidence": 0.91064453125,
    "regions": [
        {
            "x": 1156,
            "y": 264,
            "w": 44,
            "h": 18,
            "area": 788,
            "area_ratio": 0.00013074758415631304,
            "confidence": 0.90625
        },
        {
            "x": 1017,
            "y": 800,
            "w": 7,
            "h": 27,
            "area": 171,
            "area_ratio": 2.837288945524052e-05,
            "confidence": 0.89794921875
        },
        {
            "x": 1070,
            "y": 803,
            "w": 75,
            "h": 21,
            "area": 1500,
            "area_ratio": 0.0002488849952214081,
            "confidence": 0.9052734375
        },
        {
            "x": 1384,
            "y": 2816,
            "w": 81,
            "h": 81,
            "area": 6453,
            "area_ratio": 0.0010707032494424976,
            "confidence": 0.91064453125
        }
    ]
}