{
    "id": "kriyam_0851_C4",
    "model": "DTD",
    "is_authentic": true,
    "is_ai_generated": false,
    "confidence": 0.8056640625,
    "regions": [
        {
            "x": 586,
            "y": 1192,
            "w": 13,
            "h": 17,
            "area": 212,
            "area_ratio": 0.0001011326860841424,
            "confidence": 0.8056640625
        },
        {
            "x": 586,
            "y": 1242,
            "w": 11,
            "h": 16,
            "area": 174,
            "area_ratio": 8.300512914453196e-05,
            "confidence": 0.630859375
        },
        {
            "x": 802,
            "y": 1362,
            "w": 9,
            "h": 16,
            "area": 143,
            "area_ratio": 6.821685900958662e-05,
            "confidence": 0.60888671875
        }
    ]
}