{
    "id": "kriyam_0991_C4",
    "model": "DTD",
    "is_authentic": true,
    "is_ai_generated": false,
    "confidence": 0.5869140625,
    "regions": [
        {
            "x": 257,
            "y": 874,
            "w": 24,
            "h": 22,
            "area": 274,
            "area_ratio": 0.0002895279637519443,
            "confidence": 0.5869140625
        },
        {
            "x": 237,
            "y": 876,
            "w": 7,
            "h": 19,
            "area": 104,
            "area_ratio": 0.00010989382565767228,
            "confidence": 0.52587890625
        },
        {
            "x": 277,
            "y": 885,
            "w": 4,
            "h": 10,
            "area": 33,
            "area_ratio": 3.4870156218299855e-05,
            "confidence": 0.556640625
        }
    ]
}