{
    "id": "kriyam_0563_C2",
    "model": "DTD",
    "is_authentic": true,
    "is_ai_generated": false,
    "confidence": 0.810546875,
    "regions": [
        {
            "x": 127,
            "y": 305,
            "w": 27,
            "h": 12,
            "area": 315,
            "area_ratio": 0.00025634765625,
            "confidence": 0.75732421875
        },
        {
            "x": 126,
            "y": 512,
            "w": 31,
            "h": 9,
            "area": 278,
            "area_ratio": 0.00022623697916666666,
            "confidence": 0.810546875
        }
    ]
}