{
    "id": "kriyam_0064_C4",
    "model": "DTD",
    "is_authentic": true,
    "is_ai_generated": false,
    "confidence": 0.8291015625,
    "regions": [
        {
            "x": 2200,
            "y": 228,
            "w": 18,
            "h": 15,
            "area": 201,
            "area_ratio": 2.3130247459125054e-05,
            "confidence": 0.58154296875
        },
        {
            "x": 512,
            "y": 575,
            "w": 87,
            "h": 40,
            "area": 3261,
            "area_ratio": 0.00037526237295625275,
            "confidence": 0.8291015625
        },
        {
            "x": 229,
            "y": 1759,
            "w": 19,
            "h": 13,
            "area": 235,
            "area_ratio": 2.7042826631315362e-05,
            "confidence": 0.6767578125
        }
    ]
}