{
    "id": "kriyam_0224_C4",
    "model": "DTD",
    "is_authentic": true,
    "is_ai_generated": false,
    "confidence": 0.6748046875,
    "regions": [
        {
            "x": 1256,
            "y": 521,
            "w": 33,
            "h": 22,
            "area": 621,
            "area_ratio": 7.146210782147591e-05,
            "confidence": 0.63720703125
        },
        {
            "x": 3078,
            "y": 524,
            "w": 60,
            "h": 25,
            "area": 1144,
            "area_ratio": 0.0001316467815584033,
            "confidence": 0.6748046875
        },
        {
            "x": 3146,
            "y": 528,
            "w": 4,
            "h": 6,
            "area": 22,
            "area_ratio": 2.5316688761231404e-06,
            "confidence": 0.55712890625
        },
        {
            "x": 3145,
            "y": 537,
            "w": 5,
            "h": 9,
            "area": 38,
            "area_ratio": 4.372882604212697e-06,
            "confidence": 0.5576171875
        }
    ]
}