{
    "id": "kriyam_0445_C0",
    "model": "DTD",
    "is_authentic": true,
    "is_ai_generated": false,
    "confidence": 0.56005859375,
    "regions": [
        {
            "x": 506,
            "y": 1302,
            "w": 3,
            "h": 4,
            "area": 12,
            "area_ratio": 1.3809102960671674e-06,
            "confidence": 0.53125
        },
        {
            "x": 477,
            "y": 1308,
            "w": 8,
            "h": 11,
            "area": 68,
            "area_ratio": 7.825158344380616e-06,
            "confidence": 0.56005859375
        }
    ]
}