{
    "id": "kriyam_0198_C4",
    "model": "DTD",
    "is_authentic": true,
    "is_ai_generated": false,
    "confidence": 0.9072265625,
    "regions": [
        {
            "x": 506,
            "y": 1062,
            "w": 102,
            "h": 28,
            "area": 2683,
            "area_ratio": 0.00044517229478602526,
            "confidence": 0.9072265625
        },
        {
            "x": 448,
            "y": 1064,
            "w": 30,
            "h": 26,
            "area": 721,
            "area_ratio": 0.00011963072103642348,
            "confidence": 0.84912109375
        },
        {
            "x": 248,
            "y": 2532,
            "w": 19,
            "h": 29,
            "area": 540,
            "area_ratio": 8.959859827970691e-05,
            "confidence": 0.83837890625
        }
    ]
}