{
    "id": "kriyam_0032_C0",
    "model": "DTD",
    "is_authentic": true,
    "is_ai_generated": false,
    "confidence": 0.62158203125,
    "regions": [
        {
            "x": 261,
            "y": 422,
            "w": 26,
            "h": 16,
            "area": 325,
            "area_ratio": 8.175228604546333e-05,
            "confidence": 0.60791015625
        },
        {
            "x": 763,
            "y": 489,
            "w": 7,
            "h": 6,
            "area": 36,
            "area_ratio": 9.055637838882091e-06,
            "confidence": 0.54931640625
        },
        {
            "x": 779,
            "y": 1536,
            "w": 30,
            "h": 15,
            "area": 335,
            "area_ratio": 8.426774100070836e-05,
            "confidence": 0.62158203125
        }
    ]
}