{
    "id": "kriyam_0187_C4",
    "model": "DTD",
    "is_authentic": true,
    "is_ai_generated": false,
    "confidence": 0.91162109375,
    "regions": [
        {
            "x": 1802,
            "y": 1440,
            "w": 144,
            "h": 35,
            "area": 4402,
            "area_ratio": 0.0006703825536062379,
            "confidence": 0.90869140625
        },
        {
            "x": 1798,
            "y": 1570,
            "w": 143,
            "h": 36,
            "area": 4719,
            "area_ratio": 0.0007186586257309942,
            "confidence": 0.91162109375
        },
        {
            "x": 1794,
            "y": 1638,
            "w": 65,
            "h": 30,
            "area": 1906,
            "area_ratio": 0.00029026559454191033,
            "confidence": 0.90576171875
        }
    ]
}