{
    "id": "kriyam_0424_C2",
    "model": "DTD",
    "is_authentic": true,
    "is_ai_generated": false,
    "confidence": 0.80908203125,
    "regions": [
        {
            "x": 656,
            "y": 0,
            "w": 34,
            "h": 15,
            "area": 497,
            "area_ratio": 5.7192701428781856e-05,
            "confidence": 0.80908203125
        },
        {
            "x": 1346,
            "y": 1101,
            "w": 9,
            "h": 13,
            "area": 104,
            "area_ratio": 1.1967889232582118e-05,
            "confidence": 0.61083984375
        },
        {
            "x": 1358,
            "y": 1116,
            "w": 10,
            "h": 8,
            "area": 61,
            "area_ratio": 7.019627338341434e-06,
            "confidence": 0.55419921875
        },
        {
            "x": 1009,
            "y": 2705,
            "w": 11,
            "h": 14,
            "area": 136,
            "area_ratio": 1.565031668876123e-05,
            "confidence": 0.5703125
        }
    ]
}