{
    "id": "kriyam_0237_C0",
    "model": "DTD",
    "is_authentic": true,
    "is_ai_generated": false,
    "confidence": 0.85986328125,
    "regions": [
        {
            "x": 610,
            "y": 397,
            "w": 64,
            "h": 20,
            "area": 1193,
            "area_ratio": 0.0006213541666666666,
            "confidence": 0.85986328125
        },
        {
            "x": 256,
            "y": 474,
            "w": 16,
            "h": 18,
            "area": 229,
            "area_ratio": 0.00011927083333333333,
            "confidence": 0.6376953125
        },
        {
            "x": 244,
            "y": 567,
            "w": 74,
            "h": 24,
            "area": 1375,
            "area_ratio": 0.0007161458333333333,
            "confidence": 0.75
        }
    ]
}