{
    "id": "kriyam_0302_C4",
    "model": "DTD",
    "is_authentic": true,
    "is_ai_generated": false,
    "confidence": 0.88623046875,
    "regions": [
        {
            "x": 1035,
            "y": 825,
            "w": 12,
            "h": 8,
            "area": 81,
            "area_ratio": 9.32114449845338e-06,
            "confidence": 0.5771484375
        },
        {
            "x": 2342,
            "y": 1299,
            "w": 33,
            "h": 15,
            "area": 484,
            "area_ratio": 5.569671527470909e-05,
            "confidence": 0.88623046875
        },
        {
            "x": 1449,
            "y": 2185,
            "w": 3,
            "h": 8,
            "area": 24,
            "area_ratio": 2.761820592134335e-06,
            "confidence": 0.6201171875
        }
    ]
}