{
    "id": "kriyam_0565_C4",
    "model": "DTD",
    "is_authentic": true,
    "is_ai_generated": false,
    "confidence": 0.90869140625,
    "regions": [
        {
            "x": 1511,
            "y": 256,
            "w": 12,
            "h": 26,
            "area": 308,
            "area_ratio": 5.110438568546246e-05,
            "confidence": 0.85791015625
        },
        {
            "x": 521,
            "y": 1279,
            "w": 29,
            "h": 19,
            "area": 396,
            "area_ratio": 6.570563873845173e-05,
            "confidence": 0.75
        },
        {
            "x": 808,
            "y": 2248,
            "w": 11,
            "h": 19,
            "area": 197,
            "area_ratio": 3.268689603907826e-05,
            "confidence": 0.66796875
        },
        {
            "x": 1384,
            "y": 2816,
            "w": 81,
            "h": 80,
            "area": 6383,
            "area_ratio": 0.0010590886163321653,
            "confidence": 0.90869140625
        }
    ]
}