{
    "id": "kriyam_0594_C2",
    "model": "DTD",
    "is_authentic": true,
    "is_ai_generated": false,
    "confidence": 0.9150390625,
    "regions": [
        {
            "x": 1348,
            "y": 1033,
            "w": 6,
            "h": 12,
            "area": 57,
            "area_ratio": 9.61227132912417e-06,
            "confidence": 0.55029296875
        },
        {
            "x": 1263,
            "y": 1222,
            "w": 43,
            "h": 35,
            "area": 1479,
            "area_ratio": 0.0002494131455399061,
            "confidence": 0.8818359375
        },
        {
            "x": 1576,
            "y": 1425,
            "w": 11,
            "h": 38,
            "area": 415,
            "area_ratio": 6.998408072958826e-05,
            "confidence": 0.90771484375
        },
        {
            "x": 1004,
            "y": 1902,
            "w": 20,
            "h": 46,
            "area": 919,
            "area_ratio": 0.00015497679563973883,
            "confidence": 0.9150390625
        }
    ]
}