{
    "id": "kriyam_0810_C0",
    "model": "DTD",
    "is_authentic": true,
    "is_ai_generated": false,
    "confidence": 0.69580078125,
    "regions": [
        {
            "x": 218,
            "y": 238,
            "w": 3,
            "h": 4,
            "area": 12,
            "area_ratio": 3.582483090679812e-06,
            "confidence": 0.533203125
        },
        {
            "x": 222,
            "y": 473,
            "w": 17,
            "h": 19,
            "area": 309,
            "area_ratio": 9.224893958500517e-05,
            "confidence": 0.6767578125
        },
        {
            "x": 1098,
            "y": 2009,
            "w": 72,
            "h": 25,
            "area": 1571,
            "area_ratio": 0.00046900674462149874,
            "confidence": 0.69580078125
        }
    ]
}