{
    "id": "kriyam_0950_C2",
    "model": "DTD",
    "is_authentic": true,
    "is_ai_generated": false,
    "confidence": 0.76025390625,
    "regions": [
        {
            "x": 218,
            "y": 118,
            "w": 16,
            "h": 9,
            "area": 121,
            "area_ratio": 0.00021219135802469136,
            "confidence": 0.6884765625
        },
        {
            "x": 226,
            "y": 171,
            "w": 12,
            "h": 8,
            "area": 79,
            "area_ratio": 0.0001385381593714927,
            "confidence": 0.62744140625
        },
        {
            "x": 474,
            "y": 172,
            "w": 38,
            "h": 7,
            "area": 264,
            "area_ratio": 0.000462962962962963,
            "confidence": 0.76025390625
        }
    ]
}