{
    "id": "kriyam_0657_C4",
    "model": "DTD",
    "is_authentic": true,
    "is_ai_generated": false,
    "confidence": 0.82763671875,
    "regions": [
        {
            "x": 1218,
            "y": 824,
            "w": 44,
            "h": 28,
            "area": 1230,
            "area_ratio": 0.00020600861819468117,
            "confidence": 0.82763671875
        },
        {
            "x": 1301,
            "y": 2154,
            "w": 9,
            "h": 22,
            "area": 161,
            "area_ratio": 2.696535571491355e-05,
            "confidence": 0.7880859375
        }
    ]
}