{
    "id": "kriyam_0106_C4",
    "model": "DTD",
    "is_authentic": true,
    "is_ai_generated": false,
    "confidence": 0.78857421875,
    "regions": [
        {
            "x": 1209,
            "y": 1009,
            "w": 36,
            "h": 15,
            "area": 418,
            "area_ratio": 4.810170864633967e-05,
            "confidence": 0.7060546875
        },
        {
            "x": 2000,
            "y": 1953,
            "w": 29,
            "h": 37,
            "area": 1055,
            "area_ratio": 0.00012140503019590514,
            "confidence": 0.78857421875
        },
        {
            "x": 535,
            "y": 2048,
            "w": 25,
            "h": 21,
            "area": 251,
            "area_ratio": 2.888404035940492e-05,
            "confidence": 0.5849609375
        },
        {
            "x": 552,
            "y": 2048,
            "w": 7,
            "h": 6,
            "area": 40,
            "area_ratio": 4.603034320223892e-06,
            "confidence": 0.546875
        }
    ]
}