{
    "id": "kriyam_0720_C0",
    "model": "DTD",
    "is_authentic": true,
    "is_ai_generated": false,
    "confidence": 0.794921875,
    "regions": [
        {
            "x": 473,
            "y": 776,
            "w": 21,
            "h": 23,
            "area": 373,
            "area_ratio": 4.4484070647859805e-05,
            "confidence": 0.5595703125
        },
        {
            "x": 499,
            "y": 796,
            "w": 5,
            "h": 3,
            "area": 15,
            "area_ratio": 1.7889036453562923e-06,
            "confidence": 0.54931640625
        },
        {
            "x": 1178,
            "y": 2594,
            "w": 38,
            "h": 32,
            "area": 1180,
            "area_ratio": 0.00014072708676802833,
            "confidence": 0.794921875
        }
    ]
}