{
    "id": "kriyam_0169_C0",
    "model": "DTD",
    "is_authentic": true,
    "is_ai_generated": false,
    "confidence": 0.91015625,
    "regions": [
        {
            "x": 1551,
            "y": 1016,
            "w": 60,
            "h": 19,
            "area": 1116,
            "area_ratio": 0.00018517043644472763,
            "confidence": 0.9091796875
        },
        {
            "x": 1908,
            "y": 1016,
            "w": 60,
            "h": 19,
            "area": 1058,
            "area_ratio": 0.00017554688329616652,
            "confidence": 0.91015625
        },
        {
            "x": 1174,
            "y": 1030,
            "w": 52,
            "h": 16,
            "area": 774,
            "area_ratio": 0.00012842465753424656,
            "confidence": 0.9091796875
        },
        {
            "x": 310,
            "y": 2805,
            "w": 150,
            "h": 24,
            "area": 3038,
            "area_ratio": 0.0005040750769884252,
            "confidence": 0.88720703125
        }
    ]
}