{
    "id": "kriyam_0403_C4",
    "model": "DTD",
    "is_authentic": true,
    "is_ai_generated": false,
    "confidence": 0.625,
    "regions": [
        {
            "x": 2065,
            "y": 1166,
            "w": 44,
            "h": 33,
            "area": 834,
            "area_ratio": 0.00010088605536975102,
            "confidence": 0.625
        },
        {
            "x": 2113,
            "y": 1182,
            "w": 9,
            "h": 14,
            "area": 103,
            "area_ratio": 1.24595488046575e-05,
            "confidence": 0.56640625
        },
        {
            "x": 505,
            "y": 1674,
            "w": 3,
            "h": 7,
            "area": 21,
            "area_ratio": 2.5402963582311407e-06,
            "confidence": 0.5986328125
        }
    ]
}