{
    "id": "kriyam_0116_C4",
    "model": "DTD",
    "is_authentic": true,
    "is_ai_generated": false,
    "confidence": 0.90576171875,
    "regions": [
        {
            "x": 512,
            "y": 384,
            "w": 39,
            "h": 54,
            "area": 1999,
            "area_ratio": 0.00023003664015318898,
            "confidence": 0.90576171875
        },
        {
            "x": 224,
            "y": 1701,
            "w": 25,
            "h": 43,
            "area": 1060,
            "area_ratio": 0.00012198040948593313,
            "confidence": 0.90478515625
        },
        {
            "x": 1673,
            "y": 2992,
            "w": 26,
            "h": 7,
            "area": 173,
            "area_ratio": 1.990812343496833e-05,
            "confidence": 0.7880859375
        },
        {
            "x": 97,
            "y": 3152,
            "w": 49,
            "h": 48,
            "area": 1936,
            "area_ratio": 0.00022278686109883635,
            "confidence": 0.84130859375
        }
    ]
}