{
    "id": "kriyam_0423_C0",
    "model": "DTD",
    "is_authentic": true,
    "is_ai_generated": false,
    "confidence": 0.89990234375,
    "regions": [
        {
            "x": 1394,
            "y": 2544,
            "w": 21,
            "h": 16,
            "area": 314,
            "area_ratio": 3.613381941375755e-05,
            "confidence": 0.89990234375
        },
        {
            "x": 1624,
            "y": 2809,
            "w": 33,
            "h": 8,
            "area": 204,
            "area_ratio": 2.347547503314185e-05,
            "confidence": 0.6484375
        },
        {
            "x": 1628,
            "y": 2834,
            "w": 27,
            "h": 12,
            "area": 230,
            "area_ratio": 2.6467447341287378e-05,
            "confidence": 0.64990234375
        },
        {
            "x": 1338,
            "y": 3140,
            "w": 21,
            "h": 12,
            "area": 248,
            "area_ratio": 2.8538812785388127e-05,
            "confidence": 0.8759765625
        }
    ]
}