{
    "id": "kriyam_0484_C4",
    "model": "DTD",
    "is_authentic": true,
    "is_ai_generated": false,
    "confidence": 0.90283203125,
    "regions": [
        {
            "x": 1024,
            "y": 347,
            "w": 23,
            "h": 28,
            "area": 621,
            "area_ratio": 7.850424757281554e-05,
            "confidence": 0.8515625
        },
        {
            "x": 1024,
            "y": 804,
            "w": 22,
            "h": 22,
            "area": 474,
            "area_ratio": 5.9921116504854366e-05,
            "confidence": 0.6826171875
        },
        {
            "x": 1024,
            "y": 2819,
            "w": 23,
            "h": 27,
            "area": 615,
            "area_ratio": 7.774575242718446e-05,
            "confidence": 0.798828125
        },
        {
            "x": 1161,
            "y": 3136,
            "w": 67,
            "h": 30,
            "area": 1997,
            "area_ratio": 0.00025245246763754047,
            "confidence": 0.90283203125
        }
    ]
}