{
    "id": "kriyam_0727_C0",
    "model": "DTD",
    "is_authentic": true,
    "is_ai_generated": false,
    "confidence": 0.64501953125,
    "regions": [
        {
            "x": 481,
            "y": 259,
            "w": 17,
            "h": 14,
            "area": 215,
            "area_ratio": 2.4741309471203417e-05,
            "confidence": 0.64501953125
        },
        {
            "x": 518,
            "y": 1807,
            "w": 3,
            "h": 3,
            "area": 9,
            "area_ratio": 1.0356827220503757e-06,
            "confidence": 0.5078125
        },
        {
            "x": 590,
            "y": 1808,
            "w": 36,
            "h": 29,
            "area": 703,
            "area_ratio": 8.08983281779349e-05,
            "confidence": 0.61572265625
        },
        {
            "x": 558,
            "y": 1817,
            "w": 7,
            "h": 11,
            "area": 54,
            "area_ratio": 6.214096332302254e-06,
            "confidence": 0.56298828125
        }
    ]
}