{
    "id": "kriyam_0562_C2",
    "model": "DTD",
    "is_authentic": true,
    "is_ai_generated": false,
    "confidence": 0.908203125,
    "regions": [
        {
            "x": 630,
            "y": 1865,
            "w": 47,
            "h": 31,
            "area": 1452,
            "area_ratio": 0.00024092067537432303,
            "confidence": 0.908203125
        },
        {
            "x": 168,
            "y": 1866,
            "w": 31,
            "h": 30,
            "area": 615,
            "area_ratio": 0.00010204284804077731,
            "confidence": 0.7060546875
        },
        {
            "x": 170,
            "y": 1881,
            "w": 3,
            "h": 3,
            "area": 9,
            "area_ratio": 1.4933099713284485e-06,
            "confidence": 0.50927734375
        },
        {
            "x": 271,
            "y": 2022,
            "w": 50,
            "h": 31,
            "area": 1450,
            "area_ratio": 0.00024058882871402781,
            "confidence": 0.896484375
        }
    ]
}