{
    "id": "kriyam_0154_C0",
    "model": "DTD",
    "is_authentic": true,
    "is_ai_generated": false,
    "confidence": 0.88671875,
    "regions": [
        {
            "x": 624,
            "y": 624,
            "w": 25,
            "h": 24,
            "area": 590,
            "area_ratio": 6.78947562233024e-05,
            "confidence": 0.77294921875
        },
        {
            "x": 825,
            "y": 1536,
            "w": 22,
            "h": 13,
            "area": 274,
            "area_ratio": 3.153078509353366e-05,
            "confidence": 0.70703125
        },
        {
            "x": 3477,
            "y": 1701,
            "w": 27,
            "h": 15,
            "area": 243,
            "area_ratio": 2.7963433495360142e-05,
            "confidence": 0.63671875
        },
        {
            "x": 2400,
            "y": 2325,
            "w": 24,
            "h": 40,
            "area": 911,
            "area_ratio": 0.00010483410664309913,
            "confidence": 0.88671875
        }
    ]
}