{
    "id": "kriyam_0358_C0",
    "model": "DTD",
    "is_authentic": true,
    "is_ai_generated": false,
    "confidence": 0.87548828125,
    "regions": [
        {
            "x": 467,
            "y": 682,
            "w": 38,
            "h": 41,
            "area": 1283,
            "area_ratio": 0.00014764232582118133,
            "confidence": 0.822265625
        },
        {
            "x": 1191,
            "y": 3379,
            "w": 17,
            "h": 55,
            "area": 699,
            "area_ratio": 8.04380247459125e-05,
            "confidence": 0.80517578125
        },
        {
            "x": 476,
            "y": 3399,
            "w": 36,
            "h": 62,
            "area": 1484,
            "area_ratio": 0.0001707725732803064,
            "confidence": 0.87548828125
        },
        {
            "x": 506,
            "y": 3420,
            "w": 3,
            "h": 3,
            "area": 9,
            "area_ratio": 1.0356827220503757e-06,
            "confidence": 0.5185546875
        }
    ]
}