{
    "id": "kriyam_0652_C4",
    "model": "DTD",
    "is_authentic": true,
    "is_ai_generated": false,
    "confidence": 0.6083984375,
    "regions": [
        {
            "x": 488,
            "y": 2826,
            "w": 24,
            "h": 18,
            "area": 332,
            "area_ratio": 5.508654560900499e-05,
            "confidence": 0.6083984375
        }
    ]
}