{
    "id": "kriyam_0562_C4",
    "model": "DTD",
    "is_authentic": true,
    "is_ai_generated": false,
    "confidence": 0.908203125,
    "regions": [
        {
            "x": 631,
            "y": 1864,
            "w": 47,
            "h": 32,
            "area": 1498,
            "area_ratio": 0.0002485531485611129,
            "confidence": 0.908203125
        },
        {
            "x": 169,
            "y": 1867,
            "w": 3,
            "h": 3,
            "area": 9,
            "area_ratio": 1.4933099713284485e-06,
            "confidence": 0.587890625
        },
        {
            "x": 278,
            "y": 2048,
            "w": 39,
            "h": 5,
            "area": 193,
            "area_ratio": 3.202320271848784e-05,
            "confidence": 0.8515625
        },
        {
            "x": 1576,
            "y": 2717,
            "w": 78,
            "h": 32,
            "area": 1875,
            "area_ratio": 0.00031110624402676013,
            "confidence": 0.759765625
        }
    ]
}