{
    "id": "kriyam_0651_C0",
    "model": "DTD",
    "is_authentic": true,
    "is_ai_generated": false,
    "confidence": 0.67431640625,
    "regions": [
        {
            "x": 1870,
            "y": 2298,
            "w": 23,
            "h": 11,
            "area": 226,
            "area_ratio": 3.884977171461577e-05,
            "confidence": 0.67431640625
        }
    ]
}