{
    "id": "kriyam_0927_C0",
    "model": "DTD",
    "is_authentic": true,
    "is_ai_generated": false,
    "confidence": 0.56103515625,
    "regions": [
        {
            "x": 512,
            "y": 1159,
            "w": 5,
            "h": 3,
            "area": 15,
            "area_ratio": 9.68171678783873e-06,
            "confidence": 0.56103515625
        }
    ]
}