{
    "id": "kriyam_0447_C4",
    "model": "DTD",
    "is_authentic": true,
    "is_ai_generated": false,
    "confidence": 0.83642578125,
    "regions": [
        {
            "x": 786,
            "y": 526,
            "w": 22,
            "h": 32,
            "area": 564,
            "area_ratio": 7.129854368932039e-05,
            "confidence": 0.7119140625
        },
        {
            "x": 822,
            "y": 526,
            "w": 6,
            "h": 5,
            "area": 28,
            "area_ratio": 3.5396440129449838e-06,
            "confidence": 0.53564453125
        },
        {
            "x": 820,
            "y": 545,
            "w": 12,
            "h": 12,
            "area": 119,
            "area_ratio": 1.5043487055016181e-05,
            "confidence": 0.54736328125
        },
        {
            "x": 967,
            "y": 1517,
            "w": 23,
            "h": 15,
            "area": 343,
            "area_ratio": 4.336063915857605e-05,
            "confidence": 0.83642578125
        }
    ]
}