{
    "id": "kriyam_0104_C2",
    "model": "DTD",
    "is_authentic": true,
    "is_ai_generated": false,
    "confidence": 0.71923828125,
    "regions": [
        {
            "x": 2229,
            "y": 2154,
            "w": 10,
            "h": 15,
            "area": 142,
            "area_ratio": 1.6340771836794814e-05,
            "confidence": 0.71923828125
        }
    ]
}