{
    "id": "kriyam_0843_C4",
    "model": "DTD",
    "is_authentic": true,
    "is_ai_generated": false,
    "confidence": 0.595703125,
    "regions": [
        {
            "x": 697,
            "y": 465,
            "w": 9,
            "h": 19,
            "area": 146,
            "area_ratio": 6.964798192587165e-05,
            "confidence": 0.595703125
        },
        {
            "x": 720,
            "y": 465,
            "w": 14,
            "h": 12,
            "area": 123,
            "area_ratio": 5.867603956768639e-05,
            "confidence": 0.55517578125
        },
        {
            "x": 709,
            "y": 471,
            "w": 3,
            "h": 7,
            "area": 21,
            "area_ratio": 1.0017860413995237e-05,
            "confidence": 0.5146484375
        }
    ]
}