{
    "id": "kriyam_0990_C4",
    "model": "DTD",
    "is_authentic": true,
    "is_ai_generated": false,
    "confidence": 0.7021484375,
    "regions": [
        {
            "x": 303,
            "y": 608,
            "w": 45,
            "h": 29,
            "area": 1239,
            "area_ratio": 0.0013092158652870764,
            "confidence": 0.7021484375
        }
    ]
}