{
    "id": "kriyam_0165_C4",
    "model": "DTD",
    "is_authentic": true,
    "is_ai_generated": false,
    "confidence": 0.755859375,
    "regions": [
        {
            "x": 1624,
            "y": 1350,
            "w": 41,
            "h": 26,
            "area": 946,
            "area_ratio": 0.00010886176167329503,
            "confidence": 0.755859375
        },
        {
            "x": 2304,
            "y": 1529,
            "w": 7,
            "h": 3,
            "area": 21,
            "area_ratio": 2.416593018117543e-06,
            "confidence": 0.54052734375
        },
        {
            "x": 1469,
            "y": 1638,
            "w": 17,
            "h": 7,
            "area": 93,
            "area_ratio": 1.0702054794520548e-05,
            "confidence": 0.55859375
        }
    ]
}