{
    "id": "kriyam_0842_C2",
    "model": "DTD",
    "is_authentic": true,
    "is_ai_generated": false,
    "confidence": 0.54052734375,
    "regions": [
        {
            "x": 504,
            "y": 413,
            "w": 8,
            "h": 9,
            "area": 52,
            "area_ratio": 2.4806130548940588e-05,
            "confidence": 0.54052734375
        }
    ]
}