{
    "id": "kriyam_0726_C0",
    "model": "DTD",
    "is_authentic": true,
    "is_ai_generated": false,
    "confidence": 0.853515625,
    "regions": [
        {
            "x": 2399,
            "y": 4281,
            "w": 10,
            "h": 12,
            "area": 92,
            "area_ratio": 2.706748512465165e-06,
            "confidence": 0.556640625
        },
        {
            "x": 3731,
            "y": 7356,
            "w": 93,
            "h": 94,
            "area": 6450,
            "area_ratio": 0.00018976660766739474,
            "confidence": 0.853515625
        }
    ]
}