{
    "id": "kriyam_0354_C2",
    "model": "DTD",
    "is_authentic": true,
    "is_ai_generated": false,
    "confidence": 0.57861328125,
    "regions": [
        {
            "x": 2000,
            "y": 1606,
            "w": 4,
            "h": 3,
            "area": 12,
            "area_ratio": 1.3809102960671674e-06,
            "confidence": 0.52001953125
        },
        {
            "x": 2018,
            "y": 1619,
            "w": 3,
            "h": 4,
            "area": 12,
            "area_ratio": 1.3809102960671674e-06,
            "confidence": 0.57861328125
        }
    ]
}