{
    "id": "kriyam_0985_C4",
    "model": "DTD",
    "is_authentic": true,
    "is_ai_generated": false,
    "confidence": 0.84765625,
    "regions": [
        {
            "x": 191,
            "y": 497,
            "w": 41,
            "h": 15,
            "area": 557,
            "area_ratio": 0.0005885659701088794,
            "confidence": 0.84765625
        }
    ]
}