{
    "id": "kriyam_0456_C0",
    "model": "DTD",
    "is_authentic": true,
    "is_ai_generated": false,
    "confidence": 0.57470703125,
    "regions": [
        {
            "x": 1451,
            "y": 2403,
            "w": 22,
            "h": 20,
            "area": 254,
            "area_ratio": 2.922926793342171e-05,
            "confidence": 0.57470703125
        }
    ]
}