{
    "id": "kriyam_0693_C2",
    "model": "DTD",
    "is_authentic": true,
    "is_ai_generated": false,
    "confidence": 0.79150390625,
    "regions": [
        {
            "x": 0,
            "y": 288,
            "w": 4,
            "h": 106,
            "area": 373,
            "area_ratio": 6.188940214505681e-05,
            "confidence": 0.79150390625
        }
    ]
}