{
    "id": "kriyam_0906_C2",
    "model": "DTD",
    "is_authentic": true,
    "is_ai_generated": false,
    "confidence": 0.62939453125,
    "regions": [
        {
            "x": 395,
            "y": 290,
            "w": 20,
            "h": 22,
            "area": 325,
            "area_ratio": 0.0002097705304031725,
            "confidence": 0.62939453125
        }
    ]
}