{
    "id": "kriyam_0963_C0",
    "model": "DTD",
    "is_authentic": true,
    "is_ai_generated": false,
    "confidence": 0.728515625,
    "regions": [
        {
            "x": 354,
            "y": 298,
            "w": 29,
            "h": 33,
            "area": 655,
            "area_ratio": 0.0011995282466010313,
            "confidence": 0.6025390625
        },
        {
            "x": 286,
            "y": 802,
            "w": 18,
            "h": 10,
            "area": 171,
            "area_ratio": 0.00031315928270042197,
            "confidence": 0.728515625
        }
    ]
}