{
    "id": "kriyam_0595_C0",
    "model": "DTD",
    "is_authentic": true,
    "is_ai_generated": false,
    "confidence": 0.90625,
    "regions": [
        {
            "x": 22,
            "y": 581,
            "w": 45,
            "h": 24,
            "area": 970,
            "area_ratio": 0.0005670127197904976,
            "confidence": 0.90625
        },
        {
            "x": 45,
            "y": 663,
            "w": 3,
            "h": 3,
            "area": 9,
            "area_ratio": 5.260942760942761e-06,
            "confidence": 0.529296875
        },
        {
            "x": 609,
            "y": 721,
            "w": 15,
            "h": 6,
            "area": 78,
            "area_ratio": 4.559483726150393e-05,
            "confidence": 0.552734375
        }
    ]
}