{
    "id": "kriyam_0423_C2",
    "model": "DTD",
    "is_authentic": true,
    "is_ai_generated": false,
    "confidence": 0.90576171875,
    "regions": [
        {
            "x": 1394,
            "y": 2545,
            "w": 18,
            "h": 15,
            "area": 248,
            "area_ratio": 2.8538812785388127e-05,
            "confidence": 0.74169921875
        },
        {
            "x": 1622,
            "y": 2808,
            "w": 36,
            "h": 48,
            "area": 1712,
            "area_ratio": 0.00019700986890558257,
            "confidence": 0.90576171875
        },
        {
            "x": 1338,
            "y": 3141,
            "w": 21,
            "h": 11,
            "area": 228,
            "area_ratio": 2.623729562527618e-05,
            "confidence": 0.84375
        }
    ]
}