{
    "id": "kriyam_0418_C4",
    "model": "DTD",
    "is_authentic": true,
    "is_ai_generated": false,
    "confidence": 0.5498046875,
    "regions": [
        {
            "x": 1906,
            "y": 1691,
            "w": 3,
            "h": 3,
            "area": 9,
            "area_ratio": 1.0356827220503757e-06,
            "confidence": 0.5498046875
        }
    ]
}