{
    "id": "kriyam_0805_C0",
    "model": "DTD",
    "is_authentic": true,
    "is_ai_generated": false,
    "confidence": 0.646484375,
    "regions": [
        {
            "x": 499,
            "y": 1535,
            "w": 13,
            "h": 15,
            "area": 190,
            "area_ratio": 8.941748742507756e-05,
            "confidence": 0.646484375
        }
    ]
}