{
    "id": "kriyam_0157_C4",
    "model": "DTD",
    "is_authentic": true,
    "is_ai_generated": false,
    "confidence": 0.9111328125,
    "regions": [
        {
            "x": 1392,
            "y": 470,
            "w": 20,
            "h": 29,
            "area": 520,
            "area_ratio": 8.73336629619279e-05,
            "confidence": 0.66748046875
        },
        {
            "x": 654,
            "y": 474,
            "w": 61,
            "h": 26,
            "area": 1577,
            "area_ratio": 0.00026485612786723134,
            "confidence": 0.9111328125
        },
        {
            "x": 1383,
            "y": 495,
            "w": 4,
            "h": 3,
            "area": 12,
            "area_ratio": 2.015392222198336e-06,
            "confidence": 0.5302734375
        }
    ]
}