{
    "id": "kriyam_0659_C4",
    "model": "DTD",
    "is_authentic": true,
    "is_ai_generated": false,
    "confidence": 0.66552734375,
    "regions": [
        {
            "x": 784,
            "y": 1077,
            "w": 5,
            "h": 3,
            "area": 15,
            "area_ratio": 2.5123002218863555e-06,
            "confidence": 0.55029296875
        },
        {
            "x": 772,
            "y": 1078,
            "w": 5,
            "h": 3,
            "area": 15,
            "area_ratio": 2.5123002218863555e-06,
            "confidence": 0.5126953125
        },
        {
            "x": 101,
            "y": 2381,
            "w": 29,
            "h": 26,
            "area": 515,
            "area_ratio": 8.625564095143154e-05,
            "confidence": 0.66552734375
        }
    ]
}