{
    "id": "kriyam_0762_C4",
    "model": "DTD",
    "is_authentic": true,
    "is_ai_generated": false,
    "confidence": 0.55029296875,
    "regions": [
        {
            "x": 757,
            "y": 539,
            "w": 9,
            "h": 7,
            "area": 56,
            "area_ratio": 3.556910569105691e-05,
            "confidence": 0.55029296875
        }
    ]
}