{
    "id": "kriyam_0633_C0",
    "model": "DTD",
    "is_authentic": true,
    "is_ai_generated": false,
    "confidence": 0.91357421875,
    "regions": [
        {
            "x": 1616,
            "y": 302,
            "w": 92,
            "h": 25,
            "area": 2212,
            "area_ratio": 0.00036702240628650314,
            "confidence": 0.908203125
        },
        {
            "x": 1820,
            "y": 1013,
            "w": 60,
            "h": 11,
            "area": 620,
            "area_ratio": 0.00010287246469151534,
            "confidence": 0.90869140625
        },
        {
            "x": 1552,
            "y": 1444,
            "w": 5,
            "h": 7,
            "area": 31,
            "area_ratio": 5.143623234575767e-06,
            "confidence": 0.59716796875
        },
        {
            "x": 1792,
            "y": 2168,
            "w": 126,
            "h": 109,
            "area": 13517,
            "area_ratio": 0.0022427856536051823,
            "confidence": 0.91357421875
        }
    ]
}