{
    "id": "kriyam_0155_C4",
    "model": "DTD",
    "is_authentic": true,
    "is_ai_generated": false,
    "confidence": 0.73095703125,
    "regions": [
        {
            "x": 290,
            "y": 416,
            "w": 64,
            "h": 17,
            "area": 882,
            "area_ratio": 0.000459375,
            "confidence": 0.6953125
        },
        {
            "x": 129,
            "y": 421,
            "w": 29,
            "h": 13,
            "area": 338,
            "area_ratio": 0.00017604166666666666,
            "confidence": 0.73095703125
        }
    ]
}