{
    "id": "kriyam_0570_C2",
    "model": "DTD",
    "is_authentic": true,
    "is_ai_generated": false,
    "confidence": 0.8818359375,
    "regions": [
        {
            "x": 610,
            "y": 646,
            "w": 67,
            "h": 37,
            "area": 2408,
            "area_ratio": 0.0003995433789954338,
            "confidence": 0.865234375
        },
        {
            "x": 353,
            "y": 696,
            "w": 3,
            "h": 3,
            "area": 9,
            "area_ratio": 1.4933099713284485e-06,
            "confidence": 0.50537109375
        },
        {
            "x": 1204,
            "y": 1065,
            "w": 29,
            "h": 18,
            "area": 513,
            "area_ratio": 8.511866836572157e-05,
            "confidence": 0.68896484375
        },
        {
            "x": 896,
            "y": 1694,
            "w": 60,
            "h": 22,
            "area": 1282,
            "area_ratio": 0.00021271370924923013,
            "confidence": 0.8818359375
        }
    ]
}