{
    "id": "kriyam_0278_C2",
    "model": "DTD",
    "is_authentic": true,
    "is_ai_generated": false,
    "confidence": 0.822265625,
    "regions": [
        {
            "x": 993,
            "y": 1378,
            "w": 58,
            "h": 23,
            "area": 1177,
            "area_ratio": 0.0006654590027500362,
            "confidence": 0.822265625
        }
    ]
}