{
    "id": "kriyam_0451_C0",
    "model": "DTD",
    "is_authentic": true,
    "is_ai_generated": false,
    "confidence": 0.73291015625,
    "regions": [
        {
            "x": 1474,
            "y": 994,
            "w": 9,
            "h": 30,
            "area": 143,
            "area_ratio": 1.6455847694800413e-05,
            "confidence": 0.73291015625
        },
        {
            "x": 1487,
            "y": 1012,
            "w": 23,
            "h": 12,
            "area": 152,
            "area_ratio": 1.7491530416850787e-05,
            "confidence": 0.6318359375
        },
        {
            "x": 704,
            "y": 2805,
            "w": 10,
            "h": 5,
            "area": 42,
            "area_ratio": 4.833186036235086e-06,
            "confidence": 0.5791015625
        },
        {
            "x": 708,
            "y": 2814,
            "w": 3,
            "h": 4,
            "area": 12,
            "area_ratio": 1.3809102960671674e-06,
            "confidence": 0.517578125
        }
    ]
}