{
    "id": "kriyam_0889_C2",
    "model": "DTD",
    "is_authentic": true,
    "is_ai_generated": false,
    "confidence": 0.595703125,
    "regions": [
        {
            "x": 226,
            "y": 561,
            "w": 17,
            "h": 9,
            "area": 99,
            "area_ratio": 0.00020559210526315788,
            "confidence": 0.595703125
        }
    ]
}