{
    "id": "kriyam_0295_C2",
    "model": "DTD",
    "is_authentic": true,
    "is_ai_generated": false,
    "confidence": 0.57080078125,
    "regions": [
        {
            "x": 185,
            "y": 1267,
            "w": 9,
            "h": 10,
            "area": 89,
            "area_ratio": 2.454766107678729e-05,
            "confidence": 0.57080078125
        }
    ]
}