{
    "id": "kriyam_0845_C0",
    "model": "DTD",
    "is_authentic": true,
    "is_ai_generated": false,
    "confidence": 0.90283203125,
    "regions": [
        {
            "x": 149,
            "y": 891,
            "w": 33,
            "h": 14,
            "area": 399,
            "area_ratio": 0.0001903393478659095,
            "confidence": 0.90283203125
        },
        {
            "x": 505,
            "y": 994,
            "w": 7,
            "h": 12,
            "area": 81,
            "area_ratio": 3.8640318739695915e-05,
            "confidence": 0.7412109375
        },
        {
            "x": 150,
            "y": 1275,
            "w": 31,
            "h": 14,
            "area": 379,
            "area_ratio": 0.00018079852842400927,
            "confidence": 0.7705078125
        },
        {
            "x": 492,
            "y": 1274,
            "w": 20,
            "h": 15,
            "area": 291,
            "area_ratio": 0.0001388189228796483,
            "confidence": 0.80517578125
        }
    ]
}