{
    "id": "kriyam_0158_C2",
    "model": "DTD",
    "is_authentic": true,
    "is_ai_generated": false,
    "confidence": 0.88134765625,
    "regions": [
        {
            "x": 385,
            "y": 888,
            "w": 121,
            "h": 22,
            "area": 2425,
            "area_ratio": 0.0004012647202101072,
            "confidence": 0.84912109375
        },
        {
            "x": 1848,
            "y": 2154,
            "w": 107,
            "h": 25,
            "area": 2404,
            "area_ratio": 0.0003977898504680815,
            "confidence": 0.88134765625
        },
        {
            "x": 1847,
            "y": 2193,
            "w": 108,
            "h": 22,
            "area": 2061,
            "area_ratio": 0.0003410336446816622,
            "confidence": 0.857421875
        },
        {
            "x": 1893,
            "y": 2230,
            "w": 68,
            "h": 16,
            "area": 1076,
            "area_ratio": 0.00017804570678188673,
            "confidence": 0.81103515625
        }
    ]
}