{
    "id": "kriyam_0906_C0",
    "model": "DTD",
    "is_authentic": true,
    "is_ai_generated": false,
    "confidence": 0.6455078125,
    "regions": [
        {
            "x": 869,
            "y": 825,
            "w": 13,
            "h": 14,
            "area": 157,
            "area_ratio": 0.00010133530237937872,
            "confidence": 0.6455078125
        }
    ]
}