{
    "id": "kriyam_0235_C4",
    "model": "DTD",
    "is_authentic": true,
    "is_ai_generated": false,
    "confidence": 0.705078125,
    "regions": [
        {
            "x": 1536,
            "y": 1785,
            "w": 5,
            "h": 20,
            "area": 89,
            "area_ratio": 1.476717638313688e-05,
            "confidence": 0.705078125
        }
    ]
}