{
    "id": "kriyam_0469_C2",
    "model": "DTD",
    "is_authentic": true,
    "is_ai_generated": false,
    "confidence": 0.89794921875,
    "regions": [
        {
            "x": 1086,
            "y": 2048,
            "w": 33,
            "h": 22,
            "area": 420,
            "area_ratio": 4.8331860362350864e-05,
            "confidence": 0.68017578125
        },
        {
            "x": 636,
            "y": 2760,
            "w": 30,
            "h": 32,
            "area": 946,
            "area_ratio": 0.00010886176167329503,
            "confidence": 0.89794921875
        },
        {
            "x": 1724,
            "y": 2825,
            "w": 8,
            "h": 4,
            "area": 29,
            "area_ratio": 3.3371998821623214e-06,
            "confidence": 0.54833984375
        },
        {
            "x": 1734,
            "y": 2840,
            "w": 4,
            "h": 3,
            "area": 12,
            "area_ratio": 1.3809102960671674e-06,
            "confidence": 0.53515625
        }
    ]
}