{
    "id": "kriyam_0200_C4",
    "model": "DTD",
    "is_authentic": true,
    "is_ai_generated": false,
    "confidence": 0.79833984375,
    "regions": [
        {
            "x": 1449,
            "y": 2340,
            "w": 49,
            "h": 20,
            "area": 923,
            "area_ratio": 0.00015314723372623977,
            "confidence": 0.79833984375
        }
    ]
}