{
    "id": "kriyam_0327_C2",
    "model": "DTD",
    "is_authentic": true,
    "is_ai_generated": false,
    "confidence": 0.5869140625,
    "regions": [
        {
            "x": 301,
            "y": 425,
            "w": 20,
            "h": 21,
            "area": 261,
            "area_ratio": 3.003479893946089e-05,
            "confidence": 0.5869140625
        }
    ]
}