{
    "id": "kriyam_0424_C0",
    "model": "DTD",
    "is_authentic": true,
    "is_ai_generated": false,
    "confidence": 0.89599609375,
    "regions": [
        {
            "x": 570,
            "y": 1017,
            "w": 21,
            "h": 7,
            "area": 136,
            "area_ratio": 1.565031668876123e-05,
            "confidence": 0.72119140625
        },
        {
            "x": 1326,
            "y": 1087,
            "w": 50,
            "h": 70,
            "area": 2807,
            "area_ratio": 0.0003230179334217116,
            "confidence": 0.89599609375
        },
        {
            "x": 1362,
            "y": 1174,
            "w": 8,
            "h": 4,
            "area": 28,
            "area_ratio": 3.222124024156724e-06,
            "confidence": 0.54736328125
        },
        {
            "x": 466,
            "y": 1537,
            "w": 31,
            "h": 6,
            "area": 139,
            "area_ratio": 1.5995544262778023e-05,
            "confidence": 0.6513671875
        }
    ]
}