{
    "id": "kriyam_0083_C0",
    "model": "DTD",
    "is_authentic": true,
    "is_ai_generated": false,
    "confidence": 0.68603515625,
    "regions": [
        {
            "x": 1730,
            "y": 615,
            "w": 71,
            "h": 52,
            "area": 2483,
            "area_ratio": 0.00028481459865803345,
            "confidence": 0.68310546875
        },
        {
            "x": 2042,
            "y": 2052,
            "w": 78,
            "h": 39,
            "area": 2484,
            "area_ratio": 0.000284929304497203,
            "confidence": 0.68603515625
        }
    ]
}