{
    "id": "kriyam_0280_C4",
    "model": "DTD",
    "is_authentic": true,
    "is_ai_generated": false,
    "confidence": 0.7861328125,
    "regions": [
        {
            "x": 128,
            "y": 961,
            "w": 40,
            "h": 27,
            "area": 1030,
            "area_ratio": 0.0005577456246750996,
            "confidence": 0.7861328125
        }
    ]
}