{
    "id": "kriyam_1041_C2",
    "model": "DTD",
    "is_authentic": true,
    "is_ai_generated": false,
    "confidence": 0.61328125,
    "regions": [
        {
            "x": 219,
            "y": 452,
            "w": 11,
            "h": 6,
            "area": 52,
            "area_ratio": 0.00012501923372826588,
            "confidence": 0.61328125
        }
    ]
}