{
    "id": "kriyam_0453_C2",
    "model": "DTD",
    "is_authentic": true,
    "is_ai_generated": false,
    "confidence": 0.83935546875,
    "regions": [
        {
            "x": 1298,
            "y": 2246,
            "w": 4,
            "h": 3,
            "area": 12,
            "area_ratio": 1.3809102960671674e-06,
            "confidence": 0.517578125
        },
        {
            "x": 1735,
            "y": 2876,
            "w": 18,
            "h": 17,
            "area": 208,
            "area_ratio": 2.3935778465164235e-05,
            "confidence": 0.60498046875
        },
        {
            "x": 1740,
            "y": 2918,
            "w": 13,
            "h": 13,
            "area": 114,
            "area_ratio": 1.311864781263809e-05,
            "confidence": 0.58642578125
        },
        {
            "x": 790,
            "y": 3086,
            "w": 31,
            "h": 15,
            "area": 430,
            "area_ratio": 4.948261894240683e-05,
            "confidence": 0.83935546875
        }
    ]
}