{
    "id": "kriyam_0119_C4",
    "model": "DTD",
    "is_authentic": true,
    "is_ai_generated": false,
    "confidence": 0.90185546875,
    "regions": [
        {
            "x": 401,
            "y": 817,
            "w": 22,
            "h": 29,
            "area": 529,
            "area_ratio": 6.087512888496097e-05,
            "confidence": 0.669921875
        },
        {
            "x": 774,
            "y": 1536,
            "w": 24,
            "h": 24,
            "area": 560,
            "area_ratio": 6.444248048313448e-05,
            "confidence": 0.90185546875
        },
        {
            "x": 512,
            "y": 2800,
            "w": 11,
            "h": 31,
            "area": 306,
            "area_ratio": 3.521321254971277e-05,
            "confidence": 0.79052734375
        },
        {
            "x": 299,
            "y": 3376,
            "w": 45,
            "h": 39,
            "area": 1415,
            "area_ratio": 0.00016283233907792016,
            "confidence": 0.765625
        }
    ]
}