{
    "id": "kriyam_0138_C0",
    "model": "DTD",
    "is_authentic": true,
    "is_ai_generated": false,
    "confidence": 0.63671875,
    "regions": [
        {
            "x": 2994,
            "y": 598,
            "w": 29,
            "h": 18,
            "area": 298,
            "area_ratio": 3.429260568566799e-05,
            "confidence": 0.5615234375
        },
        {
            "x": 3010,
            "y": 619,
            "w": 3,
            "h": 3,
            "area": 9,
            "area_ratio": 1.0356827220503757e-06,
            "confidence": 0.51904296875
        },
        {
            "x": 2974,
            "y": 2375,
            "w": 18,
            "h": 25,
            "area": 356,
            "area_ratio": 4.096700544999263e-05,
            "confidence": 0.63671875
        },
        {
            "x": 2995,
            "y": 2388,
            "w": 4,
            "h": 8,
            "area": 29,
            "area_ratio": 3.3371998821623214e-06,
            "confidence": 0.5244140625
        }
    ]
}