{
    "id": "kriyam_0206_C0",
    "model": "DTD",
    "is_authentic": true,
    "is_ai_generated": false,
    "confidence": 0.82080078125,
    "regions": [
        {
            "x": 2401,
            "y": 249,
            "w": 14,
            "h": 10,
            "area": 116,
            "area_ratio": 1.3348799528649285e-05,
            "confidence": 0.61279296875
        },
        {
            "x": 701,
            "y": 404,
            "w": 40,
            "h": 20,
            "area": 635,
            "area_ratio": 7.307316983355428e-05,
            "confidence": 0.6611328125
        },
        {
            "x": 49,
            "y": 625,
            "w": 23,
            "h": 23,
            "area": 409,
            "area_ratio": 4.706602592428929e-05,
            "confidence": 0.59521484375
        },
        {
            "x": 1384,
            "y": 1196,
            "w": 40,
            "h": 28,
            "area": 891,
            "area_ratio": 0.00010253258948298719,
            "confidence": 0.82080078125
        }
    ]
}