{
    "id": "kriyam_0178_C2",
    "model": "DTD",
    "is_authentic": true,
    "is_ai_generated": false,
    "confidence": 0.77294921875,
    "regions": [
        {
            "x": 93,
            "y": 945,
            "w": 4,
            "h": 4,
            "area": 15,
            "area_ratio": 2.488849952214081e-06,
            "confidence": 0.55615234375
        },
        {
            "x": 1593,
            "y": 1518,
            "w": 54,
            "h": 15,
            "area": 647,
            "area_ratio": 0.00010735239460550069,
            "confidence": 0.77294921875
        },
        {
            "x": 1317,
            "y": 1572,
            "w": 31,
            "h": 12,
            "area": 321,
            "area_ratio": 5.3261388977381335e-05,
            "confidence": 0.689453125
        },
        {
            "x": 1024,
            "y": 1757,
            "w": 5,
            "h": 9,
            "area": 45,
            "area_ratio": 7.466549856642242e-06,
            "confidence": 0.59228515625
        }
    ]
}