{
    "id": "kriyam_0439_C0",
    "model": "DTD",
    "is_authentic": true,
    "is_ai_generated": false,
    "confidence": 0.7353515625,
    "regions": [
        {
            "x": 1024,
            "y": 935,
            "w": 5,
            "h": 27,
            "area": 134,
            "area_ratio": 1.5420164972750038e-05,
            "confidence": 0.7353515625
        }
    ]
}