{
    "id": "kriyam_0112_C4",
    "model": "DTD",
    "is_authentic": true,
    "is_ai_generated": false,
    "confidence": 0.8134765625,
    "regions": [
        {
            "x": 1536,
            "y": 880,
            "w": 11,
            "h": 23,
            "area": 250,
            "area_ratio": 2.8768964501399324e-05,
            "confidence": 0.8134765625
        },
        {
            "x": 22,
            "y": 2636,
            "w": 26,
            "h": 42,
            "area": 998,
            "area_ratio": 0.00011484570628958609,
            "confidence": 0.7939453125
        }
    ]
}