{
    "id": "kriyam_0463_C0",
    "model": "DTD",
    "is_authentic": true,
    "is_ai_generated": false,
    "confidence": 0.75146484375,
    "regions": [
        {
            "x": 211,
            "y": 937,
            "w": 30,
            "h": 32,
            "area": 881,
            "area_ratio": 0.00010138183090293121,
            "confidence": 0.62158203125
        },
        {
            "x": 2240,
            "y": 936,
            "w": 33,
            "h": 34,
            "area": 1103,
            "area_ratio": 0.00012692867138017382,
            "confidence": 0.75146484375
        },
        {
            "x": 1254,
            "y": 2992,
            "w": 10,
            "h": 6,
            "area": 53,
            "area_ratio": 6.099020474296656e-06,
            "confidence": 0.63232421875
        }
    ]
}