{
    "id": "kriyam_0078_C0",
    "model": "DTD",
    "is_authentic": true,
    "is_ai_generated": false,
    "confidence": 0.83984375,
    "regions": [
        {
            "x": 864,
            "y": 480,
            "w": 42,
            "h": 32,
            "area": 1257,
            "area_ratio": 0.00014465035351303579,
            "confidence": 0.83984375
        },
        {
            "x": 708,
            "y": 2553,
            "w": 24,
            "h": 7,
            "area": 147,
            "area_ratio": 1.6916151126822803e-05,
            "confidence": 0.68115234375
        },
        {
            "x": 806,
            "y": 2560,
            "w": 25,
            "h": 12,
            "area": 207,
            "area_ratio": 2.382070260715864e-05,
            "confidence": 0.5673828125
        }
    ]
}