{
    "id": "kriyam_0444_C0",
    "model": "DTD",
    "is_authentic": true,
    "is_ai_generated": false,
    "confidence": 0.90771484375,
    "regions": [
        {
            "x": 125,
            "y": 123,
            "w": 159,
            "h": 38,
            "area": 5403,
            "area_ratio": 0.0006217548608042422,
            "confidence": 0.90771484375
        },
        {
            "x": 287,
            "y": 123,
            "w": 119,
            "h": 38,
            "area": 4298,
            "area_ratio": 0.0004945960377080572,
            "confidence": 0.90478515625
        },
        {
            "x": 424,
            "y": 122,
            "w": 104,
            "h": 38,
            "area": 3617,
            "area_ratio": 0.0004162293784062454,
            "confidence": 0.89501953125
        },
        {
            "x": 1750,
            "y": 1952,
            "w": 32,
            "h": 32,
            "area": 1016,
            "area_ratio": 0.00011691707173368684,
            "confidence": 0.88671875
        }
    ]
}