{
    "id": "kriyam_0362_C0",
    "model": "DTD",
    "is_authentic": true,
    "is_ai_generated": false,
    "confidence": 0.6962890625,
    "regions": [
        {
            "x": 424,
            "y": 1325,
            "w": 22,
            "h": 29,
            "area": 579,
            "area_ratio": 6.662892178524083e-05,
            "confidence": 0.6962890625
        }
    ]
}