{
    "id": "kriyam_0010_C4",
    "model": "DTD",
    "is_authentic": true,
    "is_ai_generated": false,
    "confidence": 0.64501953125,
    "regions": [
        {
            "x": 1035,
            "y": 2048,
            "w": 26,
            "h": 3,
            "area": 78,
            "area_ratio": 1.5442657847721137e-05,
            "confidence": 0.64501953125
        }
    ]
}