{
    "id": "kriyam_0152_C2",
    "model": "DTD",
    "is_authentic": true,
    "is_ai_generated": false,
    "confidence": 0.90771484375,
    "regions": [
        {
            "x": 635,
            "y": 473,
            "w": 61,
            "h": 25,
            "area": 1458,
            "area_ratio": 0.00024707978134964534,
            "confidence": 0.90771484375
        }
    ]
}