{
    "id": "kriyam_0773_C2",
    "model": "DTD",
    "is_authentic": true,
    "is_ai_generated": false,
    "confidence": 0.57958984375,
    "regions": [
        {
            "x": 1404,
            "y": 446,
            "w": 3,
            "h": 3,
            "area": 9,
            "area_ratio": 2.337827503657401e-06,
            "confidence": 0.57958984375
        }
    ]
}