{
    "id": "kriyam_0182_C2",
    "model": "DTD",
    "is_authentic": true,
    "is_ai_generated": false,
    "confidence": 0.91650390625,
    "regions": [
        {
            "x": 71,
            "y": 626,
            "w": 197,
            "h": 34,
            "area": 6514,
            "area_ratio": 0.0011197673139336597,
            "confidence": 0.90771484375
        },
        {
            "x": 512,
            "y": 776,
            "w": 87,
            "h": 44,
            "area": 3560,
            "area_ratio": 0.0006119698553275758,
            "confidence": 0.88525390625
        },
        {
            "x": 1515,
            "y": 810,
            "w": 159,
            "h": 34,
            "area": 5368,
            "area_ratio": 0.0009227680290445019,
            "confidence": 0.91650390625
        },
        {
            "x": 1616,
            "y": 1389,
            "w": 62,
            "h": 31,
            "area": 1877,
            "area_ratio": 0.0003226593872050168,
            "confidence": 0.916015625
        }
    ]
}