{
    "id": "kriyam_0086_C2",
    "model": "DTD",
    "is_authentic": true,
    "is_ai_generated": false,
    "confidence": 0.7158203125,
    "regions": [
        {
            "x": 2025,
            "y": 2786,
            "w": 7,
            "h": 19,
            "area": 130,
            "area_ratio": 1.5503831593087866e-05,
            "confidence": 0.7158203125
        }
    ]
}