{
    "id": "kriyam_0981_C0",
    "model": "DTD",
    "is_authentic": true,
    "is_ai_generated": false,
    "confidence": 0.73046875,
    "regions": [
        {
            "x": 375,
            "y": 235,
            "w": 9,
            "h": 10,
            "area": 66,
            "area_ratio": 6.974031243659971e-05,
            "confidence": 0.58642578125
        },
        {
            "x": 386,
            "y": 235,
            "w": 4,
            "h": 5,
            "area": 18,
            "area_ratio": 1.902008520998174e-05,
            "confidence": 0.55322265625
        },
        {
            "x": 220,
            "y": 1105,
            "w": 12,
            "h": 23,
            "area": 261,
            "area_ratio": 0.00027579123554473525,
            "confidence": 0.73046875
        }
    ]
}