{
    "id": "kriyam_0582_C2",
    "model": "DTD",
    "is_authentic": true,
    "is_ai_generated": false,
    "confidence": 0.89111328125,
    "regions": [
        {
            "x": 1288,
            "y": 512,
            "w": 28,
            "h": 11,
            "area": 272,
            "area_ratio": 5.477580584876722e-05,
            "confidence": 0.64013671875
        },
        {
            "x": 1271,
            "y": 515,
            "w": 7,
            "h": 3,
            "area": 21,
            "area_ratio": 4.229014422147469e-06,
            "confidence": 0.53271484375
        },
        {
            "x": 264,
            "y": 573,
            "w": 9,
            "h": 13,
            "area": 92,
            "area_ratio": 1.8527110801788914e-05,
            "confidence": 0.5771484375
        },
        {
            "x": 292,
            "y": 1407,
            "w": 22,
            "h": 29,
            "area": 627,
            "area_ratio": 0.00012626628774697446,
            "confidence": 0.89111328125
        }
    ]
}