{
    "id": "kriyam_0212_C0",
    "model": "DTD",
    "is_authentic": false,
    "is_ai_generated": false,
    "confidence": 0.90625,
    "regions": [
        {
            "x": 599,
            "y": 40,
            "w": 19,
            "h": 18,
            "area": 324,
            "area_ratio": 0.00022714016511127063,
            "confidence": 0.85693359375
        },
        {
            "x": 550,
            "y": 138,
            "w": 28,
            "h": 16,
            "area": 411,
            "area_ratio": 0.0002881315057430007,
            "confidence": 0.8828125
        },
        {
            "x": 380,
            "y": 620,
            "w": 75,
            "h": 18,
            "area": 1189,
            "area_ratio": 0.0008335483219669777,
            "confidence": 0.79345703125
        },
        {
            "x": 140,
            "y": 740,
            "w": 108,
            "h": 26,
            "area": 2402,
            "area_ratio": 0.0016839218413496051,
            "confidence": 0.90625
        }
    ]
}