{
    "id": "kriyam_0566_C4",
    "model": "DTD",
    "is_authentic": true,
    "is_ai_generated": false,
    "confidence": 0.90966796875,
    "regions": [
        {
            "x": 1393,
            "y": 1985,
            "w": 56,
            "h": 35,
            "area": 1821,
            "area_ratio": 0.0003021463841987894,
            "confidence": 0.90966796875
        },
        {
            "x": 1384,
            "y": 2816,
            "w": 81,
            "h": 80,
            "area": 6376,
            "area_ratio": 0.001057927153021132,
            "confidence": 0.9091796875
        }
    ]
}