{
    "id": "kriyam_1026_C4",
    "model": "DTD",
    "is_authentic": true,
    "is_ai_generated": false,
    "confidence": 0.80517578125,
    "regions": [
        {
            "x": 86,
            "y": 513,
            "w": 32,
            "h": 14,
            "area": 430,
            "area_ratio": 0.0008647039897039897,
            "confidence": 0.80517578125
        }
    ]
}