{
    "id": "kriyam_0381_C4",
    "model": "DTD",
    "is_authentic": true,
    "is_ai_generated": false,
    "confidence": 0.7392578125,
    "regions": [
        {
            "x": 0,
            "y": 322,
            "w": 8,
            "h": 24,
            "area": 175,
            "area_ratio": 2.0138275150979525e-05,
            "confidence": 0.7392578125
        },
        {
            "x": 169,
            "y": 2992,
            "w": 67,
            "h": 5,
            "area": 268,
            "area_ratio": 3.0840329945500076e-05,
            "confidence": 0.71826171875
        }
    ]
}