{
    "id": "kriyam_0765_C2",
    "model": "DTD",
    "is_authentic": true,
    "is_ai_generated": false,
    "confidence": 0.603515625,
    "regions": [
        {
            "x": 40,
            "y": 51,
            "w": 12,
            "h": 8,
            "area": 80,
            "area_ratio": 0.00014467592592592592,
            "confidence": 0.603515625
        },
        {
            "x": 935,
            "y": 51,
            "w": 5,
            "h": 4,
            "area": 19,
            "area_ratio": 3.436053240740741e-05,
            "confidence": 0.58837890625
        }
    ]
}