{
    "id": "kriyam_0202_C0",
    "model": "DTD",
    "is_authentic": true,
    "is_ai_generated": false,
    "confidence": 0.90869140625,
    "regions": [
        {
            "x": 423,
            "y": 431,
            "w": 63,
            "h": 39,
            "area": 2012,
            "area_ratio": 0.0003458661092469333,
            "confidence": 0.9052734375
        },
        {
            "x": 1758,
            "y": 524,
            "w": 50,
            "h": 25,
            "area": 1216,
            "area_ratio": 0.00020903240002200342,
            "confidence": 0.90869140625
        },
        {
            "x": 1664,
            "y": 952,
            "w": 75,
            "h": 33,
            "area": 1602,
            "area_ratio": 0.0002753864348974091,
            "confidence": 0.7470703125
        },
        {
            "x": 202,
            "y": 958,
            "w": 16,
            "h": 26,
            "area": 390,
            "area_ratio": 6.704164145442544e-05,
            "confidence": 0.658203125
        }
    ]
}