{
    "id": "kriyam_0360_C4",
    "model": "DTD",
    "is_authentic": true,
    "is_ai_generated": false,
    "confidence": 0.671875,
    "regions": [
        {
            "x": 477,
            "y": 831,
            "w": 21,
            "h": 16,
            "area": 241,
            "area_ratio": 2.7733281779348946e-05,
            "confidence": 0.57568359375
        },
        {
            "x": 2401,
            "y": 2801,
            "w": 48,
            "h": 22,
            "area": 1053,
            "area_ratio": 0.00012117487847989395,
            "confidence": 0.671875
        }
    ]
}