{
    "id": "kriyam_1009_C0",
    "model": "DTD",
    "is_authentic": true,
    "is_ai_generated": false,
    "confidence": 0.66162109375,
    "regions": [
        {
            "x": 656,
            "y": 216,
            "w": 13,
            "h": 16,
            "area": 130,
            "area_ratio": 0.00013736728207209035,
            "confidence": 0.55224609375
        },
        {
            "x": 656,
            "y": 554,
            "w": 7,
            "h": 3,
            "area": 21,
            "area_ratio": 2.2190099411645365e-05,
            "confidence": 0.52490234375
        },
        {
            "x": 345,
            "y": 726,
            "w": 26,
            "h": 15,
            "area": 320,
            "area_ratio": 0.00033813484817745316,
            "confidence": 0.66162109375
        }
    ]
}