{
    "id": "kriyam_0439_C4",
    "model": "DTD",
    "is_authentic": true,
    "is_ai_generated": false,
    "confidence": 0.8623046875,
    "regions": [
        {
            "x": 453,
            "y": 921,
            "w": 35,
            "h": 35,
            "area": 1012,
            "area_ratio": 0.00011645676830166446,
            "confidence": 0.66650390625
        },
        {
            "x": 1504,
            "y": 2238,
            "w": 32,
            "h": 39,
            "area": 1228,
            "area_ratio": 0.00014131315363087347,
            "confidence": 0.8623046875
        }
    ]
}