{
    "id": "kriyam_0813_C0",
    "model": "DTD",
    "is_authentic": true,
    "is_ai_generated": false,
    "confidence": 0.8291015625,
    "regions": [
        {
            "x": 580,
            "y": 203,
            "w": 35,
            "h": 28,
            "area": 820,
            "area_ratio": 0.00021830062018673754,
            "confidence": 0.66552734375
        },
        {
            "x": 865,
            "y": 846,
            "w": 18,
            "h": 30,
            "area": 524,
            "area_ratio": 0.0001394994207046957,
            "confidence": 0.80859375
        },
        {
            "x": 1002,
            "y": 1408,
            "w": 22,
            "h": 21,
            "area": 455,
            "area_ratio": 0.00012113022217678729,
            "confidence": 0.8291015625
        },
        {
            "x": 471,
            "y": 1588,
            "w": 36,
            "h": 21,
            "area": 723,
            "area_ratio": 0.00019247725414025762,
            "confidence": 0.6748046875
        }
    ]
}