{
    "id": "kriyam_0148_C4",
    "model": "DTD",
    "is_authentic": true,
    "is_ai_generated": false,
    "confidence": 0.89794921875,
    "regions": [
        {
            "x": 415,
            "y": 459,
            "w": 35,
            "h": 16,
            "area": 518,
            "area_ratio": 8.59482850164596e-05,
            "confidence": 0.76904296875
        },
        {
            "x": 1536,
            "y": 1128,
            "w": 27,
            "h": 21,
            "area": 480,
            "area_ratio": 7.964319847085059e-05,
            "confidence": 0.89794921875
        },
        {
            "x": 1729,
            "y": 1556,
            "w": 9,
            "h": 10,
            "area": 73,
            "area_ratio": 1.2112403100775194e-05,
            "confidence": 0.541015625
        },
        {
            "x": 1868,
            "y": 1582,
            "w": 30,
            "h": 13,
            "area": 287,
            "area_ratio": 4.7619995752362746e-05,
            "confidence": 0.55810546875
        }
    ]
}