{
    "id": "kriyam_0292_C2",
    "model": "DTD",
    "is_authentic": true,
    "is_ai_generated": false,
    "confidence": 0.71044921875,
    "regions": [
        {
            "x": 101,
            "y": 671,
            "w": 22,
            "h": 17,
            "area": 326,
            "area_ratio": 0.00021317221175978237,
            "confidence": 0.71044921875
        }
    ]
}