{
    "id": "kriyam_0403_C2",
    "model": "DTD",
    "is_authentic": true,
    "is_ai_generated": false,
    "confidence": 0.90478515625,
    "regions": [
        {
            "x": 567,
            "y": 167,
            "w": 32,
            "h": 32,
            "area": 988,
            "area_ratio": 0.00011951489533011272,
            "confidence": 0.79541015625
        },
        {
            "x": 766,
            "y": 166,
            "w": 48,
            "h": 30,
            "area": 962,
            "area_ratio": 0.00011636976650563607,
            "confidence": 0.68212890625
        },
        {
            "x": 1800,
            "y": 2167,
            "w": 34,
            "h": 32,
            "area": 989,
            "area_ratio": 0.00011963586182336182,
            "confidence": 0.71484375
        },
        {
            "x": 2000,
            "y": 2900,
            "w": 34,
            "h": 33,
            "area": 1098,
            "area_ratio": 0.00013282120958751394,
            "confidence": 0.90478515625
        }
    ]
}