{
    "id": "kriyam_0705_C0",
    "model": "DTD",
    "is_authentic": true,
    "is_ai_generated": false,
    "confidence": 0.71435546875,
    "regions": [
        {
            "x": 1183,
            "y": 1038,
            "w": 11,
            "h": 15,
            "area": 131,
            "area_ratio": 1.0451771854575164e-05,
            "confidence": 0.5546875
        },
        {
            "x": 470,
            "y": 1306,
            "w": 40,
            "h": 27,
            "area": 830,
            "area_ratio": 6.622114991830065e-05,
            "confidence": 0.71435546875
        }
    ]
}