{
    "id": "kriyam_0271_C4",
    "model": "DTD",
    "is_authentic": true,
    "is_ai_generated": false,
    "confidence": 0.6494140625,
    "regions": [
        {
            "x": 914,
            "y": 1149,
            "w": 28,
            "h": 16,
            "area": 331,
            "area_ratio": 0.00025654141865079366,
            "confidence": 0.6494140625
        }
    ]
}