{
    "id": "kriyam_0541_C4",
    "model": "DTD",
    "is_authentic": true,
    "is_ai_generated": false,
    "confidence": 0.8681640625,
    "regions": [
        {
            "x": 453,
            "y": 375,
            "w": 59,
            "h": 24,
            "area": 1305,
            "area_ratio": 0.00033898498803032316,
            "confidence": 0.8681640625
        }
    ]
}