{
    "id": "kriyam_0464_C2",
    "model": "DTD",
    "is_authentic": true,
    "is_ai_generated": false,
    "confidence": 0.7626953125,
    "regions": [
        {
            "x": 1024,
            "y": 1636,
            "w": 4,
            "h": 22,
            "area": 75,
            "area_ratio": 8.630689350419797e-06,
            "confidence": 0.7626953125
        },
        {
            "x": 551,
            "y": 3001,
            "w": 16,
            "h": 15,
            "area": 162,
            "area_ratio": 1.864228899690676e-05,
            "confidence": 0.580078125
        },
        {
            "x": 540,
            "y": 3022,
            "w": 29,
            "h": 41,
            "area": 883,
            "area_ratio": 0.0001016119826189424,
            "confidence": 0.689453125
        },
        {
            "x": 1588,
            "y": 3086,
            "w": 6,
            "h": 10,
            "area": 49,
            "area_ratio": 5.638717042274267e-06,
            "confidence": 0.54541015625
        }
    ]
}