{
    "id": "kriyam_0245_C4",
    "model": "DTD",
    "is_authentic": true,
    "is_ai_generated": false,
    "confidence": 0.5439453125,
    "regions": [
        {
            "x": 0,
            "y": 1295,
            "w": 5,
            "h": 8,
            "area": 28,
            "area_ratio": 1.4583333333333333e-05,
            "confidence": 0.5439453125
        }
    ]
}