{
    "id": "kriyam_0623_C4",
    "model": "DTD",
    "is_authentic": true,
    "is_ai_generated": false,
    "confidence": 0.8349609375,
    "regions": [
        {
            "x": 530,
            "y": 1459,
            "w": 23,
            "h": 22,
            "area": 296,
            "area_ratio": 5.0486857043053006e-05,
            "confidence": 0.5849609375
        },
        {
            "x": 1889,
            "y": 2667,
            "w": 19,
            "h": 28,
            "area": 509,
            "area_ratio": 8.681692646930399e-05,
            "confidence": 0.8349609375
        }
    ]
}