{
    "id": "kriyam_0305_C2",
    "model": "DTD",
    "is_authentic": true,
    "is_ai_generated": false,
    "confidence": 0.75048828125,
    "regions": [
        {
            "x": 1230,
            "y": 204,
            "w": 43,
            "h": 19,
            "area": 619,
            "area_ratio": 7.123195610546472e-05,
            "confidence": 0.67919921875
        },
        {
            "x": 3231,
            "y": 424,
            "w": 67,
            "h": 24,
            "area": 1498,
            "area_ratio": 0.00017238363529238474,
            "confidence": 0.75048828125
        },
        {
            "x": 606,
            "y": 2005,
            "w": 5,
            "h": 6,
            "area": 27,
            "area_ratio": 3.107048166151127e-06,
            "confidence": 0.53173828125
        }
    ]
}