{
    "id": "kriyam_0639_C4",
    "model": "DTD",
    "is_authentic": true,
    "is_ai_generated": false,
    "confidence": 0.873046875,
    "regions": [
        {
            "x": 154,
            "y": 494,
            "w": 31,
            "h": 18,
            "area": 493,
            "area_ratio": 0.00025677083333333335,
            "confidence": 0.75341796875
        },
        {
            "x": 172,
            "y": 1165,
            "w": 37,
            "h": 20,
            "area": 725,
            "area_ratio": 0.00037760416666666666,
            "confidence": 0.873046875
        },
        {
            "x": 122,
            "y": 1168,
            "w": 33,
            "h": 17,
            "area": 424,
            "area_ratio": 0.00022083333333333333,
            "confidence": 0.56591796875
        }
    ]
}