{
    "id": "kriyam_0540_C4",
    "model": "DTD",
    "is_authentic": true,
    "is_ai_generated": false,
    "confidence": 0.8740234375,
    "regions": [
        {
            "x": 1074,
            "y": 235,
            "w": 46,
            "h": 26,
            "area": 1128,
            "area_ratio": 0.0002930077137917276,
            "confidence": 0.8212890625
        },
        {
            "x": 497,
            "y": 540,
            "w": 10,
            "h": 18,
            "area": 118,
            "area_ratio": 3.065151615906371e-05,
            "confidence": 0.5537109375
        },
        {
            "x": 497,
            "y": 559,
            "w": 3,
            "h": 3,
            "area": 9,
            "area_ratio": 2.337827503657401e-06,
            "confidence": 0.52001953125
        },
        {
            "x": 941,
            "y": 2160,
            "w": 48,
            "h": 22,
            "area": 1039,
            "area_ratio": 0.0002698891973666711,
            "confidence": 0.8740234375
        }
    ]
}