{
    "id": "kriyam_0275_C4",
    "model": "DTD",
    "is_authentic": true,
    "is_ai_generated": false,
    "confidence": 0.90478515625,
    "regions": [
        {
            "x": 297,
            "y": 431,
            "w": 54,
            "h": 14,
            "area": 730,
            "area_ratio": 0.00036794354838709677,
            "confidence": 0.90478515625
        }
    ]
}