{
    "id": "kriyam_0394_C0",
    "model": "DTD",
    "is_authentic": true,
    "is_ai_generated": false,
    "confidence": 0.90185546875,
    "regions": [
        {
            "x": 534,
            "y": 334,
            "w": 4,
            "h": 6,
            "area": 21,
            "area_ratio": 2.7316433566433566e-06,
            "confidence": 0.62548828125
        },
        {
            "x": 334,
            "y": 433,
            "w": 32,
            "h": 32,
            "area": 973,
            "area_ratio": 0.00012656614219114218,
            "confidence": 0.76904296875
        },
        {
            "x": 334,
            "y": 600,
            "w": 32,
            "h": 16,
            "area": 510,
            "area_ratio": 6.63399100899101e-05,
            "confidence": 0.90185546875
        },
        {
            "x": 1235,
            "y": 613,
            "w": 8,
            "h": 4,
            "area": 27,
            "area_ratio": 3.512112887112887e-06,
            "confidence": 0.55908203125
        }
    ]
}