{
    "id": "kriyam_0633_C2",
    "model": "DTD",
    "is_authentic": true,
    "is_ai_generated": false,
    "confidence": 0.82666015625,
    "regions": [
        {
            "x": 1617,
            "y": 302,
            "w": 91,
            "h": 24,
            "area": 2044,
            "area_ratio": 0.0003391472868217054,
            "confidence": 0.82666015625
        },
        {
            "x": 1544,
            "y": 1442,
            "w": 13,
            "h": 17,
            "area": 115,
            "area_ratio": 1.908118296697462e-05,
            "confidence": 0.7275390625
        },
        {
            "x": 1544,
            "y": 1461,
            "w": 8,
            "h": 3,
            "area": 24,
            "area_ratio": 3.98215992354253e-06,
            "confidence": 0.5498046875
        },
        {
            "x": 1830,
            "y": 2268,
            "w": 12,
            "h": 7,
            "area": 59,
            "area_ratio": 9.789476478708718e-06,
            "confidence": 0.6220703125
        }
    ]
}