{
    "id": "kriyam_0646_C2",
    "model": "DTD",
    "is_authentic": true,
    "is_ai_generated": false,
    "confidence": 0.73681640625,
    "regions": [
        {
            "x": 140,
            "y": 1409,
            "w": 3,
            "h": 3,
            "area": 9,
            "area_ratio": 1.4933099713284485e-06,
            "confidence": 0.50927734375
        },
        {
            "x": 1794,
            "y": 2493,
            "w": 22,
            "h": 22,
            "area": 419,
            "area_ratio": 6.952187533184667e-05,
            "confidence": 0.73681640625
        },
        {
            "x": 1898,
            "y": 2585,
            "w": 8,
            "h": 9,
            "area": 56,
            "area_ratio": 9.291706488265902e-06,
            "confidence": 0.5634765625
        }
    ]
}