{
    "id": "kriyam_0102_C4",
    "model": "DTD",
    "is_authentic": true,
    "is_ai_generated": false,
    "confidence": 0.8740234375,
    "regions": [
        {
            "x": 1191,
            "y": 234,
            "w": 17,
            "h": 16,
            "area": 261,
            "area_ratio": 3.003479893946089e-05,
            "confidence": 0.82421875
        },
        {
            "x": 1184,
            "y": 512,
            "w": 13,
            "h": 7,
            "area": 87,
            "area_ratio": 1.0011599646486965e-05,
            "confidence": 0.6435546875
        },
        {
            "x": 1696,
            "y": 907,
            "w": 14,
            "h": 25,
            "area": 338,
            "area_ratio": 3.8895640005891883e-05,
            "confidence": 0.8740234375
        },
        {
            "x": 989,
            "y": 1024,
            "w": 13,
            "h": 17,
            "area": 185,
            "area_ratio": 2.1289033731035498e-05,
            "confidence": 0.65087890625
        }
    ]
}