{
    "id": "kriyam_0390_C2",
    "model": "DTD",
    "is_authentic": true,
    "is_ai_generated": false,
    "confidence": 0.54345703125,
    "regions": [
        {
            "x": 2049,
            "y": 3,
            "w": 3,
            "h": 4,
            "area": 12,
            "area_ratio": 1.4515979189892234e-06,
            "confidence": 0.52197265625
        },
        {
            "x": 2048,
            "y": 13,
            "w": 3,
            "h": 4,
            "area": 12,
            "area_ratio": 1.4515979189892234e-06,
            "confidence": 0.52294921875
        },
        {
            "x": 1581,
            "y": 790,
            "w": 4,
            "h": 4,
            "area": 15,
            "area_ratio": 1.814497398736529e-06,
            "confidence": 0.54345703125
        }
    ]
}