{
    "id": "kriyam_0743_C4",
    "model": "DTD",
    "is_authentic": true,
    "is_ai_generated": false,
    "confidence": 0.61181640625,
    "regions": [
        {
            "x": 82,
            "y": 382,
            "w": 3,
            "h": 4,
            "area": 12,
            "area_ratio": 7.1111616793719425e-06,
            "confidence": 0.537109375
        },
        {
            "x": 574,
            "y": 1273,
            "w": 25,
            "h": 14,
            "area": 350,
            "area_ratio": 0.00020740888231501498,
            "confidence": 0.61181640625
        }
    ]
}