{
    "id": "kriyam_0310_C0",
    "model": "DTD",
    "is_authentic": true,
    "is_ai_generated": false,
    "confidence": 0.8974609375,
    "regions": [
        {
            "x": 1701,
            "y": 24,
            "w": 48,
            "h": 23,
            "area": 1015,
            "area_ratio": 0.00011680199587568125,
            "confidence": 0.73876953125
        },
        {
            "x": 225,
            "y": 425,
            "w": 23,
            "h": 23,
            "area": 443,
            "area_ratio": 5.09786050964796e-05,
            "confidence": 0.666015625
        },
        {
            "x": 1600,
            "y": 450,
            "w": 24,
            "h": 48,
            "area": 1133,
            "area_ratio": 0.00013038094712034172,
            "confidence": 0.8974609375
        },
        {
            "x": 1600,
            "y": 2150,
            "w": 23,
            "h": 32,
            "area": 600,
            "area_ratio": 6.904551480335838e-05,
            "confidence": 0.72216796875
        }
    ]
}