{
    "id": "kriyam_0785_C4",
    "model": "DTD",
    "is_authentic": true,
    "is_ai_generated": false,
    "confidence": 0.751953125,
    "regions": [
        {
            "x": 921,
            "y": 373,
            "w": 16,
            "h": 13,
            "area": 200,
            "area_ratio": 8.974469429367336e-05,
            "confidence": 0.603515625
        },
        {
            "x": 1005,
            "y": 543,
            "w": 28,
            "h": 20,
            "area": 424,
            "area_ratio": 0.0001902587519025875,
            "confidence": 0.68408203125
        },
        {
            "x": 973,
            "y": 568,
            "w": 78,
            "h": 25,
            "area": 1544,
            "area_ratio": 0.0006928290399471584,
            "confidence": 0.751953125
        },
        {
            "x": 1023,
            "y": 722,
            "w": 30,
            "h": 23,
            "area": 627,
            "area_ratio": 0.000281349616610666,
            "confidence": 0.65283203125
        }
    ]
}