{
    "id": "kriyam_0449_C2",
    "model": "DTD",
    "is_authentic": true,
    "is_ai_generated": false,
    "confidence": 0.82080078125,
    "regions": [
        {
            "x": 1695,
            "y": 2936,
            "w": 27,
            "h": 25,
            "area": 563,
            "area_ratio": 6.478770805715127e-05,
            "confidence": 0.82080078125
        }
    ]
}