{
    "id": "kriyam_0925_C2",
    "model": "DTD",
    "is_authentic": true,
    "is_ai_generated": false,
    "confidence": 0.76708984375,
    "regions": [
        {
            "x": 796,
            "y": 392,
            "w": 44,
            "h": 17,
            "area": 544,
            "area_ratio": 0.0003384296862557732,
            "confidence": 0.76708984375
        }
    ]
}