{
    "id": "kriyam_0612_C4",
    "model": "DTD",
    "is_authentic": true,
    "is_ai_generated": false,
    "confidence": 0.81982421875,
    "regions": [
        {
            "x": 1024,
            "y": 1401,
            "w": 15,
            "h": 44,
            "area": 651,
            "area_ratio": 0.00010831283542039356,
            "confidence": 0.81982421875
        }
    ]
}