{
    "id": "kriyam_0700_C4",
    "model": "DTD",
    "is_authentic": true,
    "is_ai_generated": false,
    "confidence": 0.80029296875,
    "regions": [
        {
            "x": 357,
            "y": 1369,
            "w": 43,
            "h": 33,
            "area": 1376,
            "area_ratio": 0.00022831050228310502,
            "confidence": 0.78369140625
        },
        {
            "x": 742,
            "y": 1752,
            "w": 44,
            "h": 34,
            "area": 1131,
            "area_ratio": 0.0001876592863969417,
            "confidence": 0.7470703125
        },
        {
            "x": 1280,
            "y": 1904,
            "w": 48,
            "h": 34,
            "area": 1282,
            "area_ratio": 0.00021271370924923013,
            "confidence": 0.80029296875
        },
        {
            "x": 507,
            "y": 2171,
            "w": 5,
            "h": 23,
            "area": 114,
            "area_ratio": 1.8915259636827016e-05,
            "confidence": 0.7275390625
        }
    ]
}