{
    "id": "kriyam_1025_C0",
    "model": "DTD",
    "is_authentic": true,
    "is_ai_generated": false,
    "confidence": 0.80712890625,
    "regions": [
        {
            "x": 496,
            "y": 872,
            "w": 18,
            "h": 10,
            "area": 178,
            "area_ratio": 0.00018808750929870833,
            "confidence": 0.80712890625
        }
    ]
}