{
    "id": "kriyam_0752_C2",
    "model": "DTD",
    "is_authentic": true,
    "is_ai_generated": false,
    "confidence": 0.89453125,
    "regions": [
        {
            "x": 749,
            "y": 1385,
            "w": 44,
            "h": 43,
            "area": 1876,
            "area_ratio": 0.0011631944444444443,
            "confidence": 0.89453125
        }
    ]
}