{
    "id": "kriyam_0856_C2",
    "model": "DTD",
    "is_authentic": true,
    "is_ai_generated": false,
    "confidence": 0.728515625,
    "regions": [
        {
            "x": 148,
            "y": 535,
            "w": 13,
            "h": 9,
            "area": 116,
            "area_ratio": 0.0002408958001063264,
            "confidence": 0.728515625
        }
    ]
}