{
    "id": "kriyam_0666_C2",
    "model": "DTD",
    "is_authentic": true,
    "is_ai_generated": false,
    "confidence": 0.908203125,
    "regions": [
        {
            "x": 1599,
            "y": 2225,
            "w": 50,
            "h": 25,
            "area": 1243,
            "area_ratio": 0.0002062426993734735,
            "confidence": 0.908203125
        }
    ]
}