{
    "id": "kriyam_0634_C4",
    "model": "DTD",
    "is_authentic": true,
    "is_ai_generated": false,
    "confidence": 0.90283203125,
    "regions": [
        {
            "x": 1207,
            "y": 1664,
            "w": 60,
            "h": 26,
            "area": 1528,
            "area_ratio": 0.00025353084846554106,
            "confidence": 0.90283203125
        },
        {
            "x": 1533,
            "y": 1667,
            "w": 3,
            "h": 18,
            "area": 54,
            "area_ratio": 8.959859827970691e-06,
            "confidence": 0.6201171875
        },
        {
            "x": 1773,
            "y": 1890,
            "w": 14,
            "h": 29,
            "area": 296,
            "area_ratio": 4.91133057236912e-05,
            "confidence": 0.68505859375
        }
    ]
}