{
    "id": "kriyam_0883_C0",
    "model": "DTD",
    "is_authentic": true,
    "is_ai_generated": false,
    "confidence": 0.75830078125,
    "regions": [
        {
            "x": 227,
            "y": 136,
            "w": 6,
            "h": 9,
            "area": 54,
            "area_ratio": 0.00011214114832535885,
            "confidence": 0.65966796875
        },
        {
            "x": 460,
            "y": 241,
            "w": 54,
            "h": 10,
            "area": 457,
            "area_ratio": 0.000949046384901648,
            "confidence": 0.6533203125
        },
        {
            "x": 301,
            "y": 600,
            "w": 17,
            "h": 10,
            "area": 168,
            "area_ratio": 0.0003488835725677831,
            "confidence": 0.75830078125
        },
        {
            "x": 275,
            "y": 649,
            "w": 28,
            "h": 8,
            "area": 173,
            "area_ratio": 0.00035926701222753856,
            "confidence": 0.64794921875
        }
    ]
}