{
    "id": "kriyam_0703_C4",
    "model": "DTD",
    "is_authentic": false,
    "is_ai_generated": false,
    "confidence": 0.90087890625,
    "regions": [
        {
            "x": 142,
            "y": 329,
            "w": 28,
            "h": 150,
            "area": 3828,
            "area_ratio": 0.0054375,
            "confidence": 0.90087890625
        },
        {
            "x": 308,
            "y": 397,
            "w": 21,
            "h": 77,
            "area": 1539,
            "area_ratio": 0.0021860795454545453,
            "confidence": 0.82861328125
        },
        {
            "x": 508,
            "y": 515,
            "w": 19,
            "h": 131,
            "area": 2219,
            "area_ratio": 0.0031519886363636364,
            "confidence": 0.8955078125
        },
        {
            "x": 46,
            "y": 826,
            "w": 57,
            "h": 82,
            "area": 4396,
            "area_ratio": 0.006244318181818182,
            "confidence": 0.849609375
        }
    ]
}