{
    "id": "kriyam_0093_C4",
    "model": "DTD",
    "is_authentic": true,
    "is_ai_generated": false,
    "confidence": 0.65869140625,
    "regions": [
        {
            "x": 477,
            "y": 831,
            "w": 21,
            "h": 16,
            "area": 237,
            "area_ratio": 2.727297834732656e-05,
            "confidence": 0.5751953125
        },
        {
            "x": 2401,
            "y": 2801,
            "w": 48,
            "h": 22,
            "area": 1048,
            "area_ratio": 0.00012059949918986596,
            "confidence": 0.65869140625
        },
        {
            "x": 1131,
            "y": 3425,
            "w": 11,
            "h": 8,
            "area": 64,
            "area_ratio": 7.364854912358227e-06,
            "confidence": 0.55078125
        }
    ]
}