{
    "id": "kriyam_0106_C0",
    "model": "DTD",
    "is_authentic": true,
    "is_ai_generated": false,
    "confidence": 0.7724609375,
    "regions": [
        {
            "x": 866,
            "y": 608,
            "w": 32,
            "h": 54,
            "area": 1242,
            "area_ratio": 0.00014292421564295182,
            "confidence": 0.7724609375
        }
    ]
}