{
    "id": "kriyam_0599_C2",
    "model": "DTD",
    "is_authentic": true,
    "is_ai_generated": false,
    "confidence": 0.7998046875,
    "regions": [
        {
            "x": 500,
            "y": 1954,
            "w": 12,
            "h": 29,
            "area": 315,
            "area_ratio": 5.202552719200888e-05,
            "confidence": 0.7998046875
        }
    ]
}