{
    "id": "kriyam_0693_C4",
    "model": "DTD",
    "is_authentic": true,
    "is_ai_generated": false,
    "confidence": 0.72998046875,
    "regions": [
        {
            "x": 0,
            "y": 311,
            "w": 3,
            "h": 32,
            "area": 93,
            "area_ratio": 1.5430869703727302e-05,
            "confidence": 0.59765625
        },
        {
            "x": 0,
            "y": 371,
            "w": 3,
            "h": 31,
            "area": 90,
            "area_ratio": 1.4933099713284485e-05,
            "confidence": 0.72998046875
        }
    ]
}