{
    "id": "kriyam_0444_C4",
    "model": "DTD",
    "is_authentic": true,
    "is_ai_generated": false,
    "confidence": 0.8251953125,
    "regions": [
        {
            "x": 236,
            "y": 2869,
            "w": 31,
            "h": 33,
            "area": 973,
            "area_ratio": 0.00011196880983944616,
            "confidence": 0.8251953125
        }
    ]
}