{
    "id": "kriyam_0309_C2",
    "model": "DTD",
    "is_authentic": true,
    "is_ai_generated": false,
    "confidence": 0.76513671875,
    "regions": [
        {
            "x": 607,
            "y": 174,
            "w": 42,
            "h": 26,
            "area": 871,
            "area_ratio": 0.00010023107232287524,
            "confidence": 0.76513671875
        },
        {
            "x": 1032,
            "y": 426,
            "w": 10,
            "h": 6,
            "area": 31,
            "area_ratio": 3.567351598173516e-06,
            "confidence": 0.55419921875
        },
        {
            "x": 2931,
            "y": 1329,
            "w": 40,
            "h": 17,
            "area": 441,
            "area_ratio": 5.0748453380468404e-05,
            "confidence": 0.65283203125
        },
        {
            "x": 1126,
            "y": 2401,
            "w": 22,
            "h": 11,
            "area": 215,
            "area_ratio": 2.4741309471203417e-05,
            "confidence": 0.6572265625
        }
    ]
}