{
    "id": "kriyam_0060_C4",
    "model": "DTD",
    "is_authentic": true,
    "is_ai_generated": false,
    "confidence": 0.607421875,
    "regions": [
        {
            "x": 1969,
            "y": 1145,
            "w": 5,
            "h": 16,
            "area": 65,
            "area_ratio": 7.479930770363824e-06,
            "confidence": 0.607421875
        }
    ]
}