{
    "id": "kriyam_0603_C4",
    "model": "DTD",
    "is_authentic": true,
    "is_ai_generated": false,
    "confidence": 0.904296875,
    "regions": [
        {
            "x": 1903,
            "y": 1629,
            "w": 16,
            "h": 5,
            "area": 62,
            "area_ratio": 1.0287246469151534e-05,
            "confidence": 0.61767578125
        },
        {
            "x": 1914,
            "y": 1690,
            "w": 5,
            "h": 6,
            "area": 26,
            "area_ratio": 4.3140065838377405e-06,
            "confidence": 0.55322265625
        },
        {
            "x": 931,
            "y": 1723,
            "w": 93,
            "h": 30,
            "area": 2376,
            "area_ratio": 0.0003942338324307104,
            "confidence": 0.828125
        },
        {
            "x": 1198,
            "y": 1725,
            "w": 22,
            "h": 34,
            "area": 723,
            "area_ratio": 0.0001199625676967187,
            "confidence": 0.904296875
        }
    ]
}