{
    "id": "kriyam_0979_C0",
    "model": "DTD",
    "is_authentic": true,
    "is_ai_generated": false,
    "confidence": 0.8076171875,
    "regions": [
        {
            "x": 154,
            "y": 543,
            "w": 26,
            "h": 18,
            "area": 463,
            "area_ratio": 0.0004892388584567525,
            "confidence": 0.8076171875
        }
    ]
}