{
    "id": "kriyam_0378_C2",
    "model": "DTD",
    "is_authentic": true,
    "is_ai_generated": false,
    "confidence": 0.8916015625,
    "regions": [
        {
            "x": 778,
            "y": 2104,
            "w": 23,
            "h": 17,
            "area": 371,
            "area_ratio": 4.26931433200766e-05,
            "confidence": 0.8916015625
        }
    ]
}