{
    "id": "kriyam_1015_C0",
    "model": "DTD",
    "is_authentic": true,
    "is_ai_generated": false,
    "confidence": 0.74462890625,
    "regions": [
        {
            "x": 639,
            "y": 512,
            "w": 11,
            "h": 17,
            "area": 187,
            "area_ratio": 0.0001975975519036992,
            "confidence": 0.74462890625
        }
    ]
}