{
    "id": "kriyam_1035_C2",
    "model": "DTD",
    "is_authentic": true,
    "is_ai_generated": false,
    "confidence": 0.5791015625,
    "regions": [
        {
            "x": 182,
            "y": 669,
            "w": 3,
            "h": 3,
            "area": 9,
            "area_ratio": 1.8098455598455598e-05,
            "confidence": 0.51904296875
        },
        {
            "x": 191,
            "y": 669,
            "w": 4,
            "h": 7,
            "area": 27,
            "area_ratio": 5.429536679536679e-05,
            "confidence": 0.5791015625
        }
    ]
}