{
    "id": "kriyam_0886_C0",
    "model": "DTD",
    "is_authentic": true,
    "is_ai_generated": false,
    "confidence": 0.736328125,
    "regions": [
        {
            "x": 315,
            "y": 340,
            "w": 19,
            "h": 10,
            "area": 184,
            "area_ratio": 0.00038211057947900055,
            "confidence": 0.736328125
        },
        {
            "x": 395,
            "y": 410,
            "w": 31,
            "h": 7,
            "area": 217,
            "area_ratio": 0.0004506412812333865,
            "confidence": 0.6982421875
        },
        {
            "x": 507,
            "y": 554,
            "w": 31,
            "h": 10,
            "area": 301,
            "area_ratio": 0.000625083067517278,
            "confidence": 0.73388671875
        },
        {
            "x": 408,
            "y": 625,
            "w": 15,
            "h": 9,
            "area": 135,
            "area_ratio": 0.00028035287081339713,
            "confidence": 0.638671875
        }
    ]
}