{
    "id": "kriyam_0428_C4",
    "model": "DTD",
    "is_authentic": true,
    "is_ai_generated": false,
    "confidence": 0.8154296875,
    "regions": [
        {
            "x": 123,
            "y": 852,
            "w": 52,
            "h": 9,
            "area": 427,
            "area_ratio": 4.913739136839004e-05,
            "confidence": 0.7041015625
        },
        {
            "x": 2062,
            "y": 1720,
            "w": 67,
            "h": 16,
            "area": 1057,
            "area_ratio": 0.00012163518191191634,
            "confidence": 0.8154296875
        }
    ]
}