{
    "id": "kriyam_0624_C4",
    "model": "DTD",
    "is_authentic": true,
    "is_ai_generated": false,
    "confidence": 0.853515625,
    "regions": [
        {
            "x": 1734,
            "y": 989,
            "w": 25,
            "h": 26,
            "area": 619,
            "area_ratio": 0.00010557893415422234,
            "confidence": 0.853515625
        },
        {
            "x": 1005,
            "y": 1684,
            "w": 18,
            "h": 23,
            "area": 382,
            "area_ratio": 6.515533577853462e-05,
            "confidence": 0.634765625
        },
        {
            "x": 1732,
            "y": 2511,
            "w": 26,
            "h": 22,
            "area": 572,
            "area_ratio": 9.75624399615754e-05,
            "confidence": 0.63134765625
        },
        {
            "x": 1889,
            "y": 2667,
            "w": 18,
            "h": 28,
            "area": 500,
            "area_ratio": 8.528185311326521e-05,
            "confidence": 0.77197265625
        }
    ]
}