{
    "id": "kriyam_0330_C4",
    "model": "DTD",
    "is_authentic": true,
    "is_ai_generated": false,
    "confidence": 0.6181640625,
    "regions": [
        {
            "x": 1536,
            "y": 386,
            "w": 15,
            "h": 22,
            "area": 303,
            "area_ratio": 3.486798497569598e-05,
            "confidence": 0.6181640625
        }
    ]
}