{
    "id": "kriyam_1038_C4",
    "model": "DTD",
    "is_authentic": true,
    "is_ai_generated": false,
    "confidence": 0.90478515625,
    "regions": [
        {
            "x": 148,
            "y": 122,
            "w": 26,
            "h": 15,
            "area": 386,
            "area_ratio": 0.0007762226512226512,
            "confidence": 0.90478515625
        }
    ]
}