{
    "id": "kriyam_0878_C0",
    "model": "DTD",
    "is_authentic": true,
    "is_ai_generated": false,
    "confidence": 0.876953125,
    "regions": [
        {
            "x": 206,
            "y": 107,
            "w": 38,
            "h": 12,
            "area": 432,
            "area_ratio": 0.0008971291866028708,
            "confidence": 0.876953125
        },
        {
            "x": 322,
            "y": 106,
            "w": 22,
            "h": 12,
            "area": 247,
            "area_ratio": 0.0005129419191919192,
            "confidence": 0.859375
        },
        {
            "x": 326,
            "y": 208,
            "w": 21,
            "h": 9,
            "area": 180,
            "area_ratio": 0.00037380382775119617,
            "confidence": 0.72802734375
        },
        {
            "x": 182,
            "y": 485,
            "w": 25,
            "h": 10,
            "area": 246,
            "area_ratio": 0.0005108652312599681,
            "confidence": 0.68603515625
        }
    ]
}