{
    "id": "kriyam_0096_C0",
    "model": "DTD",
    "is_authentic": true,
    "is_ai_generated": false,
    "confidence": 0.8134765625,
    "regions": [
        {
            "x": 1504,
            "y": 1029,
            "w": 32,
            "h": 39,
            "area": 1141,
            "area_ratio": 0.00013607593729010196,
            "confidence": 0.8134765625
        }
    ]
}