{
    "id": "kriyam_0890_C4",
    "model": "DTD",
    "is_authentic": true,
    "is_ai_generated": false,
    "confidence": 0.55078125,
    "regions": [
        {
            "x": 185,
            "y": 204,
            "w": 3,
            "h": 3,
            "area": 9,
            "area_ratio": 1.8690191387559808e-05,
            "confidence": 0.53759765625
        },
        {
            "x": 203,
            "y": 210,
            "w": 4,
            "h": 5,
            "area": 17,
            "area_ratio": 3.530369484316853e-05,
            "confidence": 0.55078125
        },
        {
            "x": 190,
            "y": 212,
            "w": 3,
            "h": 3,
            "area": 9,
            "area_ratio": 1.8690191387559808e-05,
            "confidence": 0.50537109375
        },
        {
            "x": 197,
            "y": 212,
            "w": 3,
            "h": 3,
            "area": 9,
            "area_ratio": 1.8690191387559808e-05,
            "confidence": 0.51611328125
        }
    ]
}