{
    "id": "kriyam_0378_C4",
    "model": "DTD",
    "is_authentic": true,
    "is_ai_generated": false,
    "confidence": 0.591796875,
    "regions": [
        {
            "x": 698,
            "y": 999,
            "w": 11,
            "h": 11,
            "area": 60,
            "area_ratio": 6.904551480335838e-06,
            "confidence": 0.53662109375
        }
    ]
}