{
    "id": "kriyam_0542_C0",
    "model": "DTD",
    "is_authentic": true,
    "is_ai_generated": false,
    "confidence": 0.80126953125,
    "regions": [
        {
            "x": 460,
            "y": 1383,
            "w": 52,
            "h": 17,
            "area": 859,
            "area_ratio": 0.00022313264729352308,
            "confidence": 0.80126953125
        }
    ]
}