{
    "id": "kriyam_0473_C4",
    "model": "DTD",
    "is_authentic": true,
    "is_ai_generated": false,
    "confidence": 0.90234375,
    "regions": [
        {
            "x": 749,
            "y": 933,
            "w": 5,
            "h": 5,
            "area": 21,
            "area_ratio": 2.654733009708738e-06,
            "confidence": 0.578125
        },
        {
            "x": 512,
            "y": 2697,
            "w": 23,
            "h": 37,
            "area": 830,
            "area_ratio": 0.00010492516181229774,
            "confidence": 0.88330078125
        },
        {
            "x": 1024,
            "y": 2706,
            "w": 23,
            "h": 28,
            "area": 632,
            "area_ratio": 7.98948220064725e-05,
            "confidence": 0.90234375
        }
    ]
}