{
    "id": "kriyam_0370_C4",
    "model": "DTD",
    "is_authentic": true,
    "is_ai_generated": false,
    "confidence": 0.8046875,
    "regions": [
        {
            "x": 1363,
            "y": 1702,
            "w": 11,
            "h": 33,
            "area": 361,
            "area_ratio": 4.305294773157477e-05,
            "confidence": 0.8046875
        },
        {
            "x": 2351,
            "y": 2069,
            "w": 33,
            "h": 14,
            "area": 422,
            "area_ratio": 5.032782255602369e-05,
            "confidence": 0.7275390625
        }
    ]
}