{
    "id": "kriyam_0931_C4",
    "model": "DTD",
    "is_authentic": true,
    "is_ai_generated": false,
    "confidence": 0.7626953125,
    "regions": [
        {
            "x": 591,
            "y": 495,
            "w": 50,
            "h": 17,
            "area": 808,
            "area_ratio": 0.0005215218109715797,
            "confidence": 0.7626953125
        }
    ]
}