{
    "id": "kriyam_1029_C0",
    "model": "DTD",
    "is_authentic": false,
    "is_ai_generated": false,
    "confidence": 0.91455078125,
    "regions": [
        {
            "x": 377,
            "y": 695,
            "w": 126,
            "h": 34,
            "area": 4253,
            "area_ratio": 0.010225130789352208,
            "confidence": 0.91455078125
        }
    ]
}