{
    "id": "kriyam_0926_C0",
    "model": "DTD",
    "is_authentic": true,
    "is_ai_generated": false,
    "confidence": 0.7744140625,
    "regions": [
        {
            "x": 190,
            "y": 570,
            "w": 22,
            "h": 15,
            "area": 282,
            "area_ratio": 0.00018201627561136813,
            "confidence": 0.6474609375
        },
        {
            "x": 284,
            "y": 859,
            "w": 67,
            "h": 15,
            "area": 850,
            "area_ratio": 0.0005486306179775281,
            "confidence": 0.75634765625
        },
        {
            "x": 354,
            "y": 860,
            "w": 15,
            "h": 11,
            "area": 149,
            "area_ratio": 9.617172009253139e-05,
            "confidence": 0.68359375
        },
        {
            "x": 930,
            "y": 992,
            "w": 44,
            "h": 9,
            "area": 396,
            "area_ratio": 0.0002555973231989425,
            "confidence": 0.7744140625
        }
    ]
}