{
    "id": "kriyam_0672_C2",
    "model": "DTD",
    "is_authentic": true,
    "is_ai_generated": false,
    "confidence": 0.90576171875,
    "regions": [
        {
            "x": 564,
            "y": 355,
            "w": 186,
            "h": 49,
            "area": 8537,
            "area_ratio": 0.0014675243412728973,
            "confidence": 0.90576171875
        },
        {
            "x": 680,
            "y": 804,
            "w": 45,
            "h": 62,
            "area": 2170,
            "area_ratio": 0.0003730265691182133,
            "confidence": 0.86083984375
        },
        {
            "x": 878,
            "y": 1951,
            "w": 15,
            "h": 17,
            "area": 170,
            "area_ratio": 2.9223279608339294e-05,
            "confidence": 0.57763671875
        },
        {
            "x": 895,
            "y": 1951,
            "w": 31,
            "h": 36,
            "area": 754,
            "area_ratio": 0.0001296138401452225,
            "confidence": 0.6748046875
        }
    ]
}