{
    "id": "kriyam_0557_C4",
    "model": "DTD",
    "is_authentic": true,
    "is_ai_generated": false,
    "confidence": 0.72705078125,
    "regions": [
        {
            "x": 1536,
            "y": 713,
            "w": 3,
            "h": 18,
            "area": 54,
            "area_ratio": 8.959859827970691e-06,
            "confidence": 0.72705078125
        }
    ]
}