{
    "id": "kriyam_0914_C0",
    "model": "DTD",
    "is_authentic": true,
    "is_ai_generated": false,
    "confidence": 0.72216796875,
    "regions": [
        {
            "x": 489,
            "y": 772,
            "w": 23,
            "h": 12,
            "area": 247,
            "area_ratio": 0.0001536620082815735,
            "confidence": 0.72216796875
        }
    ]
}