{
    "id": "kriyam_0036_C4",
    "model": "DTD",
    "is_authentic": true,
    "is_ai_generated": false,
    "confidence": 0.697265625,
    "regions": [
        {
            "x": 606,
            "y": 166,
            "w": 29,
            "h": 35,
            "area": 715,
            "area_ratio": 0.00014155769693744376,
            "confidence": 0.697265625
        },
        {
            "x": 104,
            "y": 1024,
            "w": 3,
            "h": 5,
            "area": 15,
            "area_ratio": 2.9697418937925267e-06,
            "confidence": 0.5732421875
        },
        {
            "x": 1660,
            "y": 2048,
            "w": 27,
            "h": 5,
            "area": 127,
            "area_ratio": 2.5143814700776727e-05,
            "confidence": 0.66259765625
        }
    ]
}