{
    "id": "kriyam_0572_C2",
    "model": "DTD",
    "is_authentic": true,
    "is_ai_generated": false,
    "confidence": 0.73583984375,
    "regions": [
        {
            "x": 348,
            "y": 614,
            "w": 45,
            "h": 32,
            "area": 1156,
            "area_ratio": 0.00019200106298166358,
            "confidence": 0.73583984375
        }
    ]
}