{
    "id": "kriyam_0915_C2",
    "model": "DTD",
    "is_authentic": true,
    "is_ai_generated": false,
    "confidence": 0.79296875,
    "regions": [
        {
            "x": 418,
            "y": 699,
            "w": 13,
            "h": 16,
            "area": 138,
            "area_ratio": 8.585164835164836e-05,
            "confidence": 0.71337890625
        },
        {
            "x": 500,
            "y": 699,
            "w": 12,
            "h": 17,
            "area": 174,
            "area_ratio": 0.00010824773053033922,
            "confidence": 0.79296875
        },
        {
            "x": 489,
            "y": 706,
            "w": 8,
            "h": 7,
            "area": 56,
            "area_ratio": 3.483835005574136e-05,
            "confidence": 0.58056640625
        }
    ]
}