{
    "id": "kriyam_0195_C0",
    "model": "DTD",
    "is_authentic": true,
    "is_ai_generated": false,
    "confidence": 0.908203125,
    "regions": [
        {
            "x": 623,
            "y": 512,
            "w": 29,
            "h": 4,
            "area": 96,
            "area_ratio": 1.5972399693329925e-05,
            "confidence": 0.7734375
        },
        {
            "x": 1934,
            "y": 1045,
            "w": 76,
            "h": 21,
            "area": 1521,
            "area_ratio": 0.000253062707641196,
            "confidence": 0.908203125
        },
        {
            "x": 1938,
            "y": 1126,
            "w": 72,
            "h": 24,
            "area": 1662,
            "area_ratio": 0.00027652216969077436,
            "confidence": 0.90625
        },
        {
            "x": 523,
            "y": 1597,
            "w": 62,
            "h": 25,
            "area": 1434,
            "area_ratio": 0.00023858772041911576,
            "confidence": 0.90576171875
        }
    ]
}