{
    "id": "kriyam_0328_C4",
    "model": "DTD",
    "is_authentic": true,
    "is_ai_generated": false,
    "confidence": 0.73095703125,
    "regions": [
        {
            "x": 144,
            "y": 1013,
            "w": 21,
            "h": 11,
            "area": 188,
            "area_ratio": 2.163426130505229e-05,
            "confidence": 0.73095703125
        },
        {
            "x": 2104,
            "y": 1536,
            "w": 24,
            "h": 9,
            "area": 199,
            "area_ratio": 2.290009574311386e-05,
            "confidence": 0.6513671875
        },
        {
            "x": 960,
            "y": 1600,
            "w": 32,
            "h": 21,
            "area": 583,
            "area_ratio": 6.708922521726322e-05,
            "confidence": 0.68896484375
        }
    ]
}