{
    "id": "kriyam_0421_C4",
    "model": "DTD",
    "is_authentic": true,
    "is_ai_generated": false,
    "confidence": 0.9072265625,
    "regions": [
        {
            "x": 1181,
            "y": 2370,
            "w": 36,
            "h": 17,
            "area": 601,
            "area_ratio": 6.916059066136397e-05,
            "confidence": 0.9072265625
        },
        {
            "x": 1195,
            "y": 2531,
            "w": 3,
            "h": 4,
            "area": 12,
            "area_ratio": 1.3809102960671674e-06,
            "confidence": 0.5771484375
        },
        {
            "x": 993,
            "y": 2777,
            "w": 3,
            "h": 3,
            "area": 9,
            "area_ratio": 1.0356827220503757e-06,
            "confidence": 0.51318359375
        },
        {
            "x": 1009,
            "y": 2777,
            "w": 15,
            "h": 18,
            "area": 190,
            "area_ratio": 2.1864413021063486e-05,
            "confidence": 0.5771484375
        }
    ]
}