{
    "id": "kriyam_0455_C0",
    "model": "DTD",
    "is_authentic": true,
    "is_ai_generated": false,
    "confidence": 0.84423828125,
    "regions": [
        {
            "x": 1194,
            "y": 2545,
            "w": 31,
            "h": 15,
            "area": 465,
            "area_ratio": 5.351027397260274e-05,
            "confidence": 0.84423828125
        }
    ]
}