{
    "id": "kriyam_0987_C4",
    "model": "DTD",
    "is_authentic": true,
    "is_ai_generated": false,
    "confidence": 0.57666015625,
    "regions": [
        {
            "x": 85,
            "y": 307,
            "w": 9,
            "h": 8,
            "area": 62,
            "area_ratio": 6.551362683438155e-05,
            "confidence": 0.53076171875
        }
    ]
}