{
    "id": "kriyam_0754_C0",
    "model": "DTD",
    "is_authentic": true,
    "is_ai_generated": false,
    "confidence": 0.8837890625,
    "regions": [
        {
            "x": 434,
            "y": 96,
            "w": 57,
            "h": 26,
            "area": 1412,
            "area_ratio": 0.0008370324000303513,
            "confidence": 0.8837890625
        }
    ]
}