{
    "id": "kriyam_0630_C2",
    "model": "DTD",
    "is_authentic": true,
    "is_ai_generated": false,
    "confidence": 0.5634765625,
    "regions": [
        {
            "x": 627,
            "y": 2144,
            "w": 6,
            "h": 22,
            "area": 104,
            "area_ratio": 1.7161988044695096e-05,
            "confidence": 0.5634765625
        },
        {
            "x": 621,
            "y": 2147,
            "w": 3,
            "h": 4,
            "area": 12,
            "area_ratio": 1.9802293897725113e-06,
            "confidence": 0.5615234375
        },
        {
            "x": 695,
            "y": 2152,
            "w": 11,
            "h": 6,
            "area": 46,
            "area_ratio": 7.590879327461293e-06,
            "confidence": 0.556640625
        }
    ]
}