{
    "id": "kriyam_0252_C0",
    "model": "DTD",
    "is_authentic": true,
    "is_ai_generated": false,
    "confidence": 0.890625,
    "regions": [
        {
            "x": 1091,
            "y": 327,
            "w": 10,
            "h": 15,
            "area": 116,
            "area_ratio": 1.8738692168518996e-05,
            "confidence": 0.58642578125
        },
        {
            "x": 1106,
            "y": 339,
            "w": 5,
            "h": 3,
            "area": 15,
            "area_ratio": 2.4231067459291807e-06,
            "confidence": 0.54443359375
        },
        {
            "x": 486,
            "y": 1602,
            "w": 26,
            "h": 35,
            "area": 825,
            "area_ratio": 0.00013327087102610492,
            "confidence": 0.76171875
        },
        {
            "x": 1900,
            "y": 2538,
            "w": 20,
            "h": 40,
            "area": 793,
            "area_ratio": 0.00012810157663478935,
            "confidence": 0.890625
        }
    ]
}