{
    "id": "kriyam_0455_C2",
    "model": "DTD",
    "is_authentic": true,
    "is_ai_generated": false,
    "confidence": 0.759765625,
    "regions": [
        {
            "x": 481,
            "y": 857,
            "w": 31,
            "h": 21,
            "area": 593,
            "area_ratio": 6.82399837973192e-05,
            "confidence": 0.693359375
        },
        {
            "x": 1310,
            "y": 1968,
            "w": 4,
            "h": 5,
            "area": 18,
            "area_ratio": 2.0713654441007514e-06,
            "confidence": 0.5234375
        },
        {
            "x": 1673,
            "y": 2845,
            "w": 48,
            "h": 11,
            "area": 513,
            "area_ratio": 5.903391515687141e-05,
            "confidence": 0.759765625
        }
    ]
}