{
    "id": "kriyam_0565_C2",
    "model": "DTD",
    "is_authentic": true,
    "is_ai_generated": false,
    "confidence": 0.7841796875,
    "regions": [
        {
            "x": 454,
            "y": 552,
            "w": 44,
            "h": 25,
            "area": 1087,
            "area_ratio": 0.00018035865987044706,
            "confidence": 0.7841796875
        }
    ]
}