{
    "id": "kriyam_0606_C4",
    "model": "DTD",
    "is_authentic": true,
    "is_ai_generated": false,
    "confidence": 0.60986328125,
    "regions": [
        {
            "x": 1024,
            "y": 2138,
            "w": 21,
            "h": 29,
            "area": 481,
            "area_ratio": 7.98091218009982e-05,
            "confidence": 0.60986328125
        }
    ]
}