{
    "id": "kriyam_0911_C0",
    "model": "DTD",
    "is_authentic": true,
    "is_ai_generated": false,
    "confidence": 0.806640625,
    "regions": [
        {
            "x": 643,
            "y": 297,
            "w": 17,
            "h": 15,
            "area": 201,
            "area_ratio": 0.00012504479216435738,
            "confidence": 0.61767578125
        },
        {
            "x": 628,
            "y": 1003,
            "w": 17,
            "h": 10,
            "area": 170,
            "area_ratio": 0.00010575927695492913,
            "confidence": 0.806640625
        },
        {
            "x": 446,
            "y": 1034,
            "w": 11,
            "h": 9,
            "area": 80,
            "area_ratio": 4.9769071508201945e-05,
            "confidence": 0.5498046875
        },
        {
            "x": 292,
            "y": 1313,
            "w": 26,
            "h": 11,
            "area": 248,
            "area_ratio": 0.00015428412167542603,
            "confidence": 0.72216796875
        }
    ]
}