{
    "id": "kriyam_0928_C4",
    "model": "DTD",
    "is_authentic": true,
    "is_ai_generated": false,
    "confidence": 0.7294921875,
    "regions": [
        {
            "x": 347,
            "y": 723,
            "w": 27,
            "h": 20,
            "area": 524,
            "area_ratio": 0.00033821463978849967,
            "confidence": 0.7294921875
        },
        {
            "x": 576,
            "y": 881,
            "w": 19,
            "h": 20,
            "area": 341,
            "area_ratio": 0.00022009769497686714,
            "confidence": 0.646484375
        }
    ]
}