{
    "id": "kriyam_0889_C0",
    "model": "DTD",
    "is_authentic": true,
    "is_ai_generated": false,
    "confidence": 0.5654296875,
    "regions": [
        {
            "x": 295,
            "y": 561,
            "w": 3,
            "h": 3,
            "area": 9,
            "area_ratio": 1.8690191387559808e-05,
            "confidence": 0.55517578125
        }
    ]
}