{
    "id": "kriyam_0162_C4",
    "model": "DTD",
    "is_authentic": true,
    "is_ai_generated": false,
    "confidence": 0.7783203125,
    "regions": [
        {
            "x": 1686,
            "y": 361,
            "w": 55,
            "h": 23,
            "area": 1029,
            "area_ratio": 0.00017073510672188595,
            "confidence": 0.77099609375
        },
        {
            "x": 615,
            "y": 906,
            "w": 32,
            "h": 24,
            "area": 728,
            "area_ratio": 0.00012079218434745672,
            "confidence": 0.7783203125
        },
        {
            "x": 1573,
            "y": 1433,
            "w": 10,
            "h": 4,
            "area": 33,
            "area_ratio": 5.475469894870978e-06,
            "confidence": 0.53515625
        },
        {
            "x": 1475,
            "y": 1915,
            "w": 50,
            "h": 16,
            "area": 575,
            "area_ratio": 9.54059148348731e-05,
            "confidence": 0.61376953125
        }
    ]
}