{
    "id": "kriyam_0193_C2",
    "model": "DTD",
    "is_authentic": true,
    "is_ai_generated": false,
    "confidence": 0.90966796875,
    "regions": [
        {
            "x": 126,
            "y": 447,
            "w": 11,
            "h": 22,
            "area": 216,
            "area_ratio": 3.5839439311882764e-05,
            "confidence": 0.6171875
        },
        {
            "x": 457,
            "y": 907,
            "w": 157,
            "h": 27,
            "area": 3825,
            "area_ratio": 0.0006346567378145906,
            "confidence": 0.90966796875
        },
        {
            "x": 1782,
            "y": 2817,
            "w": 14,
            "h": 12,
            "area": 135,
            "area_ratio": 2.2399649569926727e-05,
            "confidence": 0.556640625
        },
        {
            "x": 1764,
            "y": 2822,
            "w": 4,
            "h": 6,
            "area": 23,
            "area_ratio": 3.816236593394924e-06,
            "confidence": 0.525390625
        }
    ]
}