{
    "id": "kriyam_0163_C4",
    "model": "DTD",
    "is_authentic": true,
    "is_ai_generated": false,
    "confidence": 0.77099609375,
    "regions": [
        {
            "x": 1686,
            "y": 361,
            "w": 55,
            "h": 23,
            "area": 1029,
            "area_ratio": 0.00017073510672188595,
            "confidence": 0.77099609375
        }
    ]
}