{
    "id": "kriyam_0249_C4",
    "model": "DTD",
    "is_authentic": true,
    "is_ai_generated": false,
    "confidence": 0.7001953125,
    "regions": [
        {
            "x": 1082,
            "y": 826,
            "w": 41,
            "h": 53,
            "area": 1076,
            "area_ratio": 0.0001785335032388234,
            "confidence": 0.66552734375
        },
        {
            "x": 1042,
            "y": 853,
            "w": 61,
            "h": 39,
            "area": 1017,
            "area_ratio": 0.00016874402676011468,
            "confidence": 0.7001953125
        },
        {
            "x": 1089,
            "y": 860,
            "w": 7,
            "h": 8,
            "area": 44,
            "area_ratio": 7.3006265264946375e-06,
            "confidence": 0.5615234375
        }
    ]
}