{
    "id": "kriyam_0597_C4",
    "model": "DTD",
    "is_authentic": true,
    "is_ai_generated": false,
    "confidence": 0.79052734375,
    "regions": [
        {
            "x": 1511,
            "y": 503,
            "w": 17,
            "h": 5,
            "area": 57,
            "area_ratio": 9.79839375103141e-06,
            "confidence": 0.55029296875
        },
        {
            "x": 728,
            "y": 1296,
            "w": 22,
            "h": 30,
            "area": 496,
            "area_ratio": 8.526321579844876e-05,
            "confidence": 0.79052734375
        }
    ]
}