{
    "id": "kriyam_0568_C4",
    "model": "DTD",
    "is_authentic": true,
    "is_ai_generated": false,
    "confidence": 0.8349609375,
    "regions": [
        {
            "x": 1577,
            "y": 20,
            "w": 36,
            "h": 41,
            "area": 1000,
            "area_ratio": 0.00016592333014760538,
            "confidence": 0.7109375
        },
        {
            "x": 1702,
            "y": 38,
            "w": 42,
            "h": 25,
            "area": 651,
            "area_ratio": 0.00010801608792609111,
            "confidence": 0.6240234375
        },
        {
            "x": 1552,
            "y": 271,
            "w": 14,
            "h": 58,
            "area": 755,
            "area_ratio": 0.00012527211426144208,
            "confidence": 0.7255859375
        },
        {
            "x": 1648,
            "y": 1832,
            "w": 30,
            "h": 16,
            "area": 456,
            "area_ratio": 7.566103854730807e-05,
            "confidence": 0.8349609375
        }
    ]
}