{
    "id": "kriyam_0520_C2",
    "model": "DTD",
    "is_authentic": true,
    "is_ai_generated": false,
    "confidence": 0.6630859375,
    "regions": [
        {
            "x": 339,
            "y": 512,
            "w": 11,
            "h": 6,
            "area": 60,
            "area_ratio": 9.955399808856324e-06,
            "confidence": 0.6630859375
        }
    ]
}