{
    "id": "kriyam_0105_C0",
    "model": "DTD",
    "is_authentic": true,
    "is_ai_generated": false,
    "confidence": 0.66552734375,
    "regions": [
        {
            "x": 1044,
            "y": 728,
            "w": 29,
            "h": 40,
            "area": 713,
            "area_ratio": 8.204908675799087e-05,
            "confidence": 0.66552734375
        }
    ]
}