{
    "id": "kriyam_1020_C0",
    "model": "DTD",
    "is_authentic": true,
    "is_ai_generated": false,
    "confidence": 0.6455078125,
    "regions": [
        {
            "x": 232,
            "y": 435,
            "w": 6,
            "h": 19,
            "area": 107,
            "area_ratio": 0.0001130638398593359,
            "confidence": 0.6455078125
        }
    ]
}