{
    "id": "kriyam_0129_C4",
    "model": "DTD",
    "is_authentic": true,
    "is_ai_generated": false,
    "confidence": 0.73583984375,
    "regions": [
        {
            "x": 1030,
            "y": 3323,
            "w": 18,
            "h": 35,
            "area": 556,
            "area_ratio": 6.398217705111209e-05,
            "confidence": 0.73583984375
        },
        {
            "x": 1132,
            "y": 3325,
            "w": 3,
            "h": 3,
            "area": 9,
            "area_ratio": 1.0356827220503757e-06,
            "confidence": 0.53466796875
        }
    ]
}