{
    "id": "kriyam_0684_C4",
    "model": "DTD",
    "is_authentic": true,
    "is_ai_generated": false,
    "confidence": 0.5478515625,
    "regions": [
        {
            "x": 499,
            "y": 1024,
            "w": 10,
            "h": 11,
            "area": 75,
            "area_ratio": 3.676124600037644e-05,
            "confidence": 0.5478515625
        }
    ]
}