{
    "id": "kriyam_0587_C4",
    "model": "DTD",
    "is_authentic": true,
    "is_ai_generated": false,
    "confidence": 0.86083984375,
    "regions": [
        {
            "x": 99,
            "y": 1286,
            "w": 31,
            "h": 37,
            "area": 873,
            "area_ratio": 0.0001448510672188595,
            "confidence": 0.75048828125
        },
        {
            "x": 214,
            "y": 1342,
            "w": 45,
            "h": 36,
            "area": 1261,
            "area_ratio": 0.0002092293193161304,
            "confidence": 0.86083984375
        },
        {
            "x": 140,
            "y": 1536,
            "w": 35,
            "h": 17,
            "area": 584,
            "area_ratio": 9.689922480620155e-05,
            "confidence": 0.76513671875
        },
        {
            "x": 1381,
            "y": 2839,
            "w": 5,
            "h": 7,
            "area": 30,
            "area_ratio": 4.977699904428162e-06,
            "confidence": 0.63134765625
        }
    ]
}