{
    "id": "kriyam_0437_C2",
    "model": "DTD",
    "is_authentic": true,
    "is_ai_generated": false,
    "confidence": 0.88916015625,
    "regions": [
        {
            "x": 1718,
            "y": 905,
            "w": 30,
            "h": 13,
            "area": 361,
            "area_ratio": 4.154238474002062e-05,
            "confidence": 0.7041015625
        },
        {
            "x": 2199,
            "y": 1550,
            "w": 7,
            "h": 7,
            "area": 38,
            "area_ratio": 4.372882604212697e-06,
            "confidence": 0.6689453125
        },
        {
            "x": 2159,
            "y": 2031,
            "w": 3,
            "h": 3,
            "area": 9,
            "area_ratio": 1.0356827220503757e-06,
            "confidence": 0.5146484375
        },
        {
            "x": 2176,
            "y": 2214,
            "w": 64,
            "h": 65,
            "area": 3030,
            "area_ratio": 0.0003486798497569598,
            "confidence": 0.88916015625
        }
    ]
}