{
    "id": "kriyam_0991_C0",
    "model": "DTD",
    "is_authentic": true,
    "is_ai_generated": false,
    "confidence": 0.7822265625,
    "regions": [
        {
            "x": 82,
            "y": 493,
            "w": 13,
            "h": 17,
            "area": 203,
            "area_ratio": 0.00021450429431257186,
            "confidence": 0.59716796875
        },
        {
            "x": 427,
            "y": 760,
            "w": 38,
            "h": 4,
            "area": 148,
            "area_ratio": 0.0001563873672820721,
            "confidence": 0.7822265625
        }
    ]
}