{
    "id": "kriyam_0133_C4",
    "model": "DTD",
    "is_authentic": true,
    "is_ai_generated": false,
    "confidence": 0.82275390625,
    "regions": [
        {
            "x": 429,
            "y": 787,
            "w": 83,
            "h": 32,
            "area": 1465,
            "area_ratio": 0.00016858613197820002,
            "confidence": 0.7568359375
        },
        {
            "x": 430,
            "y": 821,
            "w": 3,
            "h": 3,
            "area": 9,
            "area_ratio": 1.0356827220503757e-06,
            "confidence": 0.5498046875
        },
        {
            "x": 1219,
            "y": 1422,
            "w": 69,
            "h": 52,
            "area": 2920,
            "area_ratio": 0.0003360215053763441,
            "confidence": 0.82275390625
        },
        {
            "x": 1977,
            "y": 2611,
            "w": 22,
            "h": 22,
            "area": 344,
            "area_ratio": 3.9586095153925467e-05,
            "confidence": 0.71826171875
        }
    ]
}