{
    "id": "kriyam_0271_C2",
    "model": "DTD",
    "is_authentic": true,
    "is_ai_generated": false,
    "confidence": 0.52294921875,
    "regions": [
        {
            "x": 258,
            "y": 554,
            "w": 8,
            "h": 6,
            "area": 39,
            "area_ratio": 3.0226934523809525e-05,
            "confidence": 0.521484375
        }
    ]
}