{
    "id": "kriyam_0758_C2",
    "model": "DTD",
    "is_authentic": true,
    "is_ai_generated": false,
    "confidence": 0.70751953125,
    "regions": [
        {
            "x": 288,
            "y": 411,
            "w": 52,
            "h": 11,
            "area": 474,
            "area_ratio": 0.00026718073593073595,
            "confidence": 0.70751953125
        },
        {
            "x": 281,
            "y": 417,
            "w": 3,
            "h": 4,
            "area": 12,
            "area_ratio": 6.764069264069264e-06,
            "confidence": 0.5673828125
        },
        {
            "x": 49,
            "y": 1353,
            "w": 34,
            "h": 9,
            "area": 245,
            "area_ratio": 0.00013809974747474747,
            "confidence": 0.67236328125
        }
    ]
}