{
    "id": "kriyam_0216_C0",
    "model": "DTD",
    "is_authentic": true,
    "is_ai_generated": false,
    "confidence": 0.9052734375,
    "regions": [
        {
            "x": 948,
            "y": 658,
            "w": 76,
            "h": 30,
            "area": 2180,
            "area_ratio": 0.00036171285972177975,
            "confidence": 0.9052734375
        },
        {
            "x": 1649,
            "y": 1520,
            "w": 62,
            "h": 16,
            "area": 914,
            "area_ratio": 0.00015165392375491134,
            "confidence": 0.7412109375
        },
        {
            "x": 1756,
            "y": 1536,
            "w": 6,
            "h": 9,
            "area": 48,
            "area_ratio": 7.96431984708506e-06,
            "confidence": 0.5478515625
        },
        {
            "x": 1765,
            "y": 1536,
            "w": 28,
            "h": 15,
            "area": 324,
            "area_ratio": 5.3759158967824145e-05,
            "confidence": 0.60107421875
        }
    ]
}