{
    "id": "kriyam_0177_C2",
    "model": "DTD",
    "is_authentic": true,
    "is_ai_generated": false,
    "confidence": 0.90869140625,
    "regions": [
        {
            "x": 2701,
            "y": 424,
            "w": 23,
            "h": 25,
            "area": 570,
            "area_ratio": 6.559323906319046e-05,
            "confidence": 0.90869140625
        },
        {
            "x": 2748,
            "y": 424,
            "w": 17,
            "h": 24,
            "area": 386,
            "area_ratio": 4.4419281190160555e-05,
            "confidence": 0.86181640625
        }
    ]
}