{
    "id": "kriyam_0542_C4",
    "model": "DTD",
    "is_authentic": true,
    "is_ai_generated": false,
    "confidence": 0.763671875,
    "regions": [
        {
            "x": 327,
            "y": 475,
            "w": 3,
            "h": 6,
            "area": 18,
            "area_ratio": 4.675655007314802e-06,
            "confidence": 0.54052734375
        },
        {
            "x": 496,
            "y": 481,
            "w": 12,
            "h": 15,
            "area": 118,
            "area_ratio": 3.065151615906371e-05,
            "confidence": 0.54541015625
        },
        {
            "x": 475,
            "y": 1529,
            "w": 16,
            "h": 7,
            "area": 102,
            "area_ratio": 2.649537837478388e-05,
            "confidence": 0.763671875
        },
        {
            "x": 497,
            "y": 1529,
            "w": 15,
            "h": 7,
            "area": 75,
            "area_ratio": 1.9481895863811677e-05,
            "confidence": 0.58837890625
        }
    ]
}