{
    "id": "kriyam_0590_C4",
    "model": "DTD",
    "is_authentic": true,
    "is_ai_generated": false,
    "confidence": 0.6044921875,
    "regions": [
        {
            "x": 1536,
            "y": 699,
            "w": 15,
            "h": 23,
            "area": 233,
            "area_ratio": 3.8660135924392055e-05,
            "confidence": 0.55615234375
        },
        {
            "x": 1622,
            "y": 1354,
            "w": 23,
            "h": 17,
            "area": 239,
            "area_ratio": 3.965567590527769e-05,
            "confidence": 0.6044921875
        },
        {
            "x": 1626,
            "y": 1379,
            "w": 3,
            "h": 5,
            "area": 15,
            "area_ratio": 2.488849952214081e-06,
            "confidence": 0.533203125
        }
    ]
}