{
    "id": "kriyam_0384_C2",
    "model": "DTD",
    "is_authentic": true,
    "is_ai_generated": false,
    "confidence": 0.59912109375,
    "regions": [
        {
            "x": 1321,
            "y": 1531,
            "w": 9,
            "h": 5,
            "area": 42,
            "area_ratio": 4.833186036235086e-06,
            "confidence": 0.59912109375
        }
    ]
}