{
    "id": "kriyam_0651_C4",
    "model": "DTD",
    "is_authentic": true,
    "is_ai_generated": false,
    "confidence": 0.74169921875,
    "regions": [
        {
            "x": 1842,
            "y": 1794,
            "w": 16,
            "h": 23,
            "area": 336,
            "area_ratio": 5.775895263765884e-05,
            "confidence": 0.74169921875
        }
    ]
}