{
    "id": "kriyam_0945_C2",
    "model": "DTD",
    "is_authentic": true,
    "is_ai_generated": false,
    "confidence": 0.7314453125,
    "regions": [
        {
            "x": 386,
            "y": 739,
            "w": 51,
            "h": 8,
            "area": 380,
            "area_ratio": 0.0006959095171120488,
            "confidence": 0.7314453125
        },
        {
            "x": 356,
            "y": 741,
            "w": 13,
            "h": 4,
            "area": 46,
            "area_ratio": 8.424167838724801e-05,
            "confidence": 0.54345703125
        },
        {
            "x": 219,
            "y": 769,
            "w": 3,
            "h": 4,
            "area": 12,
            "area_ratio": 2.1976090014064698e-05,
            "confidence": 0.56005859375
        }
    ]
}