{
    "id": "kriyam_0593_C4",
    "model": "DTD",
    "is_authentic": true,
    "is_ai_generated": false,
    "confidence": 0.904296875,
    "regions": [
        {
            "x": 1222,
            "y": 680,
            "w": 19,
            "h": 24,
            "area": 436,
            "area_ratio": 7.234257194435595e-05,
            "confidence": 0.732421875
        },
        {
            "x": 995,
            "y": 1001,
            "w": 29,
            "h": 23,
            "area": 625,
            "area_ratio": 0.00010370208134225337,
            "confidence": 0.76123046875
        },
        {
            "x": 1024,
            "y": 1471,
            "w": 19,
            "h": 17,
            "area": 321,
            "area_ratio": 5.3261388977381335e-05,
            "confidence": 0.904296875
        },
        {
            "x": 770,
            "y": 1624,
            "w": 3,
            "h": 8,
            "area": 24,
            "area_ratio": 3.98215992354253e-06,
            "confidence": 0.5107421875
        }
    ]
}