{
    "id": "kriyam_0960_C4",
    "model": "DTD",
    "is_authentic": true,
    "is_ai_generated": false,
    "confidence": 0.63671875,
    "regions": [
        {
            "x": 395,
            "y": 157,
            "w": 41,
            "h": 14,
            "area": 358,
            "area_ratio": 0.0006278058361391695,
            "confidence": 0.63671875
        },
        {
            "x": 380,
            "y": 162,
            "w": 6,
            "h": 7,
            "area": 35,
            "area_ratio": 6.137766554433222e-05,
            "confidence": 0.525390625
        },
        {
            "x": 492,
            "y": 709,
            "w": 4,
            "h": 5,
            "area": 18,
            "area_ratio": 3.1565656565656566e-05,
            "confidence": 0.525390625
        }
    ]
}