{
    "id": "kriyam_0068_C0",
    "model": "DTD",
    "is_authentic": true,
    "is_ai_generated": false,
    "confidence": 0.84814453125,
    "regions": [
        {
            "x": 484,
            "y": 786,
            "w": 28,
            "h": 34,
            "area": 849,
            "area_ratio": 9.76994034467521e-05,
            "confidence": 0.70263671875
        },
        {
            "x": 1712,
            "y": 2419,
            "w": 144,
            "h": 141,
            "area": 7613,
            "area_ratio": 0.0008760725069966122,
            "confidence": 0.84814453125
        },
        {
            "x": 1739,
            "y": 2421,
            "w": 14,
            "h": 5,
            "area": 57,
            "area_ratio": 6.559323906319045e-06,
            "confidence": 0.57275390625
        },
        {
            "x": 1546,
            "y": 2563,
            "w": 27,
            "h": 28,
            "area": 458,
            "area_ratio": 5.270474296656356e-05,
            "confidence": 0.60107421875
        }
    ]
}