{
    "id": "kriyam_0338_C2",
    "model": "DTD",
    "is_authentic": true,
    "is_ai_generated": false,
    "confidence": 0.90771484375,
    "regions": [
        {
            "x": 2999,
            "y": 1000,
            "w": 25,
            "h": 24,
            "area": 562,
            "area_ratio": 6.467263219914567e-05,
            "confidence": 0.86669921875
        },
        {
            "x": 1975,
            "y": 2311,
            "w": 19,
            "h": 16,
            "area": 178,
            "area_ratio": 2.0483502724996316e-05,
            "confidence": 0.61572265625
        },
        {
            "x": 1976,
            "y": 2330,
            "w": 3,
            "h": 3,
            "area": 9,
            "area_ratio": 1.0356827220503757e-06,
            "confidence": 0.52587890625
        },
        {
            "x": 398,
            "y": 2374,
            "w": 52,
            "h": 26,
            "area": 1350,
            "area_ratio": 0.00015535240830755634,
            "confidence": 0.90771484375
        }
    ]
}