{
    "id": "kriyam_0463_C2",
    "model": "DTD",
    "is_authentic": true,
    "is_ai_generated": false,
    "confidence": 0.59326171875,
    "regions": [
        {
            "x": 2241,
            "y": 947,
            "w": 9,
            "h": 12,
            "area": 82,
            "area_ratio": 9.436220356458978e-06,
            "confidence": 0.55419921875
        },
        {
            "x": 2002,
            "y": 1759,
            "w": 3,
            "h": 3,
            "area": 9,
            "area_ratio": 1.0356827220503757e-06,
            "confidence": 0.513671875
        },
        {
            "x": 2265,
            "y": 2313,
            "w": 7,
            "h": 6,
            "area": 34,
            "area_ratio": 3.912579172190308e-06,
            "confidence": 0.59326171875
        }
    ]
}