{
    "id": "kriyam_0267_C0",
    "model": "DTD",
    "is_authentic": true,
    "is_ai_generated": false,
    "confidence": 0.78857421875,
    "regions": [
        {
            "x": 249,
            "y": 381,
            "w": 57,
            "h": 24,
            "area": 1290,
            "area_ratio": 0.0007759566522944257,
            "confidence": 0.78857421875
        }
    ]
}