{
    "id": "kriyam_0264_C4",
    "model": "DTD",
    "is_authentic": true,
    "is_ai_generated": false,
    "confidence": 0.90283203125,
    "regions": [
        {
            "x": 986,
            "y": 505,
            "w": 28,
            "h": 7,
            "area": 176,
            "area_ratio": 0.00010265024262784621,
            "confidence": 0.63720703125
        },
        {
            "x": 980,
            "y": 1321,
            "w": 89,
            "h": 25,
            "area": 2015,
            "area_ratio": 0.001175228630085853,
            "confidence": 0.90283203125
        },
        {
            "x": 935,
            "y": 1323,
            "w": 20,
            "h": 21,
            "area": 379,
            "area_ratio": 0.00022104796565882792,
            "confidence": 0.716796875
        }
    ]
}