{
    "id": "kriyam_0179_C2",
    "model": "DTD",
    "is_authentic": true,
    "is_ai_generated": false,
    "confidence": 0.9091796875,
    "regions": [
        {
            "x": 418,
            "y": 1055,
            "w": 38,
            "h": 28,
            "area": 915,
            "area_ratio": 0.00015181984708505895,
            "confidence": 0.82275390625
        },
        {
            "x": 512,
            "y": 1055,
            "w": 64,
            "h": 29,
            "area": 1783,
            "area_ratio": 0.0002958412976531804,
            "confidence": 0.9091796875
        },
        {
            "x": 479,
            "y": 1073,
            "w": 4,
            "h": 4,
            "area": 15,
            "area_ratio": 2.488849952214081e-06,
            "confidence": 0.51611328125
        }
    ]
}