{
    "id": "kriyam_0732_C0",
    "model": "DTD",
    "is_authentic": true,
    "is_ai_generated": false,
    "confidence": 0.70556640625,
    "regions": [
        {
            "x": 1536,
            "y": 2138,
            "w": 49,
            "h": 34,
            "area": 1036,
            "area_ratio": 0.00012355361177260793,
            "confidence": 0.70556640625
        },
        {
            "x": 1640,
            "y": 2147,
            "w": 44,
            "h": 25,
            "area": 786,
            "area_ratio": 9.373855101666971e-05,
            "confidence": 0.61962890625
        },
        {
            "x": 1589,
            "y": 2160,
            "w": 10,
            "h": 13,
            "area": 102,
            "area_ratio": 1.2164544788422788e-05,
            "confidence": 0.63671875
        },
        {
            "x": 1618,
            "y": 2160,
            "w": 15,
            "h": 12,
            "area": 120,
            "area_ratio": 1.4311229162850338e-05,
            "confidence": 0.546875
        }
    ]
}