{
    "id": "kriyam_0297_C2",
    "model": "DTD",
    "is_authentic": true,
    "is_ai_generated": false,
    "confidence": 0.51025390625,
    "regions": [
        {
            "x": 1021,
            "y": 374,
            "w": 3,
            "h": 4,
            "area": 12,
            "area_ratio": 3.216123499142367e-06,
            "confidence": 0.51025390625
        }
    ]
}