{
    "id": "kriyam_0907_C4",
    "model": "DTD",
    "is_authentic": true,
    "is_ai_generated": false,
    "confidence": 0.7529296875,
    "regions": [
        {
            "x": 654,
            "y": 335,
            "w": 24,
            "h": 27,
            "area": 636,
            "area_ratio": 0.0004105047918043622,
            "confidence": 0.7529296875
        },
        {
            "x": 489,
            "y": 462,
            "w": 23,
            "h": 20,
            "area": 441,
            "area_ratio": 0.0002846424735624587,
            "confidence": 0.7490234375
        },
        {
            "x": 552,
            "y": 463,
            "w": 3,
            "h": 3,
            "area": 9,
            "area_ratio": 5.8090300727032385e-06,
            "confidence": 0.56787109375
        }
    ]
}