{
    "id": "kriyam_0786_C0",
    "model": "DTD",
    "is_authentic": true,
    "is_ai_generated": false,
    "confidence": 0.84130859375,
    "regions": [
        {
            "x": 502,
            "y": 371,
            "w": 3,
            "h": 3,
            "area": 9,
            "area_ratio": 4.038511243215301e-06,
            "confidence": 0.53759765625
        },
        {
            "x": 760,
            "y": 615,
            "w": 5,
            "h": 19,
            "area": 92,
            "area_ratio": 4.128255937508975e-05,
            "confidence": 0.84130859375
        },
        {
            "x": 483,
            "y": 1313,
            "w": 25,
            "h": 20,
            "area": 415,
            "area_ratio": 0.00018622024065937222,
            "confidence": 0.57470703125
        }
    ]
}