{
    "id": "kriyam_0652_C0",
    "model": "DTD",
    "is_authentic": true,
    "is_ai_generated": false,
    "confidence": 0.91259765625,
    "regions": [
        {
            "x": 1625,
            "y": 630,
            "w": 49,
            "h": 27,
            "area": 1276,
            "area_ratio": 0.0002117181692683445,
            "confidence": 0.9111328125
        },
        {
            "x": 366,
            "y": 939,
            "w": 146,
            "h": 27,
            "area": 3723,
            "area_ratio": 0.0006177325581395349,
            "confidence": 0.9091796875
        },
        {
            "x": 1075,
            "y": 979,
            "w": 12,
            "h": 23,
            "area": 178,
            "area_ratio": 2.953435276627376e-05,
            "confidence": 0.59814453125
        },
        {
            "x": 1909,
            "y": 2264,
            "w": 73,
            "h": 19,
            "area": 1290,
            "area_ratio": 0.00021404109589041095,
            "confidence": 0.91259765625
        }
    ]
}