{
    "id": "kriyam_0488_C4",
    "model": "DTD",
    "is_authentic": true,
    "is_ai_generated": false,
    "confidence": 0.7470703125,
    "regions": [
        {
            "x": 698,
            "y": 946,
            "w": 29,
            "h": 25,
            "area": 625,
            "area_ratio": 0.00016234913219843064,
            "confidence": 0.7470703125
        }
    ]
}