{
    "id": "kriyam_0398_C2",
    "model": "DTD",
    "is_authentic": true,
    "is_ai_generated": false,
    "confidence": 0.8876953125,
    "regions": [
        {
            "x": 1775,
            "y": 301,
            "w": 24,
            "h": 27,
            "area": 527,
            "area_ratio": 6.855124042624043e-05,
            "confidence": 0.6455078125
        },
        {
            "x": 534,
            "y": 3184,
            "w": 31,
            "h": 16,
            "area": 478,
            "area_ratio": 6.217740592740593e-05,
            "confidence": 0.8876953125
        },
        {
            "x": 1592,
            "y": 3566,
            "w": 27,
            "h": 33,
            "area": 582,
            "area_ratio": 7.570554445554446e-05,
            "confidence": 0.8359375
        },
        {
            "x": 1623,
            "y": 3586,
            "w": 10,
            "h": 30,
            "area": 197,
            "area_ratio": 2.5625416250416252e-05,
            "confidence": 0.58056640625
        }
    ]
}