{
    "id": "kriyam_0775_C0",
    "model": "DTD",
    "is_authentic": true,
    "is_ai_generated": false,
    "confidence": 0.615234375,
    "regions": [
        {
            "x": 1136,
            "y": 1058,
            "w": 9,
            "h": 17,
            "area": 152,
            "area_ratio": 3.948330895065833e-05,
            "confidence": 0.615234375
        }
    ]
}