{
    "id": "kriyam_0666_C4",
    "model": "DTD",
    "is_authentic": true,
    "is_ai_generated": false,
    "confidence": 0.8310546875,
    "regions": [
        {
            "x": 1745,
            "y": 399,
            "w": 15,
            "h": 27,
            "area": 355,
            "area_ratio": 5.890278220239992e-05,
            "confidence": 0.64013671875
        },
        {
            "x": 229,
            "y": 536,
            "w": 8,
            "h": 7,
            "area": 41,
            "area_ratio": 6.802856536051821e-06,
            "confidence": 0.5126953125
        },
        {
            "x": 1194,
            "y": 743,
            "w": 20,
            "h": 31,
            "area": 616,
            "area_ratio": 0.00010220877137092492,
            "confidence": 0.8310546875
        },
        {
            "x": 1784,
            "y": 814,
            "w": 19,
            "h": 31,
            "area": 566,
            "area_ratio": 9.391260486354466e-05,
            "confidence": 0.744140625
        }
    ]
}