{
    "id": "kriyam_0236_C0",
    "model": "DTD",
    "is_authentic": true,
    "is_ai_generated": false,
    "confidence": 0.732421875,
    "regions": [
        {
            "x": 491,
            "y": 168,
            "w": 9,
            "h": 9,
            "area": 58,
            "area_ratio": 8.950617283950617e-05,
            "confidence": 0.5791015625
        },
        {
            "x": 918,
            "y": 254,
            "w": 12,
            "h": 13,
            "area": 151,
            "area_ratio": 0.0002330246913580247,
            "confidence": 0.6240234375
        },
        {
            "x": 470,
            "y": 260,
            "w": 23,
            "h": 13,
            "area": 281,
            "area_ratio": 0.00043364197530864197,
            "confidence": 0.732421875
        },
        {
            "x": 545,
            "y": 260,
            "w": 23,
            "h": 13,
            "area": 185,
            "area_ratio": 0.00028549382716049385,
            "confidence": 0.68212890625
        }
    ]
}