{
    "id": "kriyam_0452_C2",
    "model": "DTD",
    "is_authentic": true,
    "is_ai_generated": false,
    "confidence": 0.8115234375,
    "regions": [
        {
            "x": 1507,
            "y": 495,
            "w": 29,
            "h": 17,
            "area": 461,
            "area_ratio": 5.304997054058035e-05,
            "confidence": 0.64892578125
        },
        {
            "x": 1499,
            "y": 502,
            "w": 5,
            "h": 4,
            "area": 20,
            "area_ratio": 2.301517160111946e-06,
            "confidence": 0.52294921875
        },
        {
            "x": 1648,
            "y": 512,
            "w": 89,
            "h": 4,
            "area": 281,
            "area_ratio": 3.233631609957284e-05,
            "confidence": 0.74951171875
        },
        {
            "x": 512,
            "y": 2015,
            "w": 31,
            "h": 33,
            "area": 996,
            "area_ratio": 0.0001146155545735749,
            "confidence": 0.8115234375
        }
    ]
}