{
    "id": "kriyam_0404_C4",
    "model": "DTD",
    "is_authentic": true,
    "is_ai_generated": false,
    "confidence": 0.74658203125,
    "regions": [
        {
            "x": 1406,
            "y": 871,
            "w": 22,
            "h": 16,
            "area": 336,
            "area_ratio": 4.8434415189032606e-05,
            "confidence": 0.74658203125
        }
    ]
}