{
    "id": "kriyam_0919_C0",
    "model": "DTD",
    "is_authentic": true,
    "is_ai_generated": false,
    "confidence": 0.755859375,
    "regions": [
        {
            "x": 934,
            "y": 1084,
            "w": 29,
            "h": 14,
            "area": 377,
            "area_ratio": 0.00023453674948240166,
            "confidence": 0.755859375
        },
        {
            "x": 850,
            "y": 1088,
            "w": 41,
            "h": 9,
            "area": 322,
            "area_ratio": 0.00020032051282051281,
            "confidence": 0.60693359375
        }
    ]
}