{
    "id": "kriyam_0338_C4",
    "model": "DTD",
    "is_authentic": true,
    "is_ai_generated": false,
    "confidence": 0.6103515625,
    "regions": [
        {
            "x": 2035,
            "y": 597,
            "w": 4,
            "h": 4,
            "area": 14,
            "area_ratio": 1.611062012078362e-06,
            "confidence": 0.52294921875
        },
        {
            "x": 2026,
            "y": 599,
            "w": 6,
            "h": 12,
            "area": 62,
            "area_ratio": 7.134703196347032e-06,
            "confidence": 0.5732421875
        },
        {
            "x": 2016,
            "y": 602,
            "w": 3,
            "h": 6,
            "area": 18,
            "area_ratio": 2.0713654441007514e-06,
            "confidence": 0.52197265625
        },
        {
            "x": 3000,
            "y": 1001,
            "w": 23,
            "h": 23,
            "area": 457,
            "area_ratio": 5.2589667108557964e-05,
            "confidence": 0.6103515625
        }
    ]
}