{
    "id": "kriyam_0949_C0",
    "model": "DTD",
    "is_authentic": true,
    "is_ai_generated": false,
    "confidence": 0.884765625,
    "regions": [
        {
            "x": 334,
            "y": 802,
            "w": 18,
            "h": 10,
            "area": 180,
            "area_ratio": 0.00032964135021097045,
            "confidence": 0.884765625
        }
    ]
}