{
    "id": "kriyam_0072_C2",
    "model": "DTD",
    "is_authentic": true,
    "is_ai_generated": false,
    "confidence": 0.7177734375,
    "regions": [
        {
            "x": 472,
            "y": 789,
            "w": 40,
            "h": 41,
            "area": 1454,
            "area_ratio": 0.00016732029754013846,
            "confidence": 0.7177734375
        }
    ]
}