{
    "id": "kriyam_1049_C4",
    "model": "DTD",
    "is_authentic": true,
    "is_ai_generated": false,
    "confidence": 0.7822265625,
    "regions": [
        {
            "x": 512,
            "y": 615,
            "w": 20,
            "h": 22,
            "area": 408,
            "area_ratio": 0.00014726264726264726,
            "confidence": 0.7822265625
        }
    ]
}