{
    "id": "kriyam_0735_C4",
    "model": "DTD",
    "is_authentic": true,
    "is_ai_generated": false,
    "confidence": 0.86669921875,
    "regions": [
        {
            "x": 2088,
            "y": 588,
            "w": 40,
            "h": 33,
            "area": 1245,
            "area_ratio": 0.00014326944321696862,
            "confidence": 0.818359375
        },
        {
            "x": 498,
            "y": 2999,
            "w": 14,
            "h": 26,
            "area": 364,
            "area_ratio": 4.188761231403741e-05,
            "confidence": 0.86669921875
        },
        {
            "x": 528,
            "y": 3000,
            "w": 11,
            "h": 31,
            "area": 339,
            "area_ratio": 3.901071586389748e-05,
            "confidence": 0.8564453125
        }
    ]
}