{
    "id": "kriyam_0209_C2",
    "model": "DTD",
    "is_authentic": true,
    "is_ai_generated": false,
    "confidence": 0.669921875,
    "regions": [
        {
            "x": 512,
            "y": 1517,
            "w": 5,
            "h": 16,
            "area": 80,
            "area_ratio": 1.3325515697457492e-05,
            "confidence": 0.669921875
        },
        {
            "x": 41,
            "y": 2359,
            "w": 14,
            "h": 10,
            "area": 113,
            "area_ratio": 1.8822290922658705e-05,
            "confidence": 0.5380859375
        },
        {
            "x": 38,
            "y": 2369,
            "w": 3,
            "h": 5,
            "area": 15,
            "area_ratio": 2.4985341932732797e-06,
            "confidence": 0.53515625
        }
    ]
}