{
    "id": "kriyam_0482_C4",
    "model": "DTD",
    "is_authentic": true,
    "is_ai_generated": false,
    "confidence": 0.9072265625,
    "regions": [
        {
            "x": 1032,
            "y": 1763,
            "w": 13,
            "h": 7,
            "area": 80,
            "area_ratio": 1.011326860841424e-05,
            "confidence": 0.5830078125
        },
        {
            "x": 1024,
            "y": 2010,
            "w": 23,
            "h": 29,
            "area": 665,
            "area_ratio": 8.406654530744337e-05,
            "confidence": 0.9072265625
        },
        {
            "x": 375,
            "y": 2663,
            "w": 21,
            "h": 20,
            "area": 302,
            "area_ratio": 3.817758899676375e-05,
            "confidence": 0.560546875
        },
        {
            "x": 1162,
            "y": 3137,
            "w": 65,
            "h": 24,
            "area": 1272,
            "area_ratio": 0.0001608009708737864,
            "confidence": 0.59033203125
        }
    ]
}