{
    "id": "kriyam_0148_C2",
    "model": "DTD",
    "is_authentic": true,
    "is_ai_generated": false,
    "confidence": 0.90625,
    "regions": [
        {
            "x": 412,
            "y": 455,
            "w": 39,
            "h": 19,
            "area": 699,
            "area_ratio": 0.00011598040777317617,
            "confidence": 0.90625
        },
        {
            "x": 1834,
            "y": 1336,
            "w": 53,
            "h": 17,
            "area": 809,
            "area_ratio": 0.00013423197408941276,
            "confidence": 0.75146484375
        },
        {
            "x": 1442,
            "y": 1591,
            "w": 37,
            "h": 14,
            "area": 485,
            "area_ratio": 8.047281512158862e-05,
            "confidence": 0.7802734375
        },
        {
            "x": 1483,
            "y": 1591,
            "w": 41,
            "h": 11,
            "area": 378,
            "area_ratio": 6.271901879579484e-05,
            "confidence": 0.728515625
        }
    ]
}