{
  "model": "ADCD-v6",
  "tiers": {
    "C0": {
      "region_precision": 0.08034276776042076,
      "region_precision_ci": [
        0.06950646167840999,
        0.09244444860114634
      ],
      "region_recall": 0.11835086091399882,
      "region_recall_ci": [
        0.10559356615350979,
        0.13259977713030222
      ],
      "region_f1": 0.07948517842711685,
      "region_f1_ci": [
        0.06917914236302954,
        0.08934190219943712
      ],
      "doc_auc": 0.7168285714285715,
      "doc_auc_ci": [
        0.6851013839021016,
        0.7493417711624208
      ],
      "doc_auprc": 0.8274346075473666,
      "doc_auprc_ci": [
        0.8003486828591443,
        0.8558350812716182
      ],
      "doc_fpr_at_tpr80": 0.49142857142857144,
      "doc_fpr_at_tpr80_ci": [
        0.40405325052854124,
        0.563482989772667
      ],
      "doc_fpr_at_tpr80_valid": true,
      "doc_tpr80_achieved_tpr": 0.8,
      "doc_fpr_at_tpr85": 0.6,
      "doc_fpr_at_tpr85_ci": [
        0.5076084494280213,
        0.6739207414706244
      ],
      "doc_fpr_at_tpr85_valid": true,
      "doc_tpr85_achieved_tpr": 0.85,
      "doc_fpr_at_tpr90": 0.7085714285714285,
      "doc_fpr_at_tpr90_ci": [
        0.63839169305271,
        0.7956501686594468
      ],
      "doc_fpr_at_tpr90_valid": true,
      "doc_tpr90_achieved_tpr": 0.9014285714285715,
      "n_samples": 1050
    },
    "C2": {
      "region_precision": 0.06364597567242229,
      "region_precision_ci": [
        0.05324842616850297,
        0.07373172641595868
      ],
      "region_recall": 0.08766468580098763,
      "region_recall_ci": [
        0.07651181524981965,
        0.10013539964666722
      ],
      "region_f1": 0.0598154879680677,
      "region_f1_ci": [
        0.05092931923328035,
        0.06876118457997846
      ],
      "doc_auc": 0.7156102040816326,
      "doc_auc_ci": [
        0.6831372039949846,
        0.7469027672863214
      ],
      "doc_auprc": 0.8408411149174362,
      "doc_auprc_ci": [
        0.8154657236479824,
        0.867166754866324
      ],
      "doc_fpr_at_tpr80": 0.5314285714285715,
      "doc_fpr_at_tpr80_ci": [
        0.4716405189959294,
        0.606748986787044
      ],
      "doc_fpr_at_tpr80_valid": true,
      "doc_tpr80_achieved_tpr": 0.8,
      "doc_fpr_at_tpr85": 0.6228571428571429,
      "doc_fpr_at_tpr85_ci": [
        0.5405870286312849,
        0.7111299435028249
      ],
      "doc_fpr_at_tpr85_valid": true,
      "doc_tpr85_achieved_tpr": 0.85,
      "doc_fpr_at_tpr90": 0.78,
      "doc_fpr_at_tpr90_ci": [
        0.6656942269456126,
        0.8342884440400364
      ],
      "doc_fpr_at_tpr90_valid": true,
      "doc_tpr90_achieved_tpr": 0.9,
      "n_samples": 1050
    },
    "C4": {
      "region_precision": 0.06133291807597081,
      "region_precision_ci": [
        0.05148640777924201,
        0.07333746867584025
      ],
      "region_recall": 0.07295361849931255,
      "region_recall_ci": [
        0.06211920096880786,
        0.08409895488806464
      ],
      "region_f1": 0.05335996932623861,
      "region_f1_ci": [
        0.04450584215071885,
        0.061610740074501125
      ],
      "doc_auc": 0.7674408163265306,
      "doc_auc_ci": [
        0.7369665741684194,
        0.7957116930532898
      ],
      "doc_auprc": 0.8639172828533953,
      "doc_auprc_ci": [
        0.8382193533636466,
        0.8888990239276233
      ],
      "doc_fpr_at_tpr80": 0.4057142857142857,
      "doc_fpr_at_tpr80_ci": [
        0.34292660029691735,
        0.4713973574623413
      ],
      "doc_fpr_at_tpr80_valid": true,
      "doc_tpr80_achieved_tpr": 0.8,
      "doc_fpr_at_tpr85": 0.48,
      "doc_fpr_at_tpr85_ci": [
        0.41313842902430437,
        0.584566817892391
      ],
      "doc_fpr_at_tpr85_valid": true,
      "doc_tpr85_achieved_tpr": 0.85,
      "doc_fpr_at_tpr90": 0.6542857142857142,
      "doc_fpr_at_tpr90_ci": [
        0.5595187651331719,
        0.7280272333207689
      ],
      "doc_fpr_at_tpr90_valid": true,
      "doc_tpr90_achieved_tpr": 0.9,
      "n_samples": 1050
    }
  }
}