{
  "model": "FFDN-v6",
  "tiers": {
    "C0": {
      "region_precision": 0.07464898245779845,
      "region_precision_ci": [
        0.06349060061409548,
        0.08513054960491828
      ],
      "region_recall": 0.09231287915159382,
      "region_recall_ci": [
        0.07963999143468986,
        0.10601598458583637
      ],
      "region_f1": 0.0727068041090562,
      "region_f1_ci": [
        0.0630504622899241,
        0.08240897152184132
      ],
      "doc_auc": 0.8419306122448977,
      "doc_auc_ci": [
        0.8156522257308624,
        0.8647735841320568
      ],
      "doc_auprc": 0.9094454518503721,
      "doc_auprc_ci": [
        0.8889063311289381,
        0.9281234868162692
      ],
      "doc_fpr_at_tpr80": 0.2257142857142857,
      "doc_fpr_at_tpr80_ci": [
        0.18081944215217033,
        0.2949438202247191
      ],
      "doc_fpr_at_tpr80_valid": true,
      "doc_tpr80_achieved_tpr": 0.8071428571428572,
      "doc_fpr_at_tpr85": 0.3457142857142857,
      "doc_fpr_at_tpr85_ci": [
        0.24157063968335038,
        0.4354523273273273
      ],
      "doc_fpr_at_tpr85_valid": true,
      "doc_tpr85_achieved_tpr": 0.8514285714285714,
      "doc_fpr_at_tpr90": 1.0,
      "doc_fpr_at_tpr90_ci": [
        0.414673430824844,
        1.0
      ],
      "doc_fpr_at_tpr90_valid": true,
      "doc_tpr90_achieved_tpr": 1.0,
      "n_samples": 1050
    },
    "C2": {
      "region_precision": 0.06750565142944533,
      "region_precision_ci": [
        0.056874883302665054,
        0.07885302343760947
      ],
      "region_recall": 0.06119977579022717,
      "region_recall_ci": [
        0.05153949053772082,
        0.07208537370093303
      ],
      "region_f1": 0.05463081593371742,
      "region_f1_ci": [
        0.045590870786483106,
        0.0626746810348493
      ],
      "doc_auc": 0.8258102040816325,
      "doc_auc_ci": [
        0.7990891085944215,
        0.8507569557643587
      ],
      "doc_auprc": 0.903411612188708,
      "doc_auprc_ci": [
        0.884174728393516,
        0.9225509885245944
      ],
      "doc_fpr_at_tpr80": 0.3171428571428571,
      "doc_fpr_at_tpr80_ci": [
        0.2521516164994426,
        0.3870967741935484
      ],
      "doc_fpr_at_tpr80_valid": true,
      "doc_tpr80_achieved_tpr": 0.8,
      "doc_fpr_at_tpr85": 0.3914285714285714,
      "doc_fpr_at_tpr85_ci": [
        0.32856609808102344,
        0.4653469822714502
      ],
      "doc_fpr_at_tpr85_valid": true,
      "doc_tpr85_achieved_tpr": 0.8514285714285714,
      "doc_fpr_at_tpr90": 0.5057142857142857,
      "doc_fpr_at_tpr90_ci": [
        0.4272341991995771,
        1.0
      ],
      "doc_fpr_at_tpr90_valid": true,
      "doc_tpr90_achieved_tpr": 0.9,
      "n_samples": 1050
    },
    "C4": {
      "region_precision": 0.05266861521618892,
      "region_precision_ci": [
        0.04366103599518542,
        0.062229754640847
      ],
      "region_recall": 0.05891499931196711,
      "region_recall_ci": [
        0.04835748721410764,
        0.06897898553246892
      ],
      "region_f1": 0.05001359512994484,
      "region_f1_ci": [
        0.04132171525492568,
        0.0585916116693525
      ],
      "doc_auc": 0.7863571428571429,
      "doc_auc_ci": [
        0.7557375031073724,
        0.8153437167069174
      ],
      "doc_auprc": 0.8673557844815495,
      "doc_auprc_ci": [
        0.8426011779490571,
        0.8928204638365338
      ],
      "doc_fpr_at_tpr80": 0.3742857142857143,
      "doc_fpr_at_tpr80_ci": [
        0.3216118073380643,
        0.42700413223140493
      ],
      "doc_fpr_at_tpr80_valid": true,
      "doc_tpr80_achieved_tpr": 0.8,
      "doc_fpr_at_tpr85": 0.4,
      "doc_fpr_at_tpr85_ci": [
        0.3450217423901634,
        0.45294243338360984
      ],
      "doc_fpr_at_tpr85_valid": true,
      "doc_tpr85_achieved_tpr": 0.85,
      "doc_fpr_at_tpr90": 0.4657142857142857,
      "doc_fpr_at_tpr90_ci": [
        0.3890577507598784,
        0.5484057430542606
      ],
      "doc_fpr_at_tpr90_valid": true,
      "doc_tpr90_achieved_tpr": 0.9,
      "n_samples": 1050
    }
  }
}