{
  "model": "FFDN-v6",
  "iou_threshold": 0.1,
  "tiers": {
    "C0": {
      "region_precision": 0.07464898245779845,
      "region_precision_ci": [
        0.0648688175366926,
        0.08583206983919019
      ],
      "region_recall": 0.09231287915159382,
      "region_recall_ci": [
        0.08069938756031174,
        0.10534591913588864
      ],
      "region_f1": 0.07270680410905617,
      "region_f1_ci": [
        0.062146343773657485,
        0.08292674239990454
      ],
      "doc_auc": 0.8419306122448977,
      "doc_auc_ci": [
        0.816921943484257,
        0.8636229564107336
      ],
      "doc_auprc": 0.9094454518503721,
      "doc_auprc_ci": [
        0.8897655491782531,
        0.9269602130924044
      ],
      "doc_fpr_at_tpr80": 0.2257142857142857,
      "doc_fpr_at_tpr80_ci": [
        0.18023124869055102,
        0.29194076202836744
      ],
      "doc_fpr_at_tpr80_valid": true,
      "doc_tpr80_achieved_tpr": 0.8071428571428572,
      "doc_fpr_at_tpr85": 0.3457142857142857,
      "doc_fpr_at_tpr85_ci": [
        0.24923465153227786,
        0.44225913000124645
      ],
      "doc_fpr_at_tpr85_valid": true,
      "doc_tpr85_achieved_tpr": 0.8514285714285714,
      "doc_fpr_at_tpr90": 1.0,
      "doc_fpr_at_tpr90_ci": [
        0.4161610265707118,
        1.0
      ],
      "doc_fpr_at_tpr90_valid": true,
      "doc_tpr90_achieved_tpr": 1.0,
      "n_samples": 1050
    },
    "C2": {
      "region_precision": 0.06750565142944534,
      "region_precision_ci": [
        0.056360855657288225,
        0.07947066423521733
      ],
      "region_recall": 0.06119977579022719,
      "region_recall_ci": [
        0.051447247445448735,
        0.07166538144584794
      ],
      "region_f1": 0.05463081593371742,
      "region_f1_ci": [
        0.04569916197805142,
        0.06296023086414972
      ],
      "doc_auc": 0.8258102040816325,
      "doc_auc_ci": [
        0.7993246482689322,
        0.8494521756550013
      ],
      "doc_auprc": 0.903411612188708,
      "doc_auprc_ci": [
        0.8833678637308597,
        0.9208650542166434
      ],
      "doc_fpr_at_tpr80": 0.3171428571428571,
      "doc_fpr_at_tpr80_ci": [
        0.25327068454568674,
        0.3846317280453258
      ],
      "doc_fpr_at_tpr80_valid": true,
      "doc_tpr80_achieved_tpr": 0.8,
      "doc_fpr_at_tpr85": 0.3914285714285714,
      "doc_fpr_at_tpr85_ci": [
        0.33536198900721403,
        0.45962545897695617
      ],
      "doc_fpr_at_tpr85_valid": true,
      "doc_tpr85_achieved_tpr": 0.8514285714285714,
      "doc_fpr_at_tpr90": 0.5057142857142857,
      "doc_fpr_at_tpr90_ci": [
        0.4264694841900724,
        1.0
      ],
      "doc_fpr_at_tpr90_valid": true,
      "doc_tpr90_achieved_tpr": 0.9,
      "n_samples": 1050
    },
    "C4": {
      "region_precision": 0.05266861521618894,
      "region_precision_ci": [
        0.043975193650834604,
        0.06282087246145061
      ],
      "region_recall": 0.05891499931196711,
      "region_recall_ci": [
        0.04896584517138066,
        0.06937310421317974
      ],
      "region_f1": 0.05001359512994485,
      "region_f1_ci": [
        0.0410095345071187,
        0.05895633916142015
      ],
      "doc_auc": 0.7863571428571429,
      "doc_auc_ci": [
        0.7561020830477689,
        0.8146804258658993
      ],
      "doc_auprc": 0.8673557844815495,
      "doc_auprc_ci": [
        0.8411486695090293,
        0.8921937796346227
      ],
      "doc_fpr_at_tpr80": 0.3742857142857143,
      "doc_fpr_at_tpr80_ci": [
        0.3195534412111952,
        0.4265243013955898
      ],
      "doc_fpr_at_tpr80_valid": true,
      "doc_tpr80_achieved_tpr": 0.8,
      "doc_fpr_at_tpr85": 0.4,
      "doc_fpr_at_tpr85_ci": [
        0.3469906896915421,
        0.45219309462915597
      ],
      "doc_fpr_at_tpr85_valid": true,
      "doc_tpr85_achieved_tpr": 0.85,
      "doc_fpr_at_tpr90": 0.4657142857142857,
      "doc_fpr_at_tpr90_ci": [
        0.38904598090392495,
        0.5571565934065934
      ],
      "doc_fpr_at_tpr90_valid": true,
      "doc_tpr90_achieved_tpr": 0.9,
      "n_samples": 1050
    }
  }
}