{
    "id": "kriyam_0450_C0",
    "model": "CAFTB",
    "is_authentic": false,
    "is_ai_generated": false,
    "confidence": 1.0,
    "regions": [
        {
            "x": 1008,
            "y": 699,
            "w": 621,
            "h": 124,
            "confidence": 0.2906997501850128
        },
        {
            "x": 1817,
            "y": 713,
            "w": 113,
            "h": 103,
            "confidence": 0.28804054856300354
        },
        {
            "x": 819,
            "y": 699,
            "w": 20,
            "h": 1,
            "confidence": 0.3210967183113098
        }
    ]
}