{
    "id": "kriyam_0213_C4",
    "model": "CAFTB",
    "is_authentic": false,
    "is_ai_generated": false,
    "confidence": 1.0,
    "regions": [
        {
            "x": 139,
            "y": 137,
            "w": 858,
            "h": 86,
            "confidence": 0.2993474006652832
        },
        {
            "x": 120,
            "y": 264,
            "w": 214,
            "h": 68,
            "confidence": 0.29944127798080444
        },
        {
            "x": 730,
            "y": 279,
            "w": 248,
            "h": 31,
            "confidence": 0.2966962158679962
        },
        {
            "x": 158,
            "y": 312,
            "w": 132,
            "h": 21,
            "confidence": 0.5667365789413452
        }
    ]
}