{
    "id": "kriyam_0641_C4",
    "model": "CAFTB",
    "is_authentic": false,
    "is_ai_generated": false,
    "confidence": 1.0,
    "regions": [
        {
            "x": 1662,
            "y": 1628,
            "w": 244,
            "h": 206,
            "confidence": 0.29946091771125793
        },
        {
            "x": 1816,
            "y": 1885,
            "w": 73,
            "h": 69,
            "confidence": 0.29410555958747864
        },
        {
            "x": 295,
            "y": 851,
            "w": 21,
            "h": 7,
            "confidence": 0.28880617022514343
        },
        {
            "x": 472,
            "y": 2678,
            "w": 13,
            "h": 1,
            "confidence": 0.3279704749584198
        }
    ]
}