{
    "id": "kriyam_0297_C0",
    "model": "CAFTB",
    "is_authentic": false,
    "is_ai_generated": false,
    "confidence": 1.0,
    "regions": [
        {
            "x": 126,
            "y": 0,
            "w": 1369,
            "h": 1389,
            "confidence": 0.299936443567276
        },
        {
            "x": 289,
            "y": 1439,
            "w": 326,
            "h": 96,
            "confidence": 0.29985639452934265
        },
        {
            "x": 760,
            "y": 2020,
            "w": 201,
            "h": 69,
            "confidence": 0.29997241497039795
        },
        {
            "x": 286,
            "y": 1366,
            "w": 40,
            "h": 40,
            "confidence": 0.299936443567276
        }
    ]
}