{
    "id": "kriyam_0449_C4",
    "model": "CAFTB",
    "is_authentic": false,
    "is_ai_generated": false,
    "confidence": 0.9999998807907104,
    "regions": [
        {
            "x": 843,
            "y": 75,
            "w": 772,
            "h": 262,
            "confidence": 0.29882317781448364
        },
        {
            "x": 882,
            "y": 692,
            "w": 602,
            "h": 138,
            "confidence": 0.29738155007362366
        },
        {
            "x": 601,
            "y": 2035,
            "w": 78,
            "h": 158,
            "confidence": 0.2889712154865265
        },
        {
            "x": 625,
            "y": 2330,
            "w": 50,
            "h": 117,
            "confidence": 0.28976279497146606
        }
    ]
}