{
    "id": "kriyam_0296_C2",
    "model": "CAFTB",
    "is_authentic": false,
    "is_ai_generated": false,
    "confidence": 0.9999998807907104,
    "regions": [
        {
            "x": 216,
            "y": 339,
            "w": 1226,
            "h": 1226,
            "confidence": 0.29997363686561584
        },
        {
            "x": 106,
            "y": 0,
            "w": 1373,
            "h": 242,
            "confidence": 0.29968079924583435
        },
        {
            "x": 535,
            "y": 1994,
            "w": 608,
            "h": 121,
            "confidence": 0.29864996671676636
        }
    ]
}