{
    "id": "kriyam_0418_C4",
    "model": "CAFTB",
    "is_authentic": false,
    "is_ai_generated": false,
    "confidence": 0.9999964237213135,
    "regions": [
        {
            "x": 969,
            "y": 1480,
            "w": 427,
            "h": 90,
            "confidence": 0.2793737053871155
        },
        {
            "x": 707,
            "y": 2145,
            "w": 185,
            "h": 63,
            "confidence": 0.9033880829811096
        },
        {
            "x": 1700,
            "y": 1707,
            "w": 54,
            "h": 42,
            "confidence": 0.29663291573524475
        },
        {
            "x": 1608,
            "y": 2118,
            "w": 35,
            "h": 28,
            "confidence": 0.2980622947216034
        }
    ]
}