{
    "id": "kriyam_0342_C2",
    "model": "CAFTB",
    "is_authentic": false,
    "is_ai_generated": false,
    "confidence": 0.9999959468841553,
    "regions": [
        {
            "x": 184,
            "y": 2569,
            "w": 757,
            "h": 248,
            "confidence": 0.29992613196372986
        },
        {
            "x": 204,
            "y": 911,
            "w": 10,
            "h": 8,
            "confidence": 0.40674376487731934
        },
        {
            "x": 1754,
            "y": 1021,
            "w": 1,
            "h": 8,
            "confidence": 0.3457058370113373
        },
        {
            "x": 683,
            "y": 1569,
            "w": 6,
            "h": 1,
            "confidence": 0.3346298635005951
        }
    ]
}