{
    "id": "kriyam_0227_C2",
    "model": "CAFTB",
    "is_authentic": false,
    "is_ai_generated": false,
    "confidence": 0.9999997615814209,
    "regions": [
        {
            "x": 12,
            "y": 588,
            "w": 1793,
            "h": 1612,
            "confidence": 0.29998669028282166
        },
        {
            "x": 920,
            "y": 2039,
            "w": 62,
            "h": 46,
            "confidence": 0.295315682888031
        },
        {
            "x": 742,
            "y": 1890,
            "w": 50,
            "h": 24,
            "confidence": 0.2936938405036926
        },
        {
            "x": 944,
            "y": 1902,
            "w": 1,
            "h": 6,
            "confidence": 0.3201614022254944
        }
    ]
}