{
    "id": "kriyam_0075_C2",
    "model": "CAFTB",
    "is_authentic": false,
    "is_ai_generated": false,
    "confidence": 1.0,
    "regions": [
        {
            "x": 165,
            "y": 610,
            "w": 775,
            "h": 35,
            "confidence": 0.9986924529075623
        },
        {
            "x": 2218,
            "y": 3460,
            "w": 257,
            "h": 42,
            "confidence": 0.2810531258583069
        },
        {
            "x": 683,
            "y": 370,
            "w": 15,
            "h": 97,
            "confidence": 0.8942078948020935
        },
        {
            "x": 1065,
            "y": 391,
            "w": 30,
            "h": 7,
            "confidence": 0.3795028626918793
        }
    ]
}