{
    "id": "kriyam_0080_C2",
    "model": "CAFTB",
    "is_authentic": false,
    "is_ai_generated": false,
    "confidence": 1.0,
    "regions": [
        {
            "x": 165,
            "y": 603,
            "w": 780,
            "h": 42,
            "confidence": 0.2974887192249298
        },
        {
            "x": 2218,
            "y": 3460,
            "w": 257,
            "h": 42,
            "confidence": 0.28557419776916504
        },
        {
            "x": 688,
            "y": 418,
            "w": 5,
            "h": 42,
            "confidence": 0.46391573548316956
        }
    ]
}