{
    "id": "kriyam_0217_C0",
    "model": "CAFTB",
    "is_authentic": false,
    "is_ai_generated": false,
    "confidence": 0.9999998807907104,
    "regions": [
        {
            "x": 8,
            "y": 154,
            "w": 1003,
            "h": 191,
            "confidence": 0.2999822497367859
        },
        {
            "x": 148,
            "y": 350,
            "w": 157,
            "h": 23,
            "confidence": 0.29353490471839905
        },
        {
            "x": 934,
            "y": 292,
            "w": 46,
            "h": 15,
            "confidence": 0.2994200885295868
        }
    ]
}