{
    "id": "kriyam_0677_C0",
    "model": "CAFTB",
    "is_authentic": false,
    "is_ai_generated": false,
    "confidence": 0.9999998807907104,
    "regions": [
        {
            "x": 141,
            "y": 411,
            "w": 1631,
            "h": 1920,
            "confidence": 0.2999764084815979
        },
        {
            "x": 1428,
            "y": 1353,
            "w": 30,
            "h": 24,
            "confidence": 0.2866976261138916
        }
    ]
}