{
    "id": "kriyam_0297_C4",
    "model": "CAFTB",
    "is_authentic": false,
    "is_ai_generated": false,
    "confidence": 0.9999998807907104,
    "regions": [
        {
            "x": 129,
            "y": 17,
            "w": 1360,
            "h": 1307,
            "confidence": 0.29972341656684875
        },
        {
            "x": 369,
            "y": 1448,
            "w": 240,
            "h": 74,
            "confidence": 0.299652099609375
        },
        {
            "x": 309,
            "y": 1482,
            "w": 27,
            "h": 10,
            "confidence": 0.299455463886261
        },
        {
            "x": 312,
            "y": 1396,
            "w": 1,
            "h": 1,
            "confidence": 0.3071516454219818
        }
    ]
}