{
    "id": "kriyam_0303_C2",
    "model": "CAFTB",
    "is_authentic": false,
    "is_ai_generated": false,
    "confidence": 0.9999998807907104,
    "regions": [
        {
            "x": 617,
            "y": 354,
            "w": 775,
            "h": 59,
            "confidence": 0.299947589635849
        },
        {
            "x": 1446,
            "y": 2185,
            "w": 405,
            "h": 45,
            "confidence": 0.2884465157985687
        },
        {
            "x": 3131,
            "y": 804,
            "w": 138,
            "h": 84,
            "confidence": 0.29288968443870544
        },
        {
            "x": 2343,
            "y": 1144,
            "w": 70,
            "h": 59,
            "confidence": 0.29820945858955383
        }
    ]
}