{
    "id": "kriyam_0941_C2",
    "model": "CAFTB",
    "is_authentic": false,
    "is_ai_generated": false,
    "confidence": 1.0,
    "regions": [
        {
            "x": 107,
            "y": 551,
            "w": 1049,
            "h": 968,
            "confidence": 0.2999478876590729
        },
        {
            "x": 127,
            "y": 1515,
            "w": 21,
            "h": 17,
            "confidence": 0.2871992588043213
        },
        {
            "x": 1036,
            "y": 1534,
            "w": 31,
            "h": 11,
            "confidence": 0.28048092126846313
        },
        {
            "x": 411,
            "y": 734,
            "w": 3,
            "h": 1,
            "confidence": 0.33471453189849854
        }
    ]
}