{
    "id": "kriyam_0937_C2",
    "model": "CAFTB",
    "is_authentic": false,
    "is_ai_generated": false,
    "confidence": 1.0,
    "regions": [
        {
            "x": 102,
            "y": 1316,
            "w": 152,
            "h": 54,
            "confidence": 0.29998302459716797
        },
        {
            "x": 476,
            "y": 1314,
            "w": 46,
            "h": 29,
            "confidence": 0.285252183675766
        }
    ]
}