{
    "id": "kriyam_0726_C4",
    "model": "CAFTB",
    "is_authentic": false,
    "is_ai_generated": false,
    "confidence": 1.0,
    "regions": [
        {
            "x": 524,
            "y": 44,
            "w": 2913,
            "h": 5395,
            "confidence": 0.29998543858528137
        },
        {
            "x": 2664,
            "y": 5935,
            "w": 880,
            "h": 322,
            "confidence": 0.2990291118621826
        },
        {
            "x": 764,
            "y": 6256,
            "w": 276,
            "h": 308,
            "confidence": 0.2972637116909027
        },
        {
            "x": 3703,
            "y": 7352,
            "w": 98,
            "h": 118,
            "confidence": 0.2717508375644684
        }
    ]
}