{
    "id": "kriyam_0225_C0",
    "model": "CAFTB",
    "is_authentic": false,
    "is_ai_generated": false,
    "confidence": 1.0,
    "regions": [
        {
            "x": 0,
            "y": 129,
            "w": 961,
            "h": 237,
            "confidence": 0.29999977350234985
        },
        {
            "x": 654,
            "y": 255,
            "w": 364,
            "h": 158,
            "confidence": 0.9996765851974487
        }
    ]
}