{
    "id": "kriyam_0737_C4",
    "model": "CAFTB",
    "is_authentic": false,
    "is_ai_generated": false,
    "confidence": 1.0,
    "regions": [
        {
            "x": 105,
            "y": 110,
            "w": 1903,
            "h": 3081,
            "confidence": 0.2999633550643921
        },
        {
            "x": 2087,
            "y": 97,
            "w": 349,
            "h": 59,
            "confidence": 0.2967671751976013
        },
        {
            "x": 1200,
            "y": 110,
            "w": 345,
            "h": 39,
            "confidence": 0.2981703579425812
        },
        {
            "x": 433,
            "y": 116,
            "w": 161,
            "h": 33,
            "confidence": 0.2973838746547699
        }
    ]
}