{
    "id": "kriyam_0021_C0",
    "model": "CAFTB",
    "is_authentic": false,
    "is_ai_generated": false,
    "confidence": 1.0,
    "regions": [
        {
            "x": 0,
            "y": 880,
            "w": 3335,
            "h": 3533,
            "confidence": 0.29997891187667847
        },
        {
            "x": 2238,
            "y": 4718,
            "w": 112,
            "h": 116,
            "confidence": 0.29089927673339844
        },
        {
            "x": 2160,
            "y": 785,
            "w": 184,
            "h": 39,
            "confidence": 0.29193076491355896
        },
        {
            "x": 1599,
            "y": 2306,
            "w": 27,
            "h": 21,
            "confidence": 0.43565109372138977
        }
    ]
}