{
    "id": "kriyam_0447_C0",
    "model": "CAFTB",
    "is_authentic": false,
    "is_ai_generated": false,
    "confidence": 1.0,
    "regions": [
        {
            "x": 131,
            "y": 26,
            "w": 2139,
            "h": 871,
            "confidence": 0.29984378814697266
        },
        {
            "x": 1120,
            "y": 2997,
            "w": 737,
            "h": 278,
            "confidence": 0.2985359728336334
        },
        {
            "x": 1078,
            "y": 3132,
            "w": 20,
            "h": 98,
            "confidence": 0.29853200912475586
        },
        {
            "x": 1561,
            "y": 412,
            "w": 6,
            "h": 14,
            "confidence": 0.38415396213531494
        }
    ]
}