{
    "id": "kriyam_0937_C4",
    "model": "CAFTB",
    "is_authentic": false,
    "is_ai_generated": false,
    "confidence": 1.0,
    "regions": [
        {
            "x": 106,
            "y": 1319,
            "w": 148,
            "h": 51,
            "confidence": 0.2992260456085205
        },
        {
            "x": 472,
            "y": 1314,
            "w": 50,
            "h": 29,
            "confidence": 0.2935023903846741
        }
    ]
}