{
    "id": "kriyam_0732_C2",
    "model": "CAFTB",
    "is_authentic": false,
    "is_ai_generated": false,
    "confidence": 1.0,
    "regions": [
        {
            "x": 269,
            "y": 180,
            "w": 1067,
            "h": 1851,
            "confidence": 0.2999192774295807
        },
        {
            "x": 329,
            "y": 2088,
            "w": 1963,
            "h": 324,
            "confidence": 0.29992154240608215
        }
    ]
}