{
    "id": "kriyam_0545_C0",
    "model": "CAFTB",
    "is_authentic": false,
    "is_ai_generated": false,
    "confidence": 1.0,
    "regions": [
        {
            "x": 265,
            "y": 123,
            "w": 658,
            "h": 507,
            "confidence": 0.2997625768184662
        },
        {
            "x": 0,
            "y": 699,
            "w": 547,
            "h": 412,
            "confidence": 0.2995534837245941
        },
        {
            "x": 88,
            "y": 157,
            "w": 114,
            "h": 304,
            "confidence": 0.299816757440567
        }
    ]
}