{
    "id": "kriyam_0218_C0",
    "model": "CAFTB",
    "is_authentic": false,
    "is_ai_generated": false,
    "confidence": 1.0,
    "regions": [
        {
            "x": 4,
            "y": 144,
            "w": 1016,
            "h": 196,
            "confidence": 0.29995256662368774
        },
        {
            "x": 742,
            "y": 253,
            "w": 284,
            "h": 89,
            "confidence": 0.29958197474479675
        },
        {
            "x": 437,
            "y": 250,
            "w": 277,
            "h": 19,
            "confidence": 0.2987667918205261
        },
        {
            "x": 397,
            "y": 126,
            "w": 222,
            "h": 19,
            "confidence": 0.2883799970149994
        }
    ]
}