{
    "id": "kriyam_0224_C2",
    "model": "CAFTB",
    "is_authentic": false,
    "is_ai_generated": false,
    "confidence": 0.9999881982803345,
    "regions": [
        {
            "x": 2823,
            "y": 218,
            "w": 611,
            "h": 176,
            "confidence": 0.2980272173881531
        },
        {
            "x": 3090,
            "y": 1337,
            "w": 186,
            "h": 35,
            "confidence": 0.29720360040664673
        },
        {
            "x": 3090,
            "y": 1618,
            "w": 179,
            "h": 40,
            "confidence": 0.278698205947876
        }
    ]
}