{
    "id": "kriyam_0660_C4",
    "model": "CAFTB",
    "is_authentic": false,
    "is_ai_generated": false,
    "confidence": 0.9999998807907104,
    "regions": [
        {
            "x": 1483,
            "y": 824,
            "w": 572,
            "h": 69,
            "confidence": 0.2988826334476471
        },
        {
            "x": 76,
            "y": 813,
            "w": 182,
            "h": 41,
            "confidence": 0.253010094165802
        },
        {
            "x": 1813,
            "y": 710,
            "w": 41,
            "h": 24,
            "confidence": 0.2796940505504608
        },
        {
            "x": 1765,
            "y": 710,
            "w": 33,
            "h": 7,
            "confidence": 0.2988719344139099
        }
    ]
}