{
    "id": "kriyam_0226_C2",
    "model": "CAFTB",
    "is_authentic": false,
    "is_ai_generated": false,
    "confidence": 0.9999998807907104,
    "regions": [
        {
            "x": 6,
            "y": 99,
            "w": 997,
            "h": 224,
            "confidence": 0.2999802827835083
        },
        {
            "x": 751,
            "y": 408,
            "w": 54,
            "h": 14,
            "confidence": 0.29541438817977905
        },
        {
            "x": 55,
            "y": 178,
            "w": 41,
            "h": 7,
            "confidence": 0.924501359462738
        },
        {
            "x": 761,
            "y": 397,
            "w": 16,
            "h": 5,
            "confidence": 0.29610583186149597
        }
    ]
}