{
    "id": "kriyam_0297_C2",
    "model": "CAFTB",
    "is_authentic": false,
    "is_ai_generated": false,
    "confidence": 1.0,
    "regions": [
        {
            "x": 126,
            "y": 0,
            "w": 1369,
            "h": 1389,
            "confidence": 0.2999599874019623
        },
        {
            "x": 296,
            "y": 1439,
            "w": 316,
            "h": 92,
            "confidence": 0.29747024178504944
        },
        {
            "x": 740,
            "y": 2020,
            "w": 240,
            "h": 69,
            "confidence": 0.29982447624206543
        },
        {
            "x": 289,
            "y": 1371,
            "w": 34,
            "h": 35,
            "confidence": 0.273076593875885
        }
    ]
}