{
    "id": "kriyam_0295_C0",
    "model": "CAFTB",
    "is_authentic": false,
    "is_ai_generated": false,
    "confidence": 1.0,
    "regions": [
        {
            "x": 97,
            "y": 202,
            "w": 1396,
            "h": 684,
            "confidence": 0.29997363686561584
        },
        {
            "x": 107,
            "y": 928,
            "w": 1363,
            "h": 491,
            "confidence": 0.29986682534217834
        },
        {
            "x": 413,
            "y": 941,
            "w": 37,
            "h": 18,
            "confidence": 0.28764039278030396
        }
    ]
}