{
    "id": "kriyam_0682_C2",
    "model": "CAFTB",
    "is_authentic": false,
    "is_ai_generated": false,
    "confidence": 1.0,
    "regions": [
        {
            "x": 97,
            "y": 565,
            "w": 1679,
            "h": 1218,
            "confidence": 0.29999321699142456
        },
        {
            "x": 1973,
            "y": 183,
            "w": 90,
            "h": 58,
            "confidence": 0.29431670904159546
        },
        {
            "x": 759,
            "y": 1759,
            "w": 73,
            "h": 24,
            "confidence": 0.29968592524528503
        },
        {
            "x": 488,
            "y": 1970,
            "w": 5,
            "h": 24,
            "confidence": 0.36161568760871887
        }
    ]
}