{
    "id": "kriyam_0732_C0",
    "model": "CAFTB",
    "is_authentic": false,
    "is_ai_generated": false,
    "confidence": 1.0,
    "regions": [
        {
            "x": 269,
            "y": 180,
            "w": 1067,
            "h": 1851,
            "confidence": 0.2997925579547882
        },
        {
            "x": 329,
            "y": 2088,
            "w": 1963,
            "h": 317,
            "confidence": 0.29956281185150146
        },
        {
            "x": 1509,
            "y": 2327,
            "w": 16,
            "h": 20,
            "confidence": 0.2911655604839325
        }
    ]
}