{
    "id": "kriyam_0237_C0",
    "model": "CAFTB",
    "is_authentic": false,
    "is_ai_generated": false,
    "confidence": 1.0,
    "regions": [
        {
            "x": 42,
            "y": 166,
            "w": 1118,
            "h": 341,
            "confidence": 0.29932093620300293
        },
        {
            "x": 774,
            "y": 778,
            "w": 415,
            "h": 314,
            "confidence": 0.29956942796707153
        },
        {
            "x": 52,
            "y": 541,
            "w": 295,
            "h": 91,
            "confidence": 0.2987046539783478
        },
        {
            "x": 734,
            "y": 144,
            "w": 97,
            "h": 98,
            "confidence": 0.29907235503196716
        }
    ]
}