{
    "id": "kriyam_0075_C0",
    "model": "CAFTB",
    "is_authentic": false,
    "is_ai_generated": false,
    "confidence": 1.0,
    "regions": [
        {
            "x": 165,
            "y": 610,
            "w": 775,
            "h": 35,
            "confidence": 0.9988914132118225
        },
        {
            "x": 2218,
            "y": 3460,
            "w": 257,
            "h": 42,
            "confidence": 0.29009565711021423
        },
        {
            "x": 683,
            "y": 370,
            "w": 10,
            "h": 97,
            "confidence": 0.8647305369377136
        }
    ]
}