{
    "id": "kriyam_0239_C4",
    "model": "CAFTB",
    "is_authentic": false,
    "is_ai_generated": false,
    "confidence": 0.9999117851257324,
    "regions": [
        {
            "x": 278,
            "y": 192,
            "w": 171,
            "h": 34,
            "confidence": 0.2976992428302765
        },
        {
            "x": 230,
            "y": 201,
            "w": 29,
            "h": 16,
            "confidence": 0.2799592912197113
        },
        {
            "x": 620,
            "y": 189,
            "w": 11,
            "h": 2,
            "confidence": 0.2945910692214966
        }
    ]
}