{
    "id": "kriyam_0388_C4",
    "model": "ADCD",
    "is_authentic": true,
    "is_ai_generated": false,
    "confidence": 0.6874473094940186,
    "regions": [
        {
            "x": 180,
            "y": 382,
            "w": 66,
            "h": 13,
            "confidence": 0.5378389954566956,
            "area": 622
        },
        {
            "x": 309,
            "y": 383,
            "w": 77,
            "h": 16,
            "confidence": 0.6874473094940186,
            "area": 1088
        }
    ]
}