{
    "id": "kriyam_0501_C4",
    "model": "ADCD",
    "is_authentic": true,
    "is_ai_generated": false,
    "confidence": 0.7169448137283325,
    "regions": [
        {
            "x": 1312,
            "y": 360,
            "w": 1,
            "h": 17,
            "confidence": 0.5155524611473083,
            "area": 10
        },
        {
            "x": 376,
            "y": 1204,
            "w": 98,
            "h": 38,
            "confidence": 0.7169448137283325,
            "area": 1068
        },
        {
            "x": 1173,
            "y": 1782,
            "w": 17,
            "h": 19,
            "confidence": 0.49530163407325745,
            "area": 28
        },
        {
            "x": 1343,
            "y": 1784,
            "w": 19,
            "h": 24,
            "confidence": 0.5746753811836243,
            "area": 148
        }
    ]
}