{
    "id": "kriyam_0707_C2",
    "model": "ADCD",
    "is_authentic": true,
    "is_ai_generated": false,
    "confidence": 0.5022794008255005,
    "regions": [
        {
            "x": 39,
            "y": 658,
            "w": 50,
            "h": 8,
            "confidence": 0.5022794008255005,
            "area": 257
        }
    ]
}