{
    "id": "kriyam_0345_C4",
    "model": "ADCD",
    "is_authentic": true,
    "is_ai_generated": false,
    "confidence": 0.5853626132011414,
    "regions": [
        {
            "x": 574,
            "y": 684,
            "w": 21,
            "h": 36,
            "confidence": 0.5853626132011414,
            "area": 143
        },
        {
            "x": 1753,
            "y": 1077,
            "w": 17,
            "h": 42,
            "confidence": 0.5458548069000244,
            "area": 132
        }
    ]
}