{
    "id": "kriyam_0224_C0",
    "model": "ADCD",
    "is_authentic": true,
    "is_ai_generated": false,
    "confidence": 0.6891067028045654,
    "regions": [
        {
            "x": 1068,
            "y": 548,
            "w": 40,
            "h": 10,
            "confidence": 0.5146852135658264,
            "area": 60
        },
        {
            "x": 897,
            "y": 831,
            "w": 62,
            "h": 77,
            "confidence": 0.6891067028045654,
            "area": 1011
        },
        {
            "x": 1971,
            "y": 868,
            "w": 65,
            "h": 56,
            "confidence": 0.5840717554092407,
            "area": 739
        }
    ]
}