{
    "id": "kriyam_0754_C4",
    "model": "ADCD",
    "is_authentic": true,
    "is_ai_generated": false,
    "confidence": 0.5437148213386536,
    "regions": [
        {
            "x": 520,
            "y": 101,
            "w": 93,
            "h": 23,
            "confidence": 0.5437148213386536,
            "area": 1511
        },
        {
            "x": 342,
            "y": 1447,
            "w": 28,
            "h": 12,
            "confidence": 0.5001412630081177,
            "area": 185
        },
        {
            "x": 333,
            "y": 1448,
            "w": 3,
            "h": 2,
            "confidence": 0.5021466612815857,
            "area": 5
        }
    ]
}