{
    "id": "kriyam_0064_C2",
    "model": "ADCD",
    "is_authentic": false,
    "is_ai_generated": false,
    "confidence": 0.7121775150299072,
    "regions": [
        {
            "x": 1935,
            "y": 274,
            "w": 14,
            "h": 23,
            "confidence": 0.6119101643562317,
            "area": 77
        },
        {
            "x": 574,
            "y": 745,
            "w": 47,
            "h": 26,
            "confidence": 0.6107825636863708,
            "area": 251
        },
        {
            "x": 1731,
            "y": 2230,
            "w": 168,
            "h": 192,
            "confidence": 0.6977832317352295,
            "area": 4746
        },
        {
            "x": 1151,
            "y": 2545,
            "w": 272,
            "h": 227,
            "confidence": 0.7121775150299072,
            "area": 8288
        }
    ]
}