{
    "id": "kriyam_0089_C4",
    "model": "ADCD",
    "is_authentic": true,
    "is_ai_generated": false,
    "confidence": 0.6063418388366699,
    "regions": [
        {
            "x": 274,
            "y": 351,
            "w": 43,
            "h": 17,
            "confidence": 0.5483402013778687,
            "area": 174
        },
        {
            "x": 413,
            "y": 353,
            "w": 15,
            "h": 11,
            "confidence": 0.5025898218154907,
            "area": 33
        },
        {
            "x": 328,
            "y": 3020,
            "w": 77,
            "h": 38,
            "confidence": 0.6063418388366699,
            "area": 645
        },
        {
            "x": 442,
            "y": 3022,
            "w": 19,
            "h": 31,
            "confidence": 0.5183284282684326,
            "area": 126
        }
    ]
}