{
    "id": "kriyam_0785_C2",
    "model": "ADCD",
    "is_authentic": true,
    "is_ai_generated": false,
    "confidence": 0.7082088589668274,
    "regions": [
        {
            "x": 313,
            "y": 152,
            "w": 5,
            "h": 2,
            "confidence": 0.5094460248947144,
            "area": 7
        },
        {
            "x": 360,
            "y": 174,
            "w": 24,
            "h": 21,
            "confidence": 0.5795660614967346,
            "area": 314
        },
        {
            "x": 963,
            "y": 594,
            "w": 12,
            "h": 13,
            "confidence": 0.501309871673584,
            "area": 79
        },
        {
            "x": 374,
            "y": 1313,
            "w": 32,
            "h": 22,
            "confidence": 0.7082088589668274,
            "area": 562
        }
    ]
}