{
    "id": "kriyam_0599_C4",
    "model": "ADCD",
    "is_authentic": true,
    "is_ai_generated": false,
    "confidence": 0.8510618209838867,
    "regions": [
        {
            "x": 1770,
            "y": 1602,
            "w": 185,
            "h": 101,
            "confidence": 0.8372180461883545,
            "area": 5429
        },
        {
            "x": 1873,
            "y": 1776,
            "w": 91,
            "h": 83,
            "confidence": 0.6930327415466309,
            "area": 2018
        },
        {
            "x": 499,
            "y": 1953,
            "w": 201,
            "h": 38,
            "confidence": 0.8510618209838867,
            "area": 2360
        }
    ]
}