{
    "id": "kriyam_0461_C0",
    "model": "ADCD",
    "is_authentic": true,
    "is_ai_generated": false,
    "confidence": 0.8443100452423096,
    "regions": [
        {
            "x": 138,
            "y": 125,
            "w": 30,
            "h": 32,
            "confidence": 0.4735245704650879,
            "area": 90
        },
        {
            "x": 1826,
            "y": 610,
            "w": 60,
            "h": 73,
            "confidence": 0.8443100452423096,
            "area": 949
        }
    ]
}