{
    "id": "kriyam_0546_C0",
    "model": "ADCD",
    "is_authentic": true,
    "is_ai_generated": false,
    "confidence": 0.5556234121322632,
    "regions": [
        {
            "x": 844,
            "y": 2552,
            "w": 100,
            "h": 90,
            "confidence": 0.5556234121322632,
            "area": 318
        },
        {
            "x": 1750,
            "y": 3141,
            "w": 194,
            "h": 63,
            "confidence": 0.5503478050231934,
            "area": 388
        },
        {
            "x": 1536,
            "y": 4422,
            "w": 22,
            "h": 79,
            "confidence": 0.550080418586731,
            "area": 72
        },
        {
            "x": 568,
            "y": 5881,
            "w": 1,
            "h": 1,
            "confidence": 0.509443998336792,
            "area": 1
        }
    ]
}