{
    "id": "kriyam_0595_C2",
    "model": "ADCD",
    "is_authentic": true,
    "is_ai_generated": false,
    "confidence": 0.8202453255653381,
    "regions": [
        {
            "x": 40,
            "y": 626,
            "w": 91,
            "h": 29,
            "confidence": 0.6568382382392883,
            "area": 2031
        },
        {
            "x": 311,
            "y": 815,
            "w": 22,
            "h": 16,
            "confidence": 0.5229806900024414,
            "area": 284
        },
        {
            "x": 826,
            "y": 872,
            "w": 13,
            "h": 1,
            "confidence": 0.4976450502872467,
            "area": 13
        },
        {
            "x": 40,
            "y": 1189,
            "w": 36,
            "h": 18,
            "confidence": 0.8202453255653381,
            "area": 638
        }
    ]
}