{
    "id": "kriyam_0090_C4",
    "model": "ADCD",
    "is_authentic": true,
    "is_ai_generated": false,
    "confidence": 0.7266780734062195,
    "regions": [
        {
            "x": 1521,
            "y": 2349,
            "w": 29,
            "h": 55,
            "confidence": 0.7266780734062195,
            "area": 400
        }
    ]
}