{
    "id": "kriyam_0458_C2",
    "model": "ADCD",
    "is_authentic": true,
    "is_ai_generated": false,
    "confidence": 0.8263932466506958,
    "regions": [
        {
            "x": 125,
            "y": 118,
            "w": 170,
            "h": 43,
            "confidence": 0.8263932466506958,
            "area": 1481
        },
        {
            "x": 539,
            "y": 1434,
            "w": 34,
            "h": 25,
            "confidence": 0.5358685851097107,
            "area": 164
        }
    ]
}