{
    "id": "kriyam_0347_C0",
    "model": "ADCD",
    "is_authentic": true,
    "is_ai_generated": false,
    "confidence": 0.6398111581802368,
    "regions": [
        {
            "x": 1756,
            "y": 973,
            "w": 65,
            "h": 25,
            "confidence": 0.5426151156425476,
            "area": 314
        },
        {
            "x": 476,
            "y": 1287,
            "w": 21,
            "h": 25,
            "confidence": 0.6398111581802368,
            "area": 117
        }
    ]
}