{
    "id": "kriyam_0386_C4",
    "model": "ADCD",
    "is_authentic": true,
    "is_ai_generated": false,
    "confidence": 0.6903213262557983,
    "regions": [
        {
            "x": 204,
            "y": 912,
            "w": 9,
            "h": 10,
            "confidence": 0.6903213262557983,
            "area": 89
        },
        {
            "x": 1045,
            "y": 1189,
            "w": 14,
            "h": 17,
            "confidence": 0.666755735874176,
            "area": 211
        },
        {
            "x": 173,
            "y": 1216,
            "w": 8,
            "h": 3,
            "confidence": 0.5078573822975159,
            "area": 11
        },
        {
            "x": 812,
            "y": 1282,
            "w": 11,
            "h": 7,
            "confidence": 0.5025508999824524,
            "area": 38
        }
    ]
}