{
    "id": "kriyam_0398_C4",
    "model": "ADCD",
    "is_authentic": true,
    "is_ai_generated": false,
    "confidence": 0.7751374244689941,
    "regions": [
        {
            "x": 1401,
            "y": 815,
            "w": 24,
            "h": 43,
            "confidence": 0.5119369626045227,
            "area": 156
        },
        {
            "x": 434,
            "y": 1333,
            "w": 29,
            "h": 22,
            "confidence": 0.52402263879776,
            "area": 93
        },
        {
            "x": 1934,
            "y": 2137,
            "w": 29,
            "h": 26,
            "confidence": 0.7751374244689941,
            "area": 152
        }
    ]
}