{
    "id": "kriyam_0834_C2",
    "model": "ADCD",
    "is_authentic": true,
    "is_ai_generated": false,
    "confidence": 0.7318294048309326,
    "regions": [
        {
            "x": 74,
            "y": 117,
            "w": 36,
            "h": 20,
            "confidence": 0.621127188205719,
            "area": 717
        },
        {
            "x": 581,
            "y": 184,
            "w": 40,
            "h": 19,
            "confidence": 0.7318294048309326,
            "area": 751
        },
        {
            "x": 600,
            "y": 222,
            "w": 22,
            "h": 20,
            "confidence": 0.6080886721611023,
            "area": 374
        },
        {
            "x": 604,
            "y": 969,
            "w": 24,
            "h": 16,
            "confidence": 0.4983915686607361,
            "area": 249
        }
    ]
}