{
    "id": "kriyam_0325_C0",
    "model": "ADCD",
    "is_authentic": true,
    "is_ai_generated": false,
    "confidence": 0.6569595336914062,
    "regions": [
        {
            "x": 1756,
            "y": 743,
            "w": 16,
            "h": 28,
            "confidence": 0.5568310618400574,
            "area": 97
        },
        {
            "x": 281,
            "y": 1826,
            "w": 90,
            "h": 45,
            "confidence": 0.6569595336914062,
            "area": 776
        },
        {
            "x": 1628,
            "y": 1951,
            "w": 19,
            "h": 43,
            "confidence": 0.5108928680419922,
            "area": 130
        },
        {
            "x": 1802,
            "y": 2677,
            "w": 14,
            "h": 38,
            "confidence": 0.5228328108787537,
            "area": 92
        }
    ]
}