{
    "id": "kriyam_0298_C2",
    "model": "ADCD",
    "is_authentic": true,
    "is_ai_generated": false,
    "confidence": 0.6325607299804688,
    "regions": [
        {
            "x": 324,
            "y": 835,
            "w": 50,
            "h": 39,
            "confidence": 0.6325607299804688,
            "area": 371
        },
        {
            "x": 1852,
            "y": 866,
            "w": 86,
            "h": 34,
            "confidence": 0.5820863246917725,
            "area": 551
        },
        {
            "x": 1729,
            "y": 870,
            "w": 43,
            "h": 32,
            "confidence": 0.6142045259475708,
            "area": 295
        },
        {
            "x": 798,
            "y": 1809,
            "w": 23,
            "h": 38,
            "confidence": 0.585803210735321,
            "area": 172
        }
    ]
}