{
    "id": "kriyam_0346_C4",
    "model": "ADCD",
    "is_authentic": true,
    "is_ai_generated": false,
    "confidence": 0.7205890417098999,
    "regions": [
        {
            "x": 1806,
            "y": 787,
            "w": 3,
            "h": 12,
            "confidence": 0.5095496773719788,
            "area": 12
        },
        {
            "x": 1804,
            "y": 873,
            "w": 23,
            "h": 31,
            "confidence": 0.7205890417098999,
            "area": 162
        },
        {
            "x": 1525,
            "y": 1465,
            "w": 28,
            "h": 23,
            "confidence": 0.4900805354118347,
            "area": 126
        },
        {
            "x": 173,
            "y": 1627,
            "w": 14,
            "h": 12,
            "confidence": 0.49894407391548157,
            "area": 26
        }
    ]
}