{
    "id": "kriyam_0808_C4",
    "model": "ADCD",
    "is_authentic": true,
    "is_ai_generated": false,
    "confidence": 0.6774573922157288,
    "regions": [
        {
            "x": 325,
            "y": 411,
            "w": 59,
            "h": 34,
            "confidence": 0.6774573922157288,
            "area": 978
        },
        {
            "x": 313,
            "y": 1035,
            "w": 107,
            "h": 32,
            "confidence": 0.6270740032196045,
            "area": 1363
        },
        {
            "x": 760,
            "y": 1966,
            "w": 31,
            "h": 31,
            "confidence": 0.5189512968063354,
            "area": 344
        }
    ]
}