{
    "id": "kriyam_0402_C0",
    "model": "ADCD",
    "is_authentic": true,
    "is_ai_generated": false,
    "confidence": 0.7629393935203552,
    "regions": [
        {
            "x": 331,
            "y": 443,
            "w": 8,
            "h": 18,
            "confidence": 0.5361179709434509,
            "area": 45
        },
        {
            "x": 198,
            "y": 460,
            "w": 41,
            "h": 84,
            "confidence": 0.7629393935203552,
            "area": 1024
        },
        {
            "x": 460,
            "y": 750,
            "w": 24,
            "h": 63,
            "confidence": 0.5178310871124268,
            "area": 367
        },
        {
            "x": 645,
            "y": 2669,
            "w": 18,
            "h": 46,
            "confidence": 0.5186107158660889,
            "area": 143
        }
    ]
}