{
    "id": "kriyam_0350_C2",
    "model": "ADCD",
    "is_authentic": true,
    "is_ai_generated": false,
    "confidence": 0.5305216908454895,
    "regions": [
        {
            "x": 506,
            "y": 1230,
            "w": 21,
            "h": 25,
            "confidence": 0.5305216908454895,
            "area": 113
        }
    ]
}