{
    "id": "kriyam_0305_C4",
    "model": "ADCD",
    "is_authentic": true,
    "is_ai_generated": false,
    "confidence": 0.5760740637779236,
    "regions": [
        {
            "x": 2050,
            "y": 618,
            "w": 76,
            "h": 41,
            "confidence": 0.5760740637779236,
            "area": 646
        }
    ]
}