{
    "id": "kriyam_0650_C4",
    "model": "ADCD",
    "is_authentic": true,
    "is_ai_generated": false,
    "confidence": 0.8665162324905396,
    "regions": [
        {
            "x": 940,
            "y": 1394,
            "w": 56,
            "h": 23,
            "confidence": 0.513449490070343,
            "area": 282
        },
        {
            "x": 1736,
            "y": 1533,
            "w": 239,
            "h": 171,
            "confidence": 0.761073887348175,
            "area": 5382
        },
        {
            "x": 459,
            "y": 2064,
            "w": 166,
            "h": 29,
            "confidence": 0.8665162324905396,
            "area": 1521
        }
    ]
}