{
    "id": "kriyam_0117_C2",
    "model": "ADCD",
    "is_authentic": true,
    "is_ai_generated": false,
    "confidence": 0.530914306640625,
    "regions": [
        {
            "x": 484,
            "y": 1311,
            "w": 30,
            "h": 30,
            "confidence": 0.530914306640625,
            "area": 149
        },
        {
            "x": 375,
            "y": 2725,
            "w": 16,
            "h": 21,
            "confidence": 0.5138469338417053,
            "area": 56
        }
    ]
}