{
    "id": "kriyam_0068_C4",
    "model": "ADCD",
    "is_authentic": true,
    "is_ai_generated": false,
    "confidence": 0.7510278820991516,
    "regions": [
        {
            "x": 1578,
            "y": 2416,
            "w": 255,
            "h": 109,
            "confidence": 0.7510278820991516,
            "area": 4688
        }
    ]
}