{
    "id": "kriyam_0395_C4",
    "model": "ADCD",
    "is_authentic": true,
    "is_ai_generated": false,
    "confidence": 0.7357394695281982,
    "regions": [
        {
            "x": 381,
            "y": 92,
            "w": 50,
            "h": 27,
            "confidence": 0.6338745951652527,
            "area": 253
        },
        {
            "x": 1410,
            "y": 97,
            "w": 59,
            "h": 40,
            "confidence": 0.7023045420646667,
            "area": 441
        },
        {
            "x": 1498,
            "y": 1813,
            "w": 26,
            "h": 45,
            "confidence": 0.723727285861969,
            "area": 238
        },
        {
            "x": 1236,
            "y": 2236,
            "w": 29,
            "h": 52,
            "confidence": 0.7357394695281982,
            "area": 295
        }
    ]
}