{
    "id": "kriyam_0422_C4",
    "model": "ADCD",
    "is_authentic": true,
    "is_ai_generated": false,
    "confidence": 0.6271775960922241,
    "regions": [
        {
            "x": 1713,
            "y": 1467,
            "w": 275,
            "h": 43,
            "confidence": 0.6271775960922241,
            "area": 1355
        },
        {
            "x": 1699,
            "y": 1634,
            "w": 54,
            "h": 56,
            "confidence": 0.4984982907772064,
            "area": 385
        },
        {
            "x": 2131,
            "y": 1726,
            "w": 25,
            "h": 23,
            "confidence": 0.5345289707183838,
            "area": 119
        }
    ]
}