{
    "id": "kriyam_0768_C4",
    "model": "ADCD",
    "is_authentic": true,
    "is_ai_generated": false,
    "confidence": 0.8691872954368591,
    "regions": [
        {
            "x": 544,
            "y": 692,
            "w": 18,
            "h": 27,
            "confidence": 0.8477203845977783,
            "area": 473
        },
        {
            "x": 342,
            "y": 707,
            "w": 13,
            "h": 26,
            "confidence": 0.7588061094284058,
            "area": 334
        },
        {
            "x": 546,
            "y": 891,
            "w": 19,
            "h": 28,
            "confidence": 0.8691872954368591,
            "area": 510
        },
        {
            "x": 269,
            "y": 1029,
            "w": 12,
            "h": 25,
            "confidence": 0.5194429755210876,
            "area": 291
        }
    ]
}