{
    "id": "kriyam_0303_C4",
    "model": "ADCD",
    "is_authentic": true,
    "is_ai_generated": false,
    "confidence": 0.6430007815361023,
    "regions": [
        {
            "x": 1164,
            "y": 620,
            "w": 25,
            "h": 30,
            "confidence": 0.6074409484863281,
            "area": 151
        },
        {
            "x": 1675,
            "y": 2198,
            "w": 60,
            "h": 28,
            "confidence": 0.6430007815361023,
            "area": 327
        }
    ]
}