{
    "id": "kriyam_0451_C4",
    "model": "ADCD",
    "is_authentic": true,
    "is_ai_generated": false,
    "confidence": 0.8577823042869568,
    "regions": [
        {
            "x": 125,
            "y": 121,
            "w": 170,
            "h": 40,
            "confidence": 0.8577823042869568,
            "area": 1480
        },
        {
            "x": 980,
            "y": 1423,
            "w": 20,
            "h": 21,
            "confidence": 0.509060800075531,
            "area": 78
        },
        {
            "x": 850,
            "y": 2697,
            "w": 8,
            "h": 14,
            "confidence": 0.5190929770469666,
            "area": 12
        }
    ]
}