{
    "id": "kriyam_0083_C0",
    "model": "ADCD",
    "is_authentic": true,
    "is_ai_generated": false,
    "confidence": 0.48357945680618286,
    "regions": [
        {
            "x": 649,
            "y": 1748,
            "w": 28,
            "h": 32,
            "confidence": 0.48357945680618286,
            "area": 97
        }
    ]
}