{
    "id": "kriyam_0247_C4",
    "model": "ADCD",
    "is_authentic": true,
    "is_ai_generated": false,
    "confidence": 0.5111838579177856,
    "regions": [
        {
            "x": 188,
            "y": 243,
            "w": 1,
            "h": 1,
            "confidence": 0.5014972686767578,
            "area": 1
        },
        {
            "x": 306,
            "y": 511,
            "w": 43,
            "h": 23,
            "confidence": 0.5111838579177856,
            "area": 679
        }
    ]
}