{
    "id": "kriyam_0439_C2",
    "model": "ADCD",
    "is_authentic": true,
    "is_ai_generated": false,
    "confidence": 0.7378674745559692,
    "regions": [
        {
            "x": 2003,
            "y": 1732,
            "w": 65,
            "h": 41,
            "confidence": 0.7378674745559692,
            "area": 539
        },
        {
            "x": 1525,
            "y": 2105,
            "w": 1,
            "h": 1,
            "confidence": 0.5023636817932129,
            "area": 1
        },
        {
            "x": 1201,
            "y": 2677,
            "w": 87,
            "h": 119,
            "confidence": 0.5792872309684753,
            "area": 1616
        },
        {
            "x": 896,
            "y": 2734,
            "w": 153,
            "h": 165,
            "confidence": 0.717067539691925,
            "area": 2732
        }
    ]
}