{
    "id": "kriyam_0308_C0",
    "model": "ADCD",
    "is_authentic": true,
    "is_ai_generated": false,
    "confidence": 0.5367089509963989,
    "regions": [
        {
            "x": 1096,
            "y": 848,
            "w": 23,
            "h": 38,
            "confidence": 0.5367089509963989,
            "area": 170
        },
        {
            "x": 3159,
            "y": 2207,
            "w": 8,
            "h": 12,
            "confidence": 0.508264422416687,
            "area": 16
        }
    ]
}