{
    "id": "kriyam_0443_C2",
    "model": "ADCD",
    "is_authentic": true,
    "is_ai_generated": false,
    "confidence": 0.7448015809059143,
    "regions": [
        {
            "x": 121,
            "y": 118,
            "w": 408,
            "h": 45,
            "confidence": 0.7448015809059143,
            "area": 3480
        }
    ]
}