{
    "id": "kriyam_1040_C4",
    "model": "ADCD",
    "is_authentic": true,
    "is_ai_generated": false,
    "confidence": 0.5538842678070068,
    "regions": [
        {
            "x": 82,
            "y": 488,
            "w": 55,
            "h": 13,
            "confidence": 0.5538842678070068,
            "area": 532
        }
    ]
}