{
    "id": "kriyam_0630_C4",
    "model": "ADCD",
    "is_authentic": false,
    "is_ai_generated": false,
    "confidence": 0.8727595210075378,
    "regions": [
        {
            "x": 1294,
            "y": 123,
            "w": 40,
            "h": 27,
            "confidence": 0.7880651354789734,
            "area": 296
        },
        {
            "x": 1665,
            "y": 689,
            "w": 171,
            "h": 196,
            "confidence": 0.8449743390083313,
            "area": 7504
        },
        {
            "x": 1811,
            "y": 917,
            "w": 100,
            "h": 102,
            "confidence": 0.8370510935783386,
            "area": 3015
        },
        {
            "x": 619,
            "y": 2137,
            "w": 172,
            "h": 45,
            "confidence": 0.8727595210075378,
            "area": 2017
        }
    ]
}