{
    "id": "kriyam_0134_C2",
    "model": "ADCD",
    "is_authentic": true,
    "is_ai_generated": false,
    "confidence": 0.7036637663841248,
    "regions": [
        {
            "x": 519,
            "y": 31,
            "w": 244,
            "h": 25,
            "confidence": 0.6986881494522095,
            "area": 4092
        },
        {
            "x": 368,
            "y": 362,
            "w": 45,
            "h": 2,
            "confidence": 0.5067862272262573,
            "area": 62
        },
        {
            "x": 498,
            "y": 848,
            "w": 30,
            "h": 14,
            "confidence": 0.5658311247825623,
            "area": 298
        },
        {
            "x": 149,
            "y": 1429,
            "w": 40,
            "h": 14,
            "confidence": 0.7036637663841248,
            "area": 451
        }
    ]
}