{
    "id": "kriyam_0470_C2",
    "model": "ADCD",
    "is_authentic": true,
    "is_ai_generated": false,
    "confidence": 0.8529396057128906,
    "regions": [
        {
            "x": 125,
            "y": 121,
            "w": 167,
            "h": 40,
            "confidence": 0.7087076306343079,
            "area": 1428
        },
        {
            "x": 471,
            "y": 2491,
            "w": 106,
            "h": 119,
            "confidence": 0.8529396057128906,
            "area": 2626
        }
    ]
}