{
    "id": "kriyam_0769_C4",
    "model": "ADCD",
    "is_authentic": true,
    "is_ai_generated": false,
    "confidence": 0.6830779314041138,
    "regions": [
        {
            "x": 376,
            "y": 127,
            "w": 13,
            "h": 15,
            "confidence": 0.5120260715484619,
            "area": 87
        },
        {
            "x": 507,
            "y": 163,
            "w": 61,
            "h": 23,
            "confidence": 0.6830779314041138,
            "area": 1352
        },
        {
            "x": 466,
            "y": 862,
            "w": 53,
            "h": 9,
            "confidence": 0.5300904512405396,
            "area": 448
        },
        {
            "x": 382,
            "y": 1069,
            "w": 11,
            "h": 6,
            "confidence": 0.5091336965560913,
            "area": 41
        }
    ]
}