{
    "id": "kriyam_0768_C2",
    "model": "ADCD",
    "is_authentic": true,
    "is_ai_generated": false,
    "confidence": 0.8752835392951965,
    "regions": [
        {
            "x": 245,
            "y": 421,
            "w": 13,
            "h": 18,
            "confidence": 0.5160515308380127,
            "area": 208
        },
        {
            "x": 545,
            "y": 693,
            "w": 16,
            "h": 25,
            "confidence": 0.7462681531906128,
            "area": 397
        },
        {
            "x": 342,
            "y": 706,
            "w": 14,
            "h": 27,
            "confidence": 0.8752835392951965,
            "area": 375
        },
        {
            "x": 546,
            "y": 891,
            "w": 19,
            "h": 27,
            "confidence": 0.8640501499176025,
            "area": 505
        }
    ]
}