{
    "id": "kriyam_0823_C0",
    "model": "ADCD",
    "is_authentic": false,
    "is_ai_generated": false,
    "confidence": 0.6911401748657227,
    "regions": [
        {
            "x": 437,
            "y": 81,
            "w": 24,
            "h": 17,
            "confidence": 0.5985444188117981,
            "area": 379
        },
        {
            "x": 394,
            "y": 175,
            "w": 129,
            "h": 27,
            "confidence": 0.6283446550369263,
            "area": 2830
        },
        {
            "x": 174,
            "y": 258,
            "w": 1,
            "h": 2,
            "confidence": 0.5037281513214111,
            "area": 2
        },
        {
            "x": 224,
            "y": 572,
            "w": 72,
            "h": 21,
            "confidence": 0.6911401748657227,
            "area": 1397
        }
    ]
}