{
    "id": "kriyam_0333_C0",
    "model": "ADCD",
    "is_authentic": true,
    "is_ai_generated": false,
    "confidence": 0.6814372539520264,
    "regions": [
        {
            "x": 1745,
            "y": 267,
            "w": 42,
            "h": 32,
            "confidence": 0.6148915886878967,
            "area": 284
        },
        {
            "x": 1501,
            "y": 842,
            "w": 28,
            "h": 34,
            "confidence": 0.6165340542793274,
            "area": 206
        },
        {
            "x": 1946,
            "y": 3251,
            "w": 12,
            "h": 19,
            "confidence": 0.5154805183410645,
            "area": 25
        },
        {
            "x": 607,
            "y": 3273,
            "w": 139,
            "h": 50,
            "confidence": 0.6814372539520264,
            "area": 1183
        }
    ]
}