{
    "id": "kriyam_0209_C4",
    "model": "ADCD",
    "is_authentic": true,
    "is_ai_generated": false,
    "confidence": 0.8105738162994385,
    "regions": [
        {
            "x": 312,
            "y": 613,
            "w": 18,
            "h": 29,
            "confidence": 0.6635184288024902,
            "area": 145
        },
        {
            "x": 663,
            "y": 628,
            "w": 92,
            "h": 34,
            "confidence": 0.791543185710907,
            "area": 747
        },
        {
            "x": 1141,
            "y": 707,
            "w": 25,
            "h": 48,
            "confidence": 0.7424131631851196,
            "area": 350
        },
        {
            "x": 486,
            "y": 955,
            "w": 26,
            "h": 26,
            "confidence": 0.8105738162994385,
            "area": 216
        }
    ]
}