{
    "id": "kriyam_0891_C0",
    "model": "ADCD",
    "is_authentic": true,
    "is_ai_generated": false,
    "confidence": 0.7148226499557495,
    "regions": [
        {
            "x": 348,
            "y": 290,
            "w": 43,
            "h": 55,
            "confidence": 0.7148226499557495,
            "area": 2201
        },
        {
            "x": 551,
            "y": 722,
            "w": 90,
            "h": 17,
            "confidence": 0.6065627932548523,
            "area": 1224
        },
        {
            "x": 808,
            "y": 920,
            "w": 9,
            "h": 6,
            "confidence": 0.5067045092582703,
            "area": 24
        },
        {
            "x": 675,
            "y": 1136,
            "w": 91,
            "h": 21,
            "confidence": 0.552807092666626,
            "area": 1204
        }
    ]
}