{
    "id": "kriyam_0599_C2",
    "model": "ADCD",
    "is_authentic": true,
    "is_ai_generated": false,
    "confidence": 0.8651342391967773,
    "regions": [
        {
            "x": 1771,
            "y": 1602,
            "w": 184,
            "h": 100,
            "confidence": 0.8407257795333862,
            "area": 5315
        },
        {
            "x": 1882,
            "y": 1786,
            "w": 78,
            "h": 67,
            "confidence": 0.5595932602882385,
            "area": 973
        },
        {
            "x": 501,
            "y": 1954,
            "w": 199,
            "h": 37,
            "confidence": 0.8651342391967773,
            "area": 2002
        }
    ]
}