{
    "id": "kriyam_0784_C2",
    "model": "ADCD",
    "is_authentic": true,
    "is_ai_generated": false,
    "confidence": 0.8232325911521912,
    "regions": [
        {
            "x": 1215,
            "y": 0,
            "w": 60,
            "h": 143,
            "confidence": 0.8232325911521912,
            "area": 3111
        },
        {
            "x": 743,
            "y": 182,
            "w": 25,
            "h": 14,
            "confidence": 0.53600013256073,
            "area": 274
        },
        {
            "x": 247,
            "y": 1075,
            "w": 2,
            "h": 1,
            "confidence": 0.5040011405944824,
            "area": 2
        },
        {
            "x": 222,
            "y": 1211,
            "w": 28,
            "h": 25,
            "confidence": 0.6961320638656616,
            "area": 573
        }
    ]
}