{
    "id": "kriyam_0947_C4",
    "model": "ADCD",
    "is_authentic": true,
    "is_ai_generated": false,
    "confidence": 0.5147754549980164,
    "regions": [
        {
            "x": 424,
            "y": 492,
            "w": 49,
            "h": 11,
            "confidence": 0.5147754549980164,
            "area": 446
        }
    ]
}