{
    "id": "kriyam_0883_C2",
    "model": "ADCD",
    "is_authentic": true,
    "is_ai_generated": false,
    "confidence": 0.7469815611839294,
    "regions": [
        {
            "x": 432,
            "y": 108,
            "w": 9,
            "h": 7,
            "confidence": 0.5132617950439453,
            "area": 44
        },
        {
            "x": 279,
            "y": 570,
            "w": 44,
            "h": 12,
            "confidence": 0.6479110717773438,
            "area": 496
        },
        {
            "x": 209,
            "y": 617,
            "w": 23,
            "h": 10,
            "confidence": 0.6017876267433167,
            "area": 224
        },
        {
            "x": 307,
            "y": 617,
            "w": 70,
            "h": 11,
            "confidence": 0.7469815611839294,
            "area": 748
        }
    ]
}