{
    "id": "kriyam_0349_C0",
    "model": "ADCD",
    "is_authentic": true,
    "is_ai_generated": false,
    "confidence": 0.5994597673416138,
    "regions": [
        {
            "x": 296,
            "y": 316,
            "w": 124,
            "h": 44,
            "confidence": 0.5994597673416138,
            "area": 1121
        },
        {
            "x": 333,
            "y": 2100,
            "w": 32,
            "h": 34,
            "confidence": 0.5039649605751038,
            "area": 73
        },
        {
            "x": 1471,
            "y": 2115,
            "w": 19,
            "h": 19,
            "confidence": 0.5006115436553955,
            "area": 49
        },
        {
            "x": 368,
            "y": 2161,
            "w": 61,
            "h": 25,
            "confidence": 0.5139568448066711,
            "area": 201
        }
    ]
}