{
    "id": "kriyam_1048_C2",
    "model": "ADCD",
    "is_authentic": true,
    "is_ai_generated": false,
    "confidence": 0.5623220205307007,
    "regions": [
        {
            "x": 290,
            "y": 241,
            "w": 94,
            "h": 13,
            "confidence": 0.5431681275367737,
            "area": 951
        },
        {
            "x": 82,
            "y": 337,
            "w": 62,
            "h": 37,
            "confidence": 0.5623220205307007,
            "area": 1353
        }
    ]
}