{
    "id": "kriyam_0468_C0",
    "model": "ADCD",
    "is_authentic": true,
    "is_ai_generated": false,
    "confidence": 0.8703686594963074,
    "regions": [
        {
            "x": 127,
            "y": 121,
            "w": 165,
            "h": 40,
            "confidence": 0.6513664722442627,
            "area": 1348
        },
        {
            "x": 969,
            "y": 1256,
            "w": 56,
            "h": 76,
            "confidence": 0.6592046022415161,
            "area": 907
        },
        {
            "x": 969,
            "y": 1445,
            "w": 64,
            "h": 64,
            "confidence": 0.8703686594963074,
            "area": 891
        },
        {
            "x": 1052,
            "y": 1712,
            "w": 62,
            "h": 93,
            "confidence": 0.571074366569519,
            "area": 878
        }
    ]
}