{
    "id": "kriyam_0353_C0",
    "model": "ADCD",
    "is_authentic": true,
    "is_ai_generated": false,
    "confidence": 0.5426262617111206,
    "regions": [
        {
            "x": 2196,
            "y": 2125,
            "w": 27,
            "h": 47,
            "confidence": 0.5426262617111206,
            "area": 257
        }
    ]
}