{
    "id": "kriyam_0387_C4",
    "model": "ADCD",
    "is_authentic": true,
    "is_ai_generated": false,
    "confidence": 0.6355804204940796,
    "regions": [
        {
            "x": 809,
            "y": 1149,
            "w": 36,
            "h": 14,
            "confidence": 0.5676767230033875,
            "area": 436
        },
        {
            "x": 576,
            "y": 1161,
            "w": 51,
            "h": 27,
            "confidence": 0.6355804204940796,
            "area": 1079
        },
        {
            "x": 494,
            "y": 1171,
            "w": 39,
            "h": 20,
            "confidence": 0.4825386106967926,
            "area": 451
        },
        {
            "x": 868,
            "y": 1362,
            "w": 18,
            "h": 19,
            "confidence": 0.608710527420044,
            "area": 320
        }
    ]
}