{
    "id": "kriyam_0886_C4",
    "model": "ADCD",
    "is_authentic": true,
    "is_ai_generated": false,
    "confidence": 0.8179309964179993,
    "regions": [
        {
            "x": 193,
            "y": 369,
            "w": 30,
            "h": 14,
            "confidence": 0.8179309964179993,
            "area": 401
        },
        {
            "x": 262,
            "y": 369,
            "w": 105,
            "h": 14,
            "confidence": 0.7555919289588928,
            "area": 1397
        }
    ]
}