{
    "id": "kriyam_0332_C4",
    "model": "ADCD",
    "is_authentic": true,
    "is_ai_generated": false,
    "confidence": 0.5668689608573914,
    "regions": [
        {
            "x": 1883,
            "y": 629,
            "w": 29,
            "h": 36,
            "confidence": 0.5476078391075134,
            "area": 201
        },
        {
            "x": 136,
            "y": 1787,
            "w": 49,
            "h": 29,
            "confidence": 0.5136447548866272,
            "area": 233
        },
        {
            "x": 480,
            "y": 2050,
            "w": 14,
            "h": 23,
            "confidence": 0.5668689608573914,
            "area": 69
        },
        {
            "x": 535,
            "y": 2484,
            "w": 62,
            "h": 56,
            "confidence": 0.5227496027946472,
            "area": 600
        }
    ]
}