{
    "id": "kriyam_0206_C2",
    "model": "ADCD",
    "is_authentic": true,
    "is_ai_generated": false,
    "confidence": 0.5053310394287109,
    "regions": [
        {
            "x": 2877,
            "y": 1813,
            "w": 20,
            "h": 5,
            "confidence": 0.5053310394287109,
            "area": 16
        }
    ]
}