{
    "id": "kriyam_0075_C4",
    "model": "ADCD",
    "is_authentic": true,
    "is_ai_generated": false,
    "confidence": 0.8686419725418091,
    "regions": [
        {
            "x": 171,
            "y": 502,
            "w": 376,
            "h": 41,
            "confidence": 0.7793816328048706,
            "area": 2642
        },
        {
            "x": 693,
            "y": 502,
            "w": 343,
            "h": 41,
            "confidence": 0.7986575961112976,
            "area": 2697
        },
        {
            "x": 171,
            "y": 616,
            "w": 777,
            "h": 34,
            "confidence": 0.8686419725418091,
            "area": 5413
        },
        {
            "x": 2225,
            "y": 3469,
            "w": 218,
            "h": 38,
            "confidence": 0.7967727780342102,
            "area": 1779
        }
    ]
}