{
    "id": "kriyam_0909_C2",
    "model": "ADCD",
    "is_authentic": false,
    "is_ai_generated": false,
    "confidence": 0.5888649225234985,
    "regions": [
        {
            "x": 113,
            "y": 708,
            "w": 827,
            "h": 233,
            "confidence": 0.5888649225234985,
            "area": 134671
        },
        {
            "x": 818,
            "y": 1365,
            "w": 123,
            "h": 16,
            "confidence": 0.5183793902397156,
            "area": 1509
        }
    ]
}