{
    "id": "kriyam_0421_C2",
    "model": "ADCD",
    "is_authentic": true,
    "is_ai_generated": false,
    "confidence": 0.5960602760314941,
    "regions": [
        {
            "x": 1969,
            "y": 1605,
            "w": 16,
            "h": 39,
            "confidence": 0.5438664555549622,
            "area": 120
        },
        {
            "x": 671,
            "y": 2121,
            "w": 34,
            "h": 14,
            "confidence": 0.5960602760314941,
            "area": 98
        },
        {
            "x": 445,
            "y": 2147,
            "w": 115,
            "h": 71,
            "confidence": 0.5839741230010986,
            "area": 1203
        },
        {
            "x": 456,
            "y": 2285,
            "w": 30,
            "h": 17,
            "confidence": 0.5199498534202576,
            "area": 77
        }
    ]
}