{
    "id": "kriyam_0125_C0",
    "model": "ADCD",
    "is_authentic": true,
    "is_ai_generated": false,
    "confidence": 0.65274578332901,
    "regions": [
        {
            "x": 173,
            "y": 1074,
            "w": 41,
            "h": 25,
            "confidence": 0.5193588733673096,
            "area": 189
        },
        {
            "x": 1639,
            "y": 3407,
            "w": 12,
            "h": 19,
            "confidence": 0.5354318618774414,
            "area": 45
        },
        {
            "x": 221,
            "y": 3422,
            "w": 91,
            "h": 30,
            "confidence": 0.65274578332901,
            "area": 545
        }
    ]
}