{
    "id": "kriyam_0400_C0",
    "model": "ADCD",
    "is_authentic": true,
    "is_ai_generated": false,
    "confidence": 0.7719193696975708,
    "regions": [
        {
            "x": 898,
            "y": 1777,
            "w": 32,
            "h": 44,
            "confidence": 0.6729913353919983,
            "area": 335
        },
        {
            "x": 1791,
            "y": 1895,
            "w": 43,
            "h": 34,
            "confidence": 0.7719193696975708,
            "area": 300
        }
    ]
}