{
    "id": "kriyam_0859_C0",
    "model": "ADCD",
    "is_authentic": true,
    "is_ai_generated": false,
    "confidence": 0.8216143846511841,
    "regions": [
        {
            "x": 1242,
            "y": 851,
            "w": 10,
            "h": 14,
            "confidence": 0.5071244835853577,
            "area": 65
        },
        {
            "x": 1296,
            "y": 1089,
            "w": 38,
            "h": 30,
            "confidence": 0.5091794729232788,
            "area": 272
        },
        {
            "x": 1109,
            "y": 1286,
            "w": 105,
            "h": 47,
            "confidence": 0.8216143846511841,
            "area": 2298
        },
        {
            "x": 620,
            "y": 1591,
            "w": 83,
            "h": 33,
            "confidence": 0.8085441589355469,
            "area": 1295
        }
    ]
}