{
    "id": "kriyam_0345_C2",
    "model": "ADCD",
    "is_authentic": true,
    "is_ai_generated": false,
    "confidence": 0.5613924264907837,
    "regions": [
        {
            "x": 153,
            "y": 697,
            "w": 10,
            "h": 19,
            "confidence": 0.502662718296051,
            "area": 28
        },
        {
            "x": 1714,
            "y": 699,
            "w": 14,
            "h": 17,
            "confidence": 0.5123571753501892,
            "area": 26
        },
        {
            "x": 1311,
            "y": 3425,
            "w": 42,
            "h": 27,
            "confidence": 0.5613924264907837,
            "area": 246
        }
    ]
}