{
    "id": "kriyam_0349_C2",
    "model": "ADCD",
    "is_authentic": true,
    "is_ai_generated": false,
    "confidence": 0.5515983700752258,
    "regions": [
        {
            "x": 296,
            "y": 316,
            "w": 122,
            "h": 44,
            "confidence": 0.5515983700752258,
            "area": 622
        },
        {
            "x": 333,
            "y": 2100,
            "w": 104,
            "h": 86,
            "confidence": 0.5063991546630859,
            "area": 404
        },
        {
            "x": 432,
            "y": 2102,
            "w": 1,
            "h": 1,
            "confidence": 0.5004197955131531,
            "area": 1
        },
        {
            "x": 1456,
            "y": 2104,
            "w": 36,
            "h": 43,
            "confidence": 0.5211178660392761,
            "area": 283
        }
    ]
}