{
    "id": "kriyam_0394_C4",
    "model": "ADCD",
    "is_authentic": false,
    "is_ai_generated": false,
    "confidence": 0.7698269486427307,
    "regions": [
        {
            "x": 825,
            "y": 2317,
            "w": 276,
            "h": 260,
            "confidence": 0.7698269486427307,
            "area": 9558
        },
        {
            "x": 545,
            "y": 2490,
            "w": 357,
            "h": 253,
            "confidence": 0.7225349545478821,
            "area": 11322
        },
        {
            "x": 901,
            "y": 2763,
            "w": 29,
            "h": 10,
            "confidence": 0.5168629884719849,
            "area": 42
        }
    ]
}