{
    "id": "kriyam_0452_C0",
    "model": "ADCD",
    "is_authentic": true,
    "is_ai_generated": false,
    "confidence": 0.7701941132545471,
    "regions": [
        {
            "x": 127,
            "y": 121,
            "w": 165,
            "h": 40,
            "confidence": 0.715096652507782,
            "area": 1351
        },
        {
            "x": 1951,
            "y": 441,
            "w": 86,
            "h": 84,
            "confidence": 0.7701941132545471,
            "area": 1535
        },
        {
            "x": 1642,
            "y": 478,
            "w": 156,
            "h": 32,
            "confidence": 0.740355908870697,
            "area": 1016
        },
        {
            "x": 489,
            "y": 835,
            "w": 23,
            "h": 17,
            "confidence": 0.5952978730201721,
            "area": 87
        }
    ]
}