{
    "id": "kriyam_0233_C4",
    "model": "ADCD",
    "is_authentic": true,
    "is_ai_generated": false,
    "confidence": 0.5199682116508484,
    "regions": [
        {
            "x": 1351,
            "y": 1297,
            "w": 27,
            "h": 23,
            "confidence": 0.5199682116508484,
            "area": 115
        },
        {
            "x": 3050,
            "y": 2257,
            "w": 1,
            "h": 4,
            "confidence": 0.5048282146453857,
            "area": 2
        }
    ]
}