{
    "id": "kriyam_0458_C0",
    "model": "ADCD",
    "is_authentic": true,
    "is_ai_generated": false,
    "confidence": 0.7968886494636536,
    "regions": [
        {
            "x": 125,
            "y": 121,
            "w": 167,
            "h": 40,
            "confidence": 0.7968886494636536,
            "area": 1460
        }
    ]
}