{
    "id": "kriyam_0407_C2",
    "model": "ADCD",
    "is_authentic": true,
    "is_ai_generated": false,
    "confidence": 0.7381811141967773,
    "regions": [
        {
            "x": 1484,
            "y": 1526,
            "w": 41,
            "h": 15,
            "confidence": 0.5818169116973877,
            "area": 105
        },
        {
            "x": 1544,
            "y": 1842,
            "w": 20,
            "h": 32,
            "confidence": 0.6074765920639038,
            "area": 138
        },
        {
            "x": 535,
            "y": 2081,
            "w": 21,
            "h": 25,
            "confidence": 0.49954429268836975,
            "area": 71
        },
        {
            "x": 2013,
            "y": 2877,
            "w": 84,
            "h": 34,
            "confidence": 0.7381811141967773,
            "area": 593
        }
    ]
}