{
    "id": "kriyam_0920_C0",
    "model": "ADCD",
    "is_authentic": true,
    "is_ai_generated": false,
    "confidence": 0.5217727422714233,
    "regions": [
        {
            "x": 764,
            "y": 1172,
            "w": 15,
            "h": 12,
            "confidence": 0.5217727422714233,
            "area": 155
        },
        {
            "x": 788,
            "y": 1359,
            "w": 15,
            "h": 5,
            "confidence": 0.501828670501709,
            "area": 51
        },
        {
            "x": 769,
            "y": 1364,
            "w": 11,
            "h": 3,
            "confidence": 0.502989649772644,
            "area": 22
        }
    ]
}