{
    "id": "kriyam_0788_C4",
    "model": "ADCD",
    "is_authentic": false,
    "is_ai_generated": false,
    "confidence": 0.7368770241737366,
    "regions": [
        {
            "x": 54,
            "y": 0,
            "w": 302,
            "h": 14,
            "confidence": 0.7368770241737366,
            "area": 4097
        }
    ]
}