{
    "id": "kriyam_0439_C0",
    "model": "ADCD",
    "is_authentic": true,
    "is_ai_generated": false,
    "confidence": 0.7537883520126343,
    "regions": [
        {
            "x": 508,
            "y": 138,
            "w": 10,
            "h": 19,
            "confidence": 0.478373646736145,
            "area": 30
        },
        {
            "x": 2005,
            "y": 1736,
            "w": 50,
            "h": 32,
            "confidence": 0.5404971837997437,
            "area": 313
        },
        {
            "x": 1219,
            "y": 2681,
            "w": 66,
            "h": 107,
            "confidence": 0.5316675305366516,
            "area": 1066
        },
        {
            "x": 899,
            "y": 2815,
            "w": 147,
            "h": 84,
            "confidence": 0.7537883520126343,
            "area": 2218
        }
    ]
}