{
    "id": "kriyam_0333_C2",
    "model": "ADCD",
    "is_authentic": true,
    "is_ai_generated": false,
    "confidence": 0.6431217789649963,
    "regions": [
        {
            "x": 1723,
            "y": 267,
            "w": 64,
            "h": 32,
            "confidence": 0.5850415825843811,
            "area": 404
        },
        {
            "x": 1501,
            "y": 842,
            "w": 28,
            "h": 34,
            "confidence": 0.6132138967514038,
            "area": 206
        },
        {
            "x": 1955,
            "y": 3262,
            "w": 1,
            "h": 6,
            "confidence": 0.5139033198356628,
            "area": 3
        },
        {
            "x": 607,
            "y": 3273,
            "w": 139,
            "h": 50,
            "confidence": 0.6431217789649963,
            "area": 1102
        }
    ]
}