{
    "id": "kriyam_0093_C2",
    "model": "ADCD",
    "is_authentic": true,
    "is_ai_generated": false,
    "confidence": 0.8134594559669495,
    "regions": [
        {
            "x": 123,
            "y": 392,
            "w": 95,
            "h": 30,
            "confidence": 0.8134594559669495,
            "area": 570
        }
    ]
}