{
    "id": "kriyam_0876_C0",
    "model": "ADCD",
    "is_authentic": true,
    "is_ai_generated": false,
    "confidence": 0.7345631718635559,
    "regions": [
        {
            "x": 258,
            "y": 561,
            "w": 26,
            "h": 30,
            "confidence": 0.5307704210281372,
            "area": 529
        },
        {
            "x": 1004,
            "y": 1021,
            "w": 64,
            "h": 36,
            "confidence": 0.7345631718635559,
            "area": 1750
        }
    ]
}