{
    "id": "kriyam_0370_C4",
    "model": "ADCD",
    "is_authentic": true,
    "is_ai_generated": false,
    "confidence": 0.6846413612365723,
    "regions": [
        {
            "x": 1915,
            "y": 196,
            "w": 126,
            "h": 50,
            "confidence": 0.6846413612365723,
            "area": 1333
        }
    ]
}