{
    "id": "kriyam_0850_C0",
    "model": "ADCD",
    "is_authentic": true,
    "is_ai_generated": false,
    "confidence": 0.7114325761795044,
    "regions": [
        {
            "x": 845,
            "y": 53,
            "w": 111,
            "h": 15,
            "confidence": 0.7114325761795044,
            "area": 1456
        },
        {
            "x": 976,
            "y": 54,
            "w": 148,
            "h": 14,
            "confidence": 0.670368492603302,
            "area": 1909
        }
    ]
}