{
    "id": "kriyam_0630_C0",
    "model": "ADCD",
    "is_authentic": false,
    "is_ai_generated": false,
    "confidence": 0.8910204172134399,
    "regions": [
        {
            "x": 1665,
            "y": 689,
            "w": 169,
            "h": 214,
            "confidence": 0.8387243151664734,
            "area": 8249
        },
        {
            "x": 1809,
            "y": 917,
            "w": 104,
            "h": 102,
            "confidence": 0.8910204172134399,
            "area": 3167
        },
        {
            "x": 619,
            "y": 2137,
            "w": 172,
            "h": 73,
            "confidence": 0.8603696227073669,
            "area": 2039
        }
    ]
}