{
    "id": "kriyam_0218_C4",
    "model": "ADCD",
    "is_authentic": true,
    "is_ai_generated": false,
    "confidence": 0.7574228644371033,
    "regions": [
        {
            "x": 996,
            "y": 159,
            "w": 15,
            "h": 11,
            "confidence": 0.5432789921760559,
            "area": 150
        },
        {
            "x": 936,
            "y": 200,
            "w": 2,
            "h": 1,
            "confidence": 0.5079195499420166,
            "area": 2
        },
        {
            "x": 956,
            "y": 212,
            "w": 65,
            "h": 17,
            "confidence": 0.7574228644371033,
            "area": 1087
        },
        {
            "x": 125,
            "y": 333,
            "w": 5,
            "h": 3,
            "confidence": 0.5127968788146973,
            "area": 11
        }
    ]
}