{
    "id": "kriyam_0647_C2",
    "model": "ADCD",
    "is_authentic": true,
    "is_ai_generated": false,
    "confidence": 0.6340968012809753,
    "regions": [
        {
            "x": 513,
            "y": 295,
            "w": 16,
            "h": 12,
            "confidence": 0.6340968012809753,
            "area": 192
        },
        {
            "x": 65,
            "y": 492,
            "w": 10,
            "h": 13,
            "confidence": 0.5208142995834351,
            "area": 80
        },
        {
            "x": 128,
            "y": 523,
            "w": 26,
            "h": 9,
            "confidence": 0.5013993382453918,
            "area": 151
        },
        {
            "x": 449,
            "y": 556,
            "w": 36,
            "h": 13,
            "confidence": 0.614046037197113,
            "area": 395
        }
    ]
}