{
    "id": "kriyam_0322_C2",
    "model": "ADCD",
    "is_authentic": true,
    "is_ai_generated": false,
    "confidence": 0.6609067320823669,
    "regions": [
        {
            "x": 1506,
            "y": 822,
            "w": 9,
            "h": 14,
            "confidence": 0.5146437287330627,
            "area": 28
        },
        {
            "x": 1547,
            "y": 1320,
            "w": 82,
            "h": 29,
            "confidence": 0.6609067320823669,
            "area": 467
        },
        {
            "x": 997,
            "y": 1333,
            "w": 8,
            "h": 12,
            "confidence": 0.5035316944122314,
            "area": 16
        }
    ]
}