{
    "id": "kriyam_0299_C0",
    "model": "ADCD",
    "is_authentic": true,
    "is_ai_generated": false,
    "confidence": 0.5171358585357666,
    "regions": [
        {
            "x": 495,
            "y": 1316,
            "w": 17,
            "h": 20,
            "confidence": 0.5052893161773682,
            "area": 57
        },
        {
            "x": 375,
            "y": 2725,
            "w": 18,
            "h": 21,
            "confidence": 0.5171358585357666,
            "area": 72
        }
    ]
}