{
    "id": "kriyam_0778_C2",
    "model": "ADCD",
    "is_authentic": true,
    "is_ai_generated": false,
    "confidence": 0.5292288064956665,
    "regions": [
        {
            "x": 1149,
            "y": 306,
            "w": 56,
            "h": 17,
            "confidence": 0.5032917261123657,
            "area": 309
        },
        {
            "x": 416,
            "y": 1104,
            "w": 80,
            "h": 31,
            "confidence": 0.5292288064956665,
            "area": 1040
        }
    ]
}