{
    "id": "kriyam_0236_C2",
    "model": "ADCD",
    "is_authentic": true,
    "is_ai_generated": false,
    "confidence": 0.6830611824989319,
    "regions": [
        {
            "x": 905,
            "y": 224,
            "w": 25,
            "h": 16,
            "confidence": 0.6830611824989319,
            "area": 374
        },
        {
            "x": 316,
            "y": 234,
            "w": 98,
            "h": 16,
            "confidence": 0.5255250334739685,
            "area": 1138
        },
        {
            "x": 947,
            "y": 252,
            "w": 62,
            "h": 13,
            "confidence": 0.5281628966331482,
            "area": 734
        },
        {
            "x": 693,
            "y": 286,
            "w": 19,
            "h": 10,
            "confidence": 0.5309754014015198,
            "area": 102
        }
    ]
}