{
    "id": "kriyam_0131_C0",
    "model": "ADCD",
    "is_authentic": true,
    "is_ai_generated": false,
    "confidence": 0.6617791056632996,
    "regions": [
        {
            "x": 1506,
            "y": 822,
            "w": 9,
            "h": 14,
            "confidence": 0.5128185153007507,
            "area": 26
        },
        {
            "x": 1543,
            "y": 912,
            "w": 27,
            "h": 30,
            "confidence": 0.5406364798545837,
            "area": 131
        },
        {
            "x": 1545,
            "y": 1320,
            "w": 84,
            "h": 29,
            "confidence": 0.6617791056632996,
            "area": 479
        },
        {
            "x": 986,
            "y": 1326,
            "w": 23,
            "h": 21,
            "confidence": 0.5198931097984314,
            "area": 101
        }
    ]
}