{
    "id": "kriyam_0872_C0",
    "model": "ADCD",
    "is_authentic": true,
    "is_ai_generated": false,
    "confidence": 0.6995639204978943,
    "regions": [
        {
            "x": 261,
            "y": 487,
            "w": 50,
            "h": 28,
            "confidence": 0.6995639204978943,
            "area": 1038
        },
        {
            "x": 409,
            "y": 488,
            "w": 64,
            "h": 20,
            "confidence": 0.5222373008728027,
            "area": 1020
        },
        {
            "x": 887,
            "y": 921,
            "w": 33,
            "h": 21,
            "confidence": 0.49883440136909485,
            "area": 472
        },
        {
            "x": 650,
            "y": 1166,
            "w": 39,
            "h": 22,
            "confidence": 0.5047041177749634,
            "area": 543
        }
    ]
}