{
    "id": "kriyam_0470_C0",
    "model": "ADCD",
    "is_authentic": true,
    "is_ai_generated": false,
    "confidence": 0.8712847828865051,
    "regions": [
        {
            "x": 125,
            "y": 121,
            "w": 167,
            "h": 40,
            "confidence": 0.7125065922737122,
            "area": 1409
        },
        {
            "x": 471,
            "y": 2491,
            "w": 106,
            "h": 119,
            "confidence": 0.8712847828865051,
            "area": 2594
        }
    ]
}