{
    "id": "kriyam_0247_C0",
    "model": "ADCD",
    "is_authentic": false,
    "is_ai_generated": false,
    "confidence": 0.725029706954956,
    "regions": [
        {
            "x": 139,
            "y": 181,
            "w": 125,
            "h": 25,
            "confidence": 0.725029706954956,
            "area": 1958
        },
        {
            "x": 158,
            "y": 224,
            "w": 36,
            "h": 25,
            "confidence": 0.5303065776824951,
            "area": 558
        },
        {
            "x": 155,
            "y": 347,
            "w": 70,
            "h": 12,
            "confidence": 0.5672796964645386,
            "area": 751
        },
        {
            "x": 84,
            "y": 409,
            "w": 226,
            "h": 51,
            "confidence": 0.7084018588066101,
            "area": 8257
        }
    ]
}