{
    "id": "kriyam_0375_C2",
    "model": "ADCD",
    "is_authentic": true,
    "is_ai_generated": false,
    "confidence": 0.5342491269111633,
    "regions": [
        {
            "x": 726,
            "y": 1077,
            "w": 51,
            "h": 38,
            "confidence": 0.5342491269111633,
            "area": 415
        }
    ]
}