{
    "id": "kriyam_0120_C4",
    "model": "ADCD",
    "is_authentic": true,
    "is_ai_generated": false,
    "confidence": 0.6631818413734436,
    "regions": [
        {
            "x": 997,
            "y": 3287,
            "w": 45,
            "h": 29,
            "confidence": 0.6441747546195984,
            "area": 288
        },
        {
            "x": 327,
            "y": 3337,
            "w": 40,
            "h": 34,
            "confidence": 0.6631818413734436,
            "area": 301
        },
        {
            "x": 1260,
            "y": 3352,
            "w": 58,
            "h": 21,
            "confidence": 0.5495973229408264,
            "area": 267
        },
        {
            "x": 1508,
            "y": 3355,
            "w": 29,
            "h": 20,
            "confidence": 0.5093418955802917,
            "area": 106
        }
    ]
}