{
    "id": "kriyam_1027_C0",
    "model": "ADCD",
    "is_authentic": false,
    "is_ai_generated": false,
    "confidence": 0.6770464181900024,
    "regions": [
        {
            "x": 83,
            "y": 125,
            "w": 428,
            "h": 124,
            "confidence": 0.6770464181900024,
            "area": 28818
        },
        {
            "x": 101,
            "y": 284,
            "w": 19,
            "h": 13,
            "confidence": 0.5564190745353699,
            "area": 217
        }
    ]
}