{
    "id": "kriyam_0338_C4",
    "model": "ADCD",
    "is_authentic": true,
    "is_ai_generated": false,
    "confidence": 0.48954612016677856,
    "regions": [
        {
            "x": 3032,
            "y": 2249,
            "w": 71,
            "h": 7,
            "confidence": 0.48954612016677856,
            "area": 44
        }
    ]
}