{
    "id": "kriyam_0130_C0",
    "model": "ADCD",
    "is_authentic": true,
    "is_ai_generated": false,
    "confidence": 0.5850691199302673,
    "regions": [
        {
            "x": 103,
            "y": 671,
            "w": 25,
            "h": 32,
            "confidence": 0.5850691199302673,
            "area": 156
        },
        {
            "x": 1703,
            "y": 774,
            "w": 21,
            "h": 27,
            "confidence": 0.5611483454704285,
            "area": 116
        },
        {
            "x": 1552,
            "y": 783,
            "w": 23,
            "h": 18,
            "confidence": 0.5014176964759827,
            "area": 29
        },
        {
            "x": 153,
            "y": 927,
            "w": 17,
            "h": 23,
            "confidence": 0.49869802594184875,
            "area": 39
        }
    ]
}