{
    "id": "kriyam_0937_C4",
    "model": "ADCD",
    "is_authentic": true,
    "is_ai_generated": false,
    "confidence": 0.5123392343521118,
    "regions": [
        {
            "x": 113,
            "y": 1347,
            "w": 14,
            "h": 18,
            "confidence": 0.5123392343521118,
            "area": 235
        }
    ]
}