{
    "id": "kriyam_0592_C4",
    "model": "ADCD",
    "is_authentic": true,
    "is_ai_generated": false,
    "confidence": 0.5326353907585144,
    "regions": [
        {
            "x": 1718,
            "y": 857,
            "w": 23,
            "h": 8,
            "confidence": 0.4907132089138031,
            "area": 46
        },
        {
            "x": 1153,
            "y": 1135,
            "w": 7,
            "h": 1,
            "confidence": 0.5030713081359863,
            "area": 4
        },
        {
            "x": 1473,
            "y": 1678,
            "w": 25,
            "h": 17,
            "confidence": 0.5326353907585144,
            "area": 130
        },
        {
            "x": 647,
            "y": 1711,
            "w": 3,
            "h": 2,
            "confidence": 0.505577027797699,
            "area": 3
        }
    ]
}