{
    "id": "kriyam_0799_C0",
    "model": "ADCD",
    "is_authentic": true,
    "is_ai_generated": false,
    "confidence": 0.5036616325378418,
    "regions": [
        {
            "x": 651,
            "y": 1434,
            "w": 2,
            "h": 1,
            "confidence": 0.5032957792282104,
            "area": 2
        },
        {
            "x": 635,
            "y": 1440,
            "w": 2,
            "h": 1,
            "confidence": 0.5036616325378418,
            "area": 2
        },
        {
            "x": 628,
            "y": 1441,
            "w": 1,
            "h": 1,
            "confidence": 0.5004655122756958,
            "area": 1
        }
    ]
}