{
    "id": "kriyam_0529_C2",
    "model": "ADCD",
    "is_authentic": true,
    "is_ai_generated": false,
    "confidence": 0.5859435200691223,
    "regions": [
        {
            "x": 1206,
            "y": 1008,
            "w": 92,
            "h": 47,
            "confidence": 0.5859435200691223,
            "area": 983
        },
        {
            "x": 1555,
            "y": 1011,
            "w": 71,
            "h": 19,
            "confidence": 0.5458225011825562,
            "area": 389
        },
        {
            "x": 599,
            "y": 2399,
            "w": 23,
            "h": 13,
            "confidence": 0.5168025493621826,
            "area": 47
        }
    ]
}