{
    "id": "kriyam_0364_C4",
    "model": "ADCD",
    "is_authentic": true,
    "is_ai_generated": false,
    "confidence": 0.5328353643417358,
    "regions": [
        {
            "x": 1192,
            "y": 1581,
            "w": 49,
            "h": 25,
            "confidence": 0.5328353643417358,
            "area": 217
        }
    ]
}