{
    "id": "kriyam_1029_C4",
    "model": "ADCD",
    "is_authentic": false,
    "is_ai_generated": false,
    "confidence": 0.7216620445251465,
    "regions": [
        {
            "x": 90,
            "y": 368,
            "w": 27,
            "h": 15,
            "confidence": 0.7216620445251465,
            "area": 377
        },
        {
            "x": 394,
            "y": 696,
            "w": 94,
            "h": 32,
            "confidence": 0.6062489151954651,
            "area": 2847
        }
    ]
}