{
    "id": "kriyam_0748_C4",
    "model": "ADCD",
    "is_authentic": true,
    "is_ai_generated": false,
    "confidence": 0.5353847742080688,
    "regions": [
        {
            "x": 707,
            "y": 213,
            "w": 12,
            "h": 15,
            "confidence": 0.5353847742080688,
            "area": 161
        }
    ]
}