{
    "id": "kriyam_0392_C4",
    "model": "ADCD",
    "is_authentic": true,
    "is_ai_generated": false,
    "confidence": 0.5143948793411255,
    "regions": [
        {
            "x": 227,
            "y": 272,
            "w": 9,
            "h": 11,
            "confidence": 0.5143948793411255,
            "area": 25
        },
        {
            "x": 637,
            "y": 2102,
            "w": 36,
            "h": 11,
            "confidence": 0.50018310546875,
            "area": 34
        }
    ]
}