{
    "id": "kriyam_0348_C0",
    "model": "ADCD",
    "is_authentic": true,
    "is_ai_generated": false,
    "confidence": 0.5453763604164124,
    "regions": [
        {
            "x": 1576,
            "y": 710,
            "w": 64,
            "h": 32,
            "confidence": 0.5026064515113831,
            "area": 213
        },
        {
            "x": 651,
            "y": 811,
            "w": 23,
            "h": 25,
            "confidence": 0.5294702649116516,
            "area": 121
        },
        {
            "x": 281,
            "y": 818,
            "w": 31,
            "h": 14,
            "confidence": 0.5010253190994263,
            "area": 64
        },
        {
            "x": 401,
            "y": 2701,
            "w": 111,
            "h": 19,
            "confidence": 0.5453763604164124,
            "area": 402
        }
    ]
}