{
    "id": "kriyam_0129_C2",
    "model": "ADCD",
    "is_authentic": true,
    "is_ai_generated": false,
    "confidence": 0.5738983154296875,
    "regions": [
        {
            "x": 75,
            "y": 844,
            "w": 29,
            "h": 23,
            "confidence": 0.5634332895278931,
            "area": 143
        },
        {
            "x": 1045,
            "y": 848,
            "w": 54,
            "h": 26,
            "confidence": 0.5738983154296875,
            "area": 274
        },
        {
            "x": 601,
            "y": 1456,
            "w": 31,
            "h": 16,
            "confidence": 0.5184207558631897,
            "area": 108
        }
    ]
}