{
    "id": "kriyam_0452_C2",
    "model": "ADCD",
    "is_authentic": true,
    "is_ai_generated": false,
    "confidence": 0.8266966342926025,
    "regions": [
        {
            "x": 127,
            "y": 121,
            "w": 165,
            "h": 40,
            "confidence": 0.6802306771278381,
            "area": 1361
        },
        {
            "x": 1951,
            "y": 441,
            "w": 88,
            "h": 84,
            "confidence": 0.8266966342926025,
            "area": 1586
        },
        {
            "x": 1642,
            "y": 478,
            "w": 145,
            "h": 32,
            "confidence": 0.7248374819755554,
            "area": 872
        },
        {
            "x": 491,
            "y": 838,
            "w": 18,
            "h": 11,
            "confidence": 0.50262051820755,
            "area": 40
        }
    ]
}