{
    "id": "kriyam_0329_C0",
    "model": "ADCD",
    "is_authentic": true,
    "is_ai_generated": false,
    "confidence": 0.7758182287216187,
    "regions": [
        {
            "x": 224,
            "y": 800,
            "w": 27,
            "h": 43,
            "confidence": 0.5927468538284302,
            "area": 244
        },
        {
            "x": 574,
            "y": 1212,
            "w": 41,
            "h": 61,
            "confidence": 0.7758182287216187,
            "area": 454
        },
        {
            "x": 1997,
            "y": 2252,
            "w": 9,
            "h": 23,
            "confidence": 0.509013831615448,
            "area": 38
        },
        {
            "x": 1411,
            "y": 2701,
            "w": 26,
            "h": 10,
            "confidence": 0.5230785012245178,
            "area": 37
        }
    ]
}