{
    "id": "kriyam_0007_C2",
    "model": "ADCD",
    "is_authentic": true,
    "is_ai_generated": false,
    "confidence": 0.6702013611793518,
    "regions": [
        {
            "x": 502,
            "y": 810,
            "w": 18,
            "h": 23,
            "confidence": 0.5754029154777527,
            "area": 118
        },
        {
            "x": 1220,
            "y": 1453,
            "w": 58,
            "h": 25,
            "confidence": 0.6702013611793518,
            "area": 429
        },
        {
            "x": 1167,
            "y": 1924,
            "w": 23,
            "h": 25,
            "confidence": 0.6430742740631104,
            "area": 176
        },
        {
            "x": 1639,
            "y": 1977,
            "w": 4,
            "h": 14,
            "confidence": 0.49870818853378296,
            "area": 18
        }
    ]
}