{
    "id": "kriyam_0825_C0",
    "model": "ADCD",
    "is_authentic": true,
    "is_ai_generated": false,
    "confidence": 0.49821287393569946,
    "regions": [
        {
            "x": 598,
            "y": 676,
            "w": 22,
            "h": 22,
            "confidence": 0.4933475852012634,
            "area": 252
        },
        {
            "x": 320,
            "y": 688,
            "w": 40,
            "h": 20,
            "confidence": 0.49821287393569946,
            "area": 357
        }
    ]
}