{
    "id": "kriyam_0329_C4",
    "model": "ADCD",
    "is_authentic": true,
    "is_ai_generated": false,
    "confidence": 0.7319881319999695,
    "regions": [
        {
            "x": 576,
            "y": 1219,
            "w": 39,
            "h": 54,
            "confidence": 0.7319881319999695,
            "area": 414
        },
        {
            "x": 1999,
            "y": 2258,
            "w": 7,
            "h": 23,
            "confidence": 0.5033630728721619,
            "area": 26
        },
        {
            "x": 1341,
            "y": 2508,
            "w": 28,
            "h": 19,
            "confidence": 0.6642438173294067,
            "area": 93
        },
        {
            "x": 1376,
            "y": 2638,
            "w": 85,
            "h": 77,
            "confidence": 0.5802355408668518,
            "area": 950
        }
    ]
}