{
    "id": "kriyam_0526_C2",
    "model": "ADCD",
    "is_authentic": true,
    "is_ai_generated": false,
    "confidence": 0.6660600900650024,
    "regions": [
        {
            "x": 438,
            "y": 167,
            "w": 193,
            "h": 32,
            "confidence": 0.617400586605072,
            "area": 2197
        },
        {
            "x": 1461,
            "y": 345,
            "w": 51,
            "h": 21,
            "confidence": 0.6660600900650024,
            "area": 347
        }
    ]
}