{
    "id": "kriyam_0430_C4",
    "model": "ADCD",
    "is_authentic": true,
    "is_ai_generated": false,
    "confidence": 0.647490918636322,
    "regions": [
        {
            "x": 190,
            "y": 401,
            "w": 16,
            "h": 12,
            "confidence": 0.647490918636322,
            "area": 184
        }
    ]
}