{
    "id": "kriyam_0091_C2",
    "model": "ADCD",
    "is_authentic": true,
    "is_ai_generated": false,
    "confidence": 0.7388741374015808,
    "regions": [
        {
            "x": 1630,
            "y": 188,
            "w": 112,
            "h": 44,
            "confidence": 0.6809476017951965,
            "area": 1122
        },
        {
            "x": 1865,
            "y": 190,
            "w": 216,
            "h": 46,
            "confidence": 0.7246698141098022,
            "area": 2080
        },
        {
            "x": 1506,
            "y": 1390,
            "w": 28,
            "h": 49,
            "confidence": 0.7388741374015808,
            "area": 330
        },
        {
            "x": 246,
            "y": 2403,
            "w": 3,
            "h": 9,
            "confidence": 0.5025331377983093,
            "area": 7
        }
    ]
}