{
    "id": "kriyam_0403_C2",
    "model": "ADCD",
    "is_authentic": true,
    "is_ai_generated": false,
    "confidence": 0.7735322117805481,
    "regions": [
        {
            "x": 649,
            "y": 616,
            "w": 19,
            "h": 57,
            "confidence": 0.5088692307472229,
            "area": 201
        },
        {
            "x": 634,
            "y": 2372,
            "w": 32,
            "h": 55,
            "confidence": 0.7735322117805481,
            "area": 426
        }
    ]
}