{
    "id": "kriyam_0097_C2",
    "model": "ADCD",
    "is_authentic": true,
    "is_ai_generated": false,
    "confidence": 0.641831636428833,
    "regions": [
        {
            "x": 671,
            "y": 119,
            "w": 22,
            "h": 9,
            "confidence": 0.5213207006454468,
            "area": 121
        },
        {
            "x": 587,
            "y": 245,
            "w": 14,
            "h": 11,
            "confidence": 0.5213914513587952,
            "area": 147
        },
        {
            "x": 693,
            "y": 372,
            "w": 10,
            "h": 13,
            "confidence": 0.641831636428833,
            "area": 122
        },
        {
            "x": 179,
            "y": 651,
            "w": 18,
            "h": 14,
            "confidence": 0.5814835429191589,
            "area": 215
        }
    ]
}