{
    "id": "kriyam_0829_C4",
    "model": "ADCD",
    "is_authentic": true,
    "is_ai_generated": false,
    "confidence": 0.5251067876815796,
    "regions": [
        {
            "x": 627,
            "y": 861,
            "w": 4,
            "h": 12,
            "confidence": 0.5251067876815796,
            "area": 33
        },
        {
            "x": 608,
            "y": 951,
            "w": 24,
            "h": 18,
            "confidence": 0.5187947154045105,
            "area": 291
        }
    ]
}