{
    "id": "kriyam_0404_C2",
    "model": "ADCD",
    "is_authentic": true,
    "is_ai_generated": false,
    "confidence": 0.5115765333175659,
    "regions": [
        {
            "x": 99,
            "y": 194,
            "w": 1,
            "h": 1,
            "confidence": 0.5004911422729492,
            "area": 1
        },
        {
            "x": 1001,
            "y": 395,
            "w": 6,
            "h": 7,
            "confidence": 0.5115765333175659,
            "area": 13
        }
    ]
}