{
    "id": "kriyam_0630_C2",
    "model": "ADCD",
    "is_authentic": false,
    "is_ai_generated": false,
    "confidence": 0.8825680613517761,
    "regions": [
        {
            "x": 1296,
            "y": 125,
            "w": 36,
            "h": 23,
            "confidence": 0.580177903175354,
            "area": 248
        },
        {
            "x": 1665,
            "y": 689,
            "w": 178,
            "h": 218,
            "confidence": 0.8731456995010376,
            "area": 10255
        },
        {
            "x": 1809,
            "y": 917,
            "w": 104,
            "h": 102,
            "confidence": 0.8825680613517761,
            "area": 3115
        },
        {
            "x": 619,
            "y": 2137,
            "w": 172,
            "h": 78,
            "confidence": 0.8435872197151184,
            "area": 2496
        }
    ]
}