{
    "id": "kriyam_0639_C0",
    "model": "ADCD",
    "is_authentic": false,
    "is_ai_generated": false,
    "confidence": 0.8454119563102722,
    "regions": [
        {
            "x": 167,
            "y": 336,
            "w": 39,
            "h": 15,
            "confidence": 0.6638432741165161,
            "area": 580
        },
        {
            "x": 833,
            "y": 943,
            "w": 209,
            "h": 82,
            "confidence": 0.7876971364021301,
            "area": 10899
        },
        {
            "x": 572,
            "y": 1294,
            "w": 13,
            "h": 13,
            "confidence": 0.49235329031944275,
            "area": 89
        },
        {
            "x": 545,
            "y": 1489,
            "w": 195,
            "h": 32,
            "confidence": 0.8454119563102722,
            "area": 5978
        }
    ]
}