{
    "id": "kriyam_0314_C2",
    "model": "ADCD",
    "is_authentic": true,
    "is_ai_generated": false,
    "confidence": 0.6299080848693848,
    "regions": [
        {
            "x": 1175,
            "y": 1331,
            "w": 51,
            "h": 38,
            "confidence": 0.6299080848693848,
            "area": 413
        },
        {
            "x": 951,
            "y": 1497,
            "w": 43,
            "h": 28,
            "confidence": 0.6144100427627563,
            "area": 255
        },
        {
            "x": 1543,
            "y": 1701,
            "w": 108,
            "h": 43,
            "confidence": 0.5674882531166077,
            "area": 866
        },
        {
            "x": 451,
            "y": 1752,
            "w": 8,
            "h": 32,
            "confidence": 0.5313043594360352,
            "area": 44
        }
    ]
}