{
    "id": "kriyam_0188_C4",
    "model": "ADCD",
    "is_authentic": true,
    "is_ai_generated": false,
    "confidence": 0.6065985560417175,
    "regions": [
        {
            "x": 927,
            "y": 1067,
            "w": 19,
            "h": 36,
            "confidence": 0.6065985560417175,
            "area": 150
        },
        {
            "x": 824,
            "y": 1694,
            "w": 23,
            "h": 21,
            "confidence": 0.5547208189964294,
            "area": 107
        }
    ]
}