{
    "id": "kriyam_0116_C2",
    "model": "ADCD",
    "is_authentic": true,
    "is_ai_generated": false,
    "confidence": 0.6341650485992432,
    "regions": [
        {
            "x": 324,
            "y": 835,
            "w": 50,
            "h": 39,
            "confidence": 0.6341650485992432,
            "area": 376
        },
        {
            "x": 1852,
            "y": 866,
            "w": 89,
            "h": 34,
            "confidence": 0.6132135391235352,
            "area": 594
        },
        {
            "x": 1729,
            "y": 870,
            "w": 43,
            "h": 32,
            "confidence": 0.6328402757644653,
            "area": 296
        },
        {
            "x": 798,
            "y": 1807,
            "w": 23,
            "h": 40,
            "confidence": 0.624449610710144,
            "area": 190
        }
    ]
}