{
    "id": "kriyam_0463_C0",
    "model": "ADCD",
    "is_authentic": true,
    "is_ai_generated": false,
    "confidence": 0.8707882165908813,
    "regions": [
        {
            "x": 123,
            "y": 118,
            "w": 406,
            "h": 43,
            "confidence": 0.7465412616729736,
            "area": 3479
        },
        {
            "x": 1913,
            "y": 513,
            "w": 135,
            "h": 157,
            "confidence": 0.7932401895523071,
            "area": 4296
        },
        {
            "x": 964,
            "y": 1123,
            "w": 190,
            "h": 64,
            "confidence": 0.8707882165908813,
            "area": 2497
        },
        {
            "x": 1076,
            "y": 2245,
            "w": 12,
            "h": 34,
            "confidence": 0.6275516152381897,
            "area": 87
        }
    ]
}