{
    "id": "kriyam_0117_C0",
    "model": "ADCD",
    "is_authentic": true,
    "is_ai_generated": false,
    "confidence": 0.5456218719482422,
    "regions": [
        {
            "x": 493,
            "y": 1313,
            "w": 19,
            "h": 25,
            "confidence": 0.5114904046058655,
            "area": 87
        },
        {
            "x": 373,
            "y": 2721,
            "w": 27,
            "h": 25,
            "confidence": 0.5456218719482422,
            "area": 123
        }
    ]
}