{
    "id": "kriyam_0774_C4",
    "model": "ADCD",
    "is_authentic": true,
    "is_ai_generated": false,
    "confidence": 0.7239131331443787,
    "regions": [
        {
            "x": 536,
            "y": 503,
            "w": 36,
            "h": 35,
            "confidence": 0.7239131331443787,
            "area": 575
        }
    ]
}