{
    "id": "kriyam_0877_C0",
    "model": "ADCD",
    "is_authentic": true,
    "is_ai_generated": false,
    "confidence": 0.5020191073417664,
    "regions": [
        {
            "x": 308,
            "y": 216,
            "w": 7,
            "h": 2,
            "confidence": 0.5020191073417664,
            "area": 8
        },
        {
            "x": 365,
            "y": 679,
            "w": 8,
            "h": 1,
            "confidence": 0.4945170283317566,
            "area": 8
        }
    ]
}