{
    "id": "kriyam_0870_C0",
    "model": "ADCD",
    "is_authentic": true,
    "is_ai_generated": false,
    "confidence": 0.616692841053009,
    "regions": [
        {
            "x": 677,
            "y": 654,
            "w": 24,
            "h": 28,
            "confidence": 0.5392957925796509,
            "area": 473
        },
        {
            "x": 261,
            "y": 1040,
            "w": 115,
            "h": 29,
            "confidence": 0.4971673786640167,
            "area": 1536
        },
        {
            "x": 449,
            "y": 1039,
            "w": 109,
            "h": 31,
            "confidence": 0.616692841053009,
            "area": 2104
        },
        {
            "x": 703,
            "y": 1334,
            "w": 62,
            "h": 23,
            "confidence": 0.5327291488647461,
            "area": 1034
        }
    ]
}