{
    "id": "kriyam_0245_C2",
    "model": "ADCD",
    "is_authentic": true,
    "is_ai_generated": false,
    "confidence": 0.8827130198478699,
    "regions": [
        {
            "x": 238,
            "y": 464,
            "w": 105,
            "h": 18,
            "confidence": 0.8827130198478699,
            "area": 1769
        },
        {
            "x": 571,
            "y": 482,
            "w": 151,
            "h": 16,
            "confidence": 0.8354130387306213,
            "area": 2232
        },
        {
            "x": 1025,
            "y": 566,
            "w": 150,
            "h": 15,
            "confidence": 0.7973995804786682,
            "area": 2164
        },
        {
            "x": 214,
            "y": 1274,
            "w": 28,
            "h": 14,
            "confidence": 0.8291385769844055,
            "area": 385
        }
    ]
}