{
    "id": "kriyam_0390_C0",
    "model": "ADCD",
    "is_authentic": true,
    "is_ai_generated": false,
    "confidence": 0.8314331769943237,
    "regions": [
        {
            "x": 560,
            "y": 1151,
            "w": 36,
            "h": 38,
            "confidence": 0.7428805232048035,
            "area": 334
        },
        {
            "x": 703,
            "y": 1362,
            "w": 17,
            "h": 18,
            "confidence": 0.5082278847694397,
            "area": 36
        },
        {
            "x": 962,
            "y": 1634,
            "w": 36,
            "h": 46,
            "confidence": 0.8314331769943237,
            "area": 402
        },
        {
            "x": 1432,
            "y": 2117,
            "w": 30,
            "h": 42,
            "confidence": 0.6102692484855652,
            "area": 291
        }
    ]
}