{
    "id": "kriyam_0389_C2",
    "model": "ADCD",
    "is_authentic": true,
    "is_ai_generated": false,
    "confidence": 0.6658807396888733,
    "regions": [
        {
            "x": 1340,
            "y": 1633,
            "w": 220,
            "h": 33,
            "confidence": 0.6065349578857422,
            "area": 827
        },
        {
            "x": 657,
            "y": 2215,
            "w": 38,
            "h": 50,
            "confidence": 0.6658807396888733,
            "area": 295
        },
        {
            "x": 1182,
            "y": 2625,
            "w": 61,
            "h": 35,
            "confidence": 0.6005820035934448,
            "area": 205
        },
        {
            "x": 533,
            "y": 3236,
            "w": 50,
            "h": 92,
            "confidence": 0.5623174905776978,
            "area": 546
        }
    ]
}