{
    "id": "kriyam_0832_C0",
    "model": "ADCD",
    "is_authentic": true,
    "is_ai_generated": false,
    "confidence": 0.7147474884986877,
    "regions": [
        {
            "x": 572,
            "y": 226,
            "w": 5,
            "h": 16,
            "confidence": 0.5361247062683105,
            "area": 79
        },
        {
            "x": 510,
            "y": 301,
            "w": 47,
            "h": 22,
            "confidence": 0.7147474884986877,
            "area": 988
        },
        {
            "x": 400,
            "y": 395,
            "w": 1,
            "h": 2,
            "confidence": 0.501970648765564,
            "area": 2
        },
        {
            "x": 605,
            "y": 603,
            "w": 22,
            "h": 19,
            "confidence": 0.5868685841560364,
            "area": 391
        }
    ]
}