{
    "id": "kriyam_0095_C4",
    "model": "ADCD",
    "is_authentic": false,
    "is_ai_generated": false,
    "confidence": 0.7153908610343933,
    "regions": [
        {
            "x": 739,
            "y": 2648,
            "w": 322,
            "h": 234,
            "confidence": 0.7153908610343933,
            "area": 9558
        },
        {
            "x": 662,
            "y": 3079,
            "w": 18,
            "h": 5,
            "confidence": 0.49799731373786926,
            "area": 14
        }
    ]
}