{
    "id": "kriyam_0832_C4",
    "model": "ADCD",
    "is_authentic": true,
    "is_ai_generated": false,
    "confidence": 0.6438318490982056,
    "regions": [
        {
            "x": 241,
            "y": 482,
            "w": 15,
            "h": 21,
            "confidence": 0.5805628895759583,
            "area": 173
        },
        {
            "x": 601,
            "y": 971,
            "w": 25,
            "h": 19,
            "confidence": 0.6438318490982056,
            "area": 453
        },
        {
            "x": 0,
            "y": 993,
            "w": 2,
            "h": 15,
            "confidence": 0.4968828856945038,
            "area": 30
        }
    ]
}