{
    "id": "kriyam_0583_C4",
    "model": "ADCD",
    "is_authentic": true,
    "is_ai_generated": false,
    "confidence": 0.8503705263137817,
    "regions": [
        {
            "x": 727,
            "y": 198,
            "w": 19,
            "h": 11,
            "confidence": 0.498788058757782,
            "area": 143
        },
        {
            "x": 761,
            "y": 207,
            "w": 3,
            "h": 5,
            "confidence": 0.5192899703979492,
            "area": 9
        },
        {
            "x": 41,
            "y": 654,
            "w": 115,
            "h": 58,
            "confidence": 0.7321662902832031,
            "area": 2687
        },
        {
            "x": 133,
            "y": 924,
            "w": 92,
            "h": 13,
            "confidence": 0.8503705263137817,
            "area": 1093
        }
    ]
}