{
    "id": "kriyam_0343_C2",
    "model": "ADCD",
    "is_authentic": true,
    "is_ai_generated": false,
    "confidence": 0.5315539836883545,
    "regions": [
        {
            "x": 259,
            "y": 848,
            "w": 16,
            "h": 23,
            "confidence": 0.5107041597366333,
            "area": 79
        },
        {
            "x": 1030,
            "y": 1311,
            "w": 16,
            "h": 25,
            "confidence": 0.5315539836883545,
            "area": 82
        },
        {
            "x": 1626,
            "y": 1826,
            "w": 14,
            "h": 23,
            "confidence": 0.5011724829673767,
            "area": 51
        },
        {
            "x": 180,
            "y": 2149,
            "w": 18,
            "h": 27,
            "confidence": 0.5130398273468018,
            "area": 111
        }
    ]
}