{
    "id": "kriyam_0358_C2",
    "model": "ADCD",
    "is_authentic": true,
    "is_ai_generated": false,
    "confidence": 0.5186060070991516,
    "regions": [
        {
            "x": 1245,
            "y": 1478,
            "w": 45,
            "h": 18,
            "confidence": 0.49887335300445557,
            "area": 158
        },
        {
            "x": 842,
            "y": 2179,
            "w": 47,
            "h": 21,
            "confidence": 0.5056512951850891,
            "area": 171
        },
        {
            "x": 342,
            "y": 3422,
            "w": 106,
            "h": 28,
            "confidence": 0.5186060070991516,
            "area": 467
        }
    ]
}