{
    "id": "kriyam_0528_C4",
    "model": "ADCD",
    "is_authentic": true,
    "is_ai_generated": false,
    "confidence": 0.562103271484375,
    "regions": [
        {
            "x": 1571,
            "y": 897,
            "w": 54,
            "h": 21,
            "confidence": 0.562103271484375,
            "area": 315
        },
        {
            "x": 284,
            "y": 1517,
            "w": 62,
            "h": 18,
            "confidence": 0.5318160057067871,
            "area": 274
        },
        {
            "x": 1283,
            "y": 1535,
            "w": 63,
            "h": 20,
            "confidence": 0.5193014144897461,
            "area": 328
        },
        {
            "x": 1378,
            "y": 1556,
            "w": 5,
            "h": 1,
            "confidence": 0.5029895901679993,
            "area": 3
        }
    ]
}