{
    "id": "kriyam_0884_C2",
    "model": "ADCD",
    "is_authentic": true,
    "is_ai_generated": false,
    "confidence": 0.6849586367607117,
    "regions": [
        {
            "x": 224,
            "y": 416,
            "w": 46,
            "h": 13,
            "confidence": 0.6849586367607117,
            "area": 563
        }
    ]
}