{
    "id": "kriyam_0760_C4",
    "model": "ADCD",
    "is_authentic": true,
    "is_ai_generated": false,
    "confidence": 0.5640242695808411,
    "regions": [
        {
            "x": 207,
            "y": 411,
            "w": 62,
            "h": 17,
            "confidence": 0.5640242695808411,
            "area": 1015
        },
        {
            "x": 411,
            "y": 544,
            "w": 65,
            "h": 13,
            "confidence": 0.5031607151031494,
            "area": 438
        },
        {
            "x": 76,
            "y": 1074,
            "w": 3,
            "h": 4,
            "confidence": 0.4999845325946808,
            "area": 9
        }
    ]
}