{
    "id": "kriyam_0316_C0",
    "model": "ADCD",
    "is_authentic": true,
    "is_ai_generated": false,
    "confidence": 0.6392911672592163,
    "regions": [
        {
            "x": 1775,
            "y": 706,
            "w": 14,
            "h": 25,
            "confidence": 0.5095710754394531,
            "area": 68
        },
        {
            "x": 173,
            "y": 1074,
            "w": 41,
            "h": 25,
            "confidence": 0.5195440053939819,
            "area": 189
        },
        {
            "x": 1637,
            "y": 3407,
            "w": 14,
            "h": 19,
            "confidence": 0.5556222200393677,
            "area": 56
        },
        {
            "x": 221,
            "y": 3422,
            "w": 89,
            "h": 30,
            "confidence": 0.6392911672592163,
            "area": 542
        }
    ]
}