{
    "id": "kriyam_0545_C4",
    "model": "ADCD",
    "is_authentic": false,
    "is_ai_generated": false,
    "confidence": 0.6886304616928101,
    "regions": [
        {
            "x": 328,
            "y": 621,
            "w": 19,
            "h": 11,
            "confidence": 0.4884628653526306,
            "area": 116
        },
        {
            "x": 14,
            "y": 944,
            "w": 133,
            "h": 55,
            "confidence": 0.5307072997093201,
            "area": 5871
        },
        {
            "x": 192,
            "y": 945,
            "w": 29,
            "h": 13,
            "confidence": 0.5042133331298828,
            "area": 248
        },
        {
            "x": 14,
            "y": 1024,
            "w": 30,
            "h": 15,
            "confidence": 0.6886304616928101,
            "area": 416
        }
    ]
}