{
    "id": "kriyam_0453_C4",
    "model": "ADCD",
    "is_authentic": true,
    "is_ai_generated": false,
    "confidence": 0.865986168384552,
    "regions": [
        {
            "x": 125,
            "y": 118,
            "w": 170,
            "h": 43,
            "confidence": 0.865986168384552,
            "area": 1488
        },
        {
            "x": 1028,
            "y": 1500,
            "w": 14,
            "h": 9,
            "confidence": 0.5152496099472046,
            "area": 25
        },
        {
            "x": 1002,
            "y": 1508,
            "w": 3,
            "h": 1,
            "confidence": 0.516532838344574,
            "area": 2
        }
    ]
}