{
    "id": "kriyam_0095_C2",
    "model": "ADCD",
    "is_authentic": false,
    "is_ai_generated": false,
    "confidence": 0.7476605176925659,
    "regions": [
        {
            "x": 604,
            "y": 2646,
            "w": 457,
            "h": 238,
            "confidence": 0.7476605176925659,
            "area": 13602
        },
        {
            "x": 561,
            "y": 2869,
            "w": 3,
            "h": 5,
            "confidence": 0.5060927867889404,
            "area": 4
        },
        {
            "x": 625,
            "y": 2972,
            "w": 251,
            "h": 117,
            "confidence": 0.5986491441726685,
            "area": 4579
        }
    ]
}