{
    "id": "kriyam_0860_C4",
    "model": "ADCD",
    "is_authentic": true,
    "is_ai_generated": false,
    "confidence": 0.502727746963501,
    "regions": [
        {
            "x": 259,
            "y": 455,
            "w": 2,
            "h": 4,
            "confidence": 0.502727746963501,
            "area": 5
        },
        {
            "x": 278,
            "y": 454,
            "w": 1,
            "h": 3,
            "confidence": 0.5013247132301331,
            "area": 3
        }
    ]
}