{
    "id": "kriyam_0361_C2",
    "model": "ADCD",
    "is_authentic": true,
    "is_ai_generated": false,
    "confidence": 0.6519458293914795,
    "regions": [
        {
            "x": 1219,
            "y": 2399,
            "w": 62,
            "h": 27,
            "confidence": 0.6519458293914795,
            "area": 355
        },
        {
            "x": 572,
            "y": 3396,
            "w": 69,
            "h": 30,
            "confidence": 0.6315872073173523,
            "area": 423
        }
    ]
}