{
    "id": "kriyam_0368_C0",
    "model": "ADCD",
    "is_authentic": true,
    "is_ai_generated": false,
    "confidence": 0.7084715962409973,
    "regions": [
        {
            "x": 1067,
            "y": 759,
            "w": 30,
            "h": 38,
            "confidence": 0.7084715962409973,
            "area": 271
        }
    ]
}