{
    "id": "kriyam_0416_C4",
    "model": "ADCD",
    "is_authentic": true,
    "is_ai_generated": false,
    "confidence": 0.7370100617408752,
    "regions": [
        {
            "x": 2118,
            "y": 2978,
            "w": 49,
            "h": 56,
            "confidence": 0.7370100617408752,
            "area": 580
        }
    ]
}