{
    "id": "kriyam_0073_C4",
    "model": "ADCD",
    "is_authentic": true,
    "is_ai_generated": false,
    "confidence": 0.5533320903778076,
    "regions": [
        {
            "x": 1245,
            "y": 1476,
            "w": 51,
            "h": 20,
            "confidence": 0.5533320903778076,
            "area": 238
        },
        {
            "x": 877,
            "y": 2186,
            "w": 5,
            "h": 12,
            "confidence": 0.5042007565498352,
            "area": 8
        },
        {
            "x": 340,
            "y": 3422,
            "w": 108,
            "h": 28,
            "confidence": 0.5241197943687439,
            "area": 515
        }
    ]
}