{
    "id": "kriyam_0107_C2",
    "model": "ADCD",
    "is_authentic": true,
    "is_ai_generated": false,
    "confidence": 0.6308753490447998,
    "regions": [
        {
            "x": 1221,
            "y": 2399,
            "w": 60,
            "h": 27,
            "confidence": 0.601539671421051,
            "area": 338
        },
        {
            "x": 572,
            "y": 3396,
            "w": 65,
            "h": 30,
            "confidence": 0.6308753490447998,
            "area": 411
        }
    ]
}