{
    "id": "kriyam_0783_C2",
    "model": "ADCD",
    "is_authentic": true,
    "is_ai_generated": false,
    "confidence": 0.5057168006896973,
    "regions": [
        {
            "x": 188,
            "y": 383,
            "w": 8,
            "h": 4,
            "confidence": 0.5057168006896973,
            "area": 21
        },
        {
            "x": 168,
            "y": 384,
            "w": 2,
            "h": 2,
            "confidence": 0.5048714876174927,
            "area": 3
        }
    ]
}