{
    "id": "kriyam_0060_C2",
    "model": "ADCD",
    "is_authentic": true,
    "is_ai_generated": false,
    "confidence": 0.5311880707740784,
    "regions": [
        {
            "x": 1227,
            "y": 765,
            "w": 109,
            "h": 25,
            "confidence": 0.5311880707740784,
            "area": 491
        },
        {
            "x": 504,
            "y": 774,
            "w": 14,
            "h": 16,
            "confidence": 0.5074705481529236,
            "area": 30
        }
    ]
}