{
    "id": "kriyam_0388_C2",
    "model": "ADCD",
    "is_authentic": true,
    "is_ai_generated": false,
    "confidence": 0.8407248258590698,
    "regions": [
        {
            "x": 188,
            "y": 477,
            "w": 25,
            "h": 23,
            "confidence": 0.8407248258590698,
            "area": 569
        },
        {
            "x": 325,
            "y": 1077,
            "w": 25,
            "h": 15,
            "confidence": 0.5380743145942688,
            "area": 336
        },
        {
            "x": 221,
            "y": 1159,
            "w": 14,
            "h": 14,
            "confidence": 0.5429297685623169,
            "area": 157
        },
        {
            "x": 473,
            "y": 1226,
            "w": 17,
            "h": 17,
            "confidence": 0.5909849405288696,
            "area": 270
        }
    ]
}