{
    "id": "kriyam_0418_C2",
    "model": "ADCD",
    "is_authentic": true,
    "is_ai_generated": false,
    "confidence": 0.5137051939964294,
    "regions": [
        {
            "x": 998,
            "y": 1340,
            "w": 9,
            "h": 10,
            "confidence": 0.5137051939964294,
            "area": 22
        }
    ]
}