{
    "id": "kriyam_0120_C0",
    "model": "ADCD",
    "is_authentic": true,
    "is_ai_generated": false,
    "confidence": 0.5555519461631775,
    "regions": [
        {
            "x": 1324,
            "y": 3300,
            "w": 93,
            "h": 20,
            "confidence": 0.5555519461631775,
            "area": 395
        },
        {
            "x": 1620,
            "y": 3427,
            "w": 31,
            "h": 21,
            "confidence": 0.5069058537483215,
            "area": 122
        }
    ]
}