{
    "id": "kriyam_0438_C0",
    "model": "ADCD",
    "is_authentic": true,
    "is_ai_generated": false,
    "confidence": 0.6716151833534241,
    "regions": [
        {
            "x": 123,
            "y": 118,
            "w": 406,
            "h": 43,
            "confidence": 0.6716151833534241,
            "area": 3242
        },
        {
            "x": 1545,
            "y": 737,
            "w": 30,
            "h": 34,
            "confidence": 0.6714092493057251,
            "area": 202
        },
        {
            "x": 857,
            "y": 2177,
            "w": 36,
            "h": 34,
            "confidence": 0.6236167550086975,
            "area": 254
        },
        {
            "x": 864,
            "y": 2594,
            "w": 33,
            "h": 31,
            "confidence": 0.6545951962471008,
            "area": 228
        }
    ]
}