{
    "id": "kriyam_0884_C4",
    "model": "ADCD",
    "is_authentic": true,
    "is_ai_generated": false,
    "confidence": 0.7750592231750488,
    "regions": [
        {
            "x": 223,
            "y": 416,
            "w": 48,
            "h": 14,
            "confidence": 0.7750592231750488,
            "area": 643
        }
    ]
}