{
    "id": "kriyam_0080_C4",
    "model": "ADCD",
    "is_authentic": true,
    "is_ai_generated": false,
    "confidence": 0.8698241114616394,
    "regions": [
        {
            "x": 171,
            "y": 491,
            "w": 382,
            "h": 56,
            "confidence": 0.7702731490135193,
            "area": 3581
        },
        {
            "x": 695,
            "y": 491,
            "w": 341,
            "h": 52,
            "confidence": 0.764817476272583,
            "area": 3102
        },
        {
            "x": 171,
            "y": 616,
            "w": 777,
            "h": 34,
            "confidence": 0.8698241114616394,
            "area": 5398
        },
        {
            "x": 2225,
            "y": 3469,
            "w": 218,
            "h": 38,
            "confidence": 0.7973065376281738,
            "area": 1780
        }
    ]
}