{
    "id": "kriyam_0364_C2",
    "model": "ADCD",
    "is_authentic": true,
    "is_ai_generated": false,
    "confidence": 0.5546521544456482,
    "regions": [
        {
            "x": 1192,
            "y": 1581,
            "w": 54,
            "h": 25,
            "confidence": 0.5546521544456482,
            "area": 267
        }
    ]
}