{
    "id": "kriyam_0052_C4",
    "model": "ADCD",
    "is_authentic": true,
    "is_ai_generated": false,
    "confidence": 0.7329164147377014,
    "regions": [
        {
            "x": 727,
            "y": 54,
            "w": 100,
            "h": 34,
            "confidence": 0.6724552512168884,
            "area": 1844
        },
        {
            "x": 515,
            "y": 639,
            "w": 21,
            "h": 13,
            "confidence": 0.5060921311378479,
            "area": 114
        },
        {
            "x": 602,
            "y": 1248,
            "w": 47,
            "h": 14,
            "confidence": 0.6596656441688538,
            "area": 558
        },
        {
            "x": 149,
            "y": 1429,
            "w": 40,
            "h": 14,
            "confidence": 0.7329164147377014,
            "area": 476
        }
    ]
}