{
    "id": "kriyam_0430_C0",
    "model": "ADCD",
    "is_authentic": true,
    "is_ai_generated": false,
    "confidence": 0.6008782386779785,
    "regions": [
        {
            "x": 177,
            "y": 401,
            "w": 28,
            "h": 11,
            "confidence": 0.5088849067687988,
            "area": 167
        },
        {
            "x": 157,
            "y": 485,
            "w": 33,
            "h": 13,
            "confidence": 0.6008782386779785,
            "area": 354
        }
    ]
}