{
    "id": "kriyam_0088_C4",
    "model": "ADCD",
    "is_authentic": true,
    "is_ai_generated": false,
    "confidence": 0.5140424966812134,
    "regions": [
        {
            "x": 953,
            "y": 1825,
            "w": 14,
            "h": 34,
            "confidence": 0.5140424966812134,
            "area": 72
        }
    ]
}