{
    "id": "kriyam_0469_C0",
    "model": "ADCD",
    "is_authentic": true,
    "is_ai_generated": false,
    "confidence": 0.7934712767601013,
    "regions": [
        {
            "x": 125,
            "y": 121,
            "w": 170,
            "h": 40,
            "confidence": 0.7934712767601013,
            "area": 1476
        },
        {
            "x": 1883,
            "y": 1171,
            "w": 23,
            "h": 12,
            "confidence": 0.5100613832473755,
            "area": 37
        },
        {
            "x": 1350,
            "y": 1210,
            "w": 30,
            "h": 28,
            "confidence": 0.6988548636436462,
            "area": 178
        },
        {
            "x": 1087,
            "y": 2006,
            "w": 65,
            "h": 65,
            "confidence": 0.7014665007591248,
            "area": 629
        }
    ]
}