{
    "id": "kriyam_0615_C0",
    "model": "ADCD",
    "is_authentic": false,
    "is_ai_generated": false,
    "confidence": 0.8723821043968201,
    "regions": [
        {
            "x": 189,
            "y": 561,
            "w": 37,
            "h": 14,
            "confidence": 0.5073716640472412,
            "area": 489
        },
        {
            "x": 794,
            "y": 914,
            "w": 145,
            "h": 158,
            "confidence": 0.7326043248176575,
            "area": 15703
        },
        {
            "x": 206,
            "y": 1032,
            "w": 15,
            "h": 16,
            "confidence": 0.6783523559570312,
            "area": 240
        },
        {
            "x": 737,
            "y": 1481,
            "w": 167,
            "h": 25,
            "confidence": 0.8723821043968201,
            "area": 4087
        }
    ]
}