{
    "id": "kriyam_0084_C2",
    "model": "ADCD",
    "is_authentic": true,
    "is_ai_generated": false,
    "confidence": 0.7788447141647339,
    "regions": [
        {
            "x": 968,
            "y": 1796,
            "w": 49,
            "h": 56,
            "confidence": 0.7788447141647339,
            "area": 573
        },
        {
            "x": 799,
            "y": 1807,
            "w": 51,
            "h": 27,
            "confidence": 0.48298993706703186,
            "area": 213
        }
    ]
}