{
    "id": "kriyam_0033_C2",
    "model": "ADCD",
    "is_authentic": true,
    "is_ai_generated": false,
    "confidence": 0.7745343446731567,
    "regions": [
        {
            "x": 1504,
            "y": 38,
            "w": 71,
            "h": 100,
            "confidence": 0.7745343446731567,
            "area": 2034
        },
        {
            "x": 1964,
            "y": 306,
            "w": 27,
            "h": 25,
            "confidence": 0.6909549236297607,
            "area": 220
        },
        {
            "x": 1246,
            "y": 331,
            "w": 22,
            "h": 25,
            "confidence": 0.7560552358627319,
            "area": 169
        },
        {
            "x": 748,
            "y": 2459,
            "w": 38,
            "h": 37,
            "confidence": 0.715345025062561,
            "area": 468
        }
    ]
}