{
    "id": "kriyam_1026_C2",
    "model": "ADCD",
    "is_authentic": true,
    "is_ai_generated": false,
    "confidence": 0.7198113203048706,
    "regions": [
        {
            "x": 81,
            "y": 512,
            "w": 37,
            "h": 15,
            "confidence": 0.7198113203048706,
            "area": 522
        }
    ]
}