{
    "id": "kriyam_0060_C4",
    "model": "ADCD",
    "is_authentic": true,
    "is_ai_generated": false,
    "confidence": 0.5124513506889343,
    "regions": [
        {
            "x": 1736,
            "y": 756,
            "w": 12,
            "h": 19,
            "confidence": 0.5124513506889343,
            "area": 41
        }
    ]
}