{
    "id": "kriyam_0878_C4",
    "model": "ADCD",
    "is_authentic": true,
    "is_ai_generated": false,
    "confidence": 0.6854481101036072,
    "regions": [
        {
            "x": 52,
            "y": 154,
            "w": 7,
            "h": 7,
            "confidence": 0.5062235593795776,
            "area": 15
        },
        {
            "x": 56,
            "y": 437,
            "w": 1,
            "h": 1,
            "confidence": 0.5005060434341431,
            "area": 1
        },
        {
            "x": 49,
            "y": 568,
            "w": 61,
            "h": 14,
            "confidence": 0.6854481101036072,
            "area": 778
        },
        {
            "x": 50,
            "y": 633,
            "w": 13,
            "h": 11,
            "confidence": 0.5287837982177734,
            "area": 109
        }
    ]
}