{
    "id": "kriyam_0397_C0",
    "model": "ADCD",
    "is_authentic": true,
    "is_ai_generated": false,
    "confidence": 0.8674207329750061,
    "regions": [
        {
            "x": 1842,
            "y": 72,
            "w": 19,
            "h": 10,
            "confidence": 0.49804872274398804,
            "area": 16
        },
        {
            "x": 1530,
            "y": 2386,
            "w": 114,
            "h": 124,
            "confidence": 0.8674207329750061,
            "area": 2623
        }
    ]
}