{
    "id": "kriyam_0829_C0",
    "model": "ADCD",
    "is_authentic": true,
    "is_ai_generated": false,
    "confidence": 0.6323785781860352,
    "regions": [
        {
            "x": 548,
            "y": 133,
            "w": 81,
            "h": 21,
            "confidence": 0.6323785781860352,
            "area": 1565
        }
    ]
}