{
    "id": "kriyam_1047_C4",
    "model": "ADCD",
    "is_authentic": true,
    "is_ai_generated": false,
    "confidence": 0.5989381074905396,
    "regions": [
        {
            "x": 83,
            "y": 497,
            "w": 32,
            "h": 11,
            "confidence": 0.5989381074905396,
            "area": 315
        }
    ]
}