{
    "id": "kriyam_0631_C4",
    "model": "ADCD",
    "is_authentic": true,
    "is_ai_generated": false,
    "confidence": 0.6028289794921875,
    "regions": [
        {
            "x": 547,
            "y": 321,
            "w": 7,
            "h": 12,
            "confidence": 0.5174424648284912,
            "area": 75
        },
        {
            "x": 164,
            "y": 452,
            "w": 31,
            "h": 13,
            "confidence": 0.5826258659362793,
            "area": 360
        },
        {
            "x": 200,
            "y": 525,
            "w": 20,
            "h": 12,
            "confidence": 0.6028289794921875,
            "area": 227
        },
        {
            "x": 164,
            "y": 762,
            "w": 28,
            "h": 31,
            "confidence": 0.5399007201194763,
            "area": 605
        }
    ]
}