{
    "id": "kriyam_0830_C2",
    "model": "ADCD",
    "is_authentic": true,
    "is_ai_generated": false,
    "confidence": 0.7464310526847839,
    "regions": [
        {
            "x": 180,
            "y": 829,
            "w": 28,
            "h": 15,
            "confidence": 0.483420729637146,
            "area": 271
        },
        {
            "x": 60,
            "y": 859,
            "w": 64,
            "h": 24,
            "confidence": 0.7434736490249634,
            "area": 1417
        },
        {
            "x": 361,
            "y": 907,
            "w": 48,
            "h": 24,
            "confidence": 0.7464310526847839,
            "area": 1111
        },
        {
            "x": 74,
            "y": 959,
            "w": 11,
            "h": 11,
            "confidence": 0.4858872890472412,
            "area": 59
        }
    ]
}