{
    "id": "kriyam_0399_C2",
    "model": "ADCD",
    "is_authentic": true,
    "is_ai_generated": false,
    "confidence": 0.626362144947052,
    "regions": [
        {
            "x": 116,
            "y": 2511,
            "w": 19,
            "h": 24,
            "confidence": 0.626362144947052,
            "area": 95
        }
    ]
}