{
    "id": "kriyam_0703_C2",
    "model": "ADCD",
    "is_authentic": true,
    "is_ai_generated": false,
    "confidence": 0.4751066267490387,
    "regions": [
        {
            "x": 311,
            "y": 612,
            "w": 13,
            "h": 41,
            "confidence": 0.4751066267490387,
            "area": 457
        }
    ]
}