{
    "id": "kriyam_0322_C4",
    "model": "ADCD",
    "is_authentic": true,
    "is_ai_generated": false,
    "confidence": 0.6499544978141785,
    "regions": [
        {
            "x": 1547,
            "y": 910,
            "w": 21,
            "h": 32,
            "confidence": 0.5377466082572937,
            "area": 130
        },
        {
            "x": 1543,
            "y": 1318,
            "w": 86,
            "h": 31,
            "confidence": 0.6499544978141785,
            "area": 498
        },
        {
            "x": 960,
            "y": 1322,
            "w": 51,
            "h": 25,
            "confidence": 0.5165222883224487,
            "area": 231
        },
        {
            "x": 776,
            "y": 1401,
            "w": 7,
            "h": 16,
            "confidence": 0.5237427353858948,
            "area": 23
        }
    ]
}