{
    "id": "kriyam_0638_C4",
    "model": "ADCD",
    "is_authentic": true,
    "is_ai_generated": false,
    "confidence": 0.8860807418823242,
    "regions": [
        {
            "x": 1795,
            "y": 1533,
            "w": 163,
            "h": 85,
            "confidence": 0.8662142157554626,
            "area": 4490
        },
        {
            "x": 1515,
            "y": 2274,
            "w": 155,
            "h": 30,
            "confidence": 0.8860807418823242,
            "area": 1611
        }
    ]
}