{
    "id": "kriyam_0628_C4",
    "model": "ADCD",
    "is_authentic": true,
    "is_ai_generated": false,
    "confidence": 0.8957500457763672,
    "regions": [
        {
            "x": 1424,
            "y": 743,
            "w": 198,
            "h": 31,
            "confidence": 0.8938282132148743,
            "area": 1729
        },
        {
            "x": 1698,
            "y": 1716,
            "w": 164,
            "h": 69,
            "confidence": 0.890923798084259,
            "area": 3224
        },
        {
            "x": 1773,
            "y": 1841,
            "w": 139,
            "h": 96,
            "confidence": 0.8957500457763672,
            "area": 3954
        },
        {
            "x": 288,
            "y": 1894,
            "w": 65,
            "h": 30,
            "confidence": 0.8113454580307007,
            "area": 590
        }
    ]
}