{
    "id": "kriyam_0470_C4",
    "model": "ADCD",
    "is_authentic": true,
    "is_ai_generated": false,
    "confidence": 0.8304557204246521,
    "regions": [
        {
            "x": 125,
            "y": 121,
            "w": 170,
            "h": 40,
            "confidence": 0.8304557204246521,
            "area": 1480
        },
        {
            "x": 471,
            "y": 2495,
            "w": 104,
            "h": 113,
            "confidence": 0.5501183867454529,
            "area": 2186
        }
    ]
}