{
    "id": "kriyam_0130_C2",
    "model": "ADCD",
    "is_authentic": true,
    "is_ai_generated": false,
    "confidence": 0.5628286004066467,
    "regions": [
        {
            "x": 103,
            "y": 673,
            "w": 25,
            "h": 27,
            "confidence": 0.5628286004066467,
            "area": 139
        },
        {
            "x": 1705,
            "y": 778,
            "w": 12,
            "h": 19,
            "confidence": 0.5134143829345703,
            "area": 33
        }
    ]
}