{
    "id": "kriyam_0836_C0",
    "model": "ADCD",
    "is_authentic": true,
    "is_ai_generated": false,
    "confidence": 0.8089345097541809,
    "regions": [
        {
            "x": 152,
            "y": 68,
            "w": 34,
            "h": 30,
            "confidence": 0.8089345097541809,
            "area": 963
        }
    ]
}