{
    "id": "kriyam_0800_C0",
    "model": "ADCD",
    "is_authentic": true,
    "is_ai_generated": false,
    "confidence": 0.8643430471420288,
    "regions": [
        {
            "x": 233,
            "y": 384,
            "w": 40,
            "h": 18,
            "confidence": 0.8643430471420288,
            "area": 718
        },
        {
            "x": 245,
            "y": 952,
            "w": 52,
            "h": 18,
            "confidence": 0.8244209289550781,
            "area": 919
        }
    ]
}