{
    "id": "kriyam_0080_C2",
    "model": "ADCD",
    "is_authentic": false,
    "is_ai_generated": false,
    "confidence": 0.8735663294792175,
    "regions": [
        {
            "x": 171,
            "y": 491,
            "w": 380,
            "h": 54,
            "confidence": 0.7685636281967163,
            "area": 3598
        },
        {
            "x": 695,
            "y": 491,
            "w": 343,
            "h": 49,
            "confidence": 0.7613803744316101,
            "area": 3094
        },
        {
            "x": 171,
            "y": 616,
            "w": 775,
            "h": 34,
            "confidence": 0.8735663294792175,
            "area": 5469
        },
        {
            "x": 2227,
            "y": 3466,
            "w": 216,
            "h": 41,
            "confidence": 0.8057245016098022,
            "area": 1786
        }
    ]
}