{
    "id": "kriyam_0615_C4",
    "model": "ADCD",
    "is_authentic": true,
    "is_ai_generated": false,
    "confidence": 0.7357035279273987,
    "regions": [
        {
            "x": 135,
            "y": 560,
            "w": 93,
            "h": 17,
            "confidence": 0.7357035279273987,
            "area": 1458
        },
        {
            "x": 204,
            "y": 608,
            "w": 27,
            "h": 15,
            "confidence": 0.5444663763046265,
            "area": 312
        },
        {
            "x": 175,
            "y": 687,
            "w": 6,
            "h": 10,
            "confidence": 0.5184234976768494,
            "area": 43
        },
        {
            "x": 205,
            "y": 1032,
            "w": 16,
            "h": 16,
            "confidence": 0.7020787596702576,
            "area": 242
        }
    ]
}