{
    "id": "kriyam_0456_C0",
    "model": "ADCD",
    "is_authentic": true,
    "is_ai_generated": false,
    "confidence": 0.792093813419342,
    "regions": [
        {
            "x": 125,
            "y": 121,
            "w": 170,
            "h": 40,
            "confidence": 0.792093813419342,
            "area": 1475
        },
        {
            "x": 859,
            "y": 982,
            "w": 73,
            "h": 45,
            "confidence": 0.5978699326515198,
            "area": 595
        },
        {
            "x": 1015,
            "y": 1318,
            "w": 14,
            "h": 16,
            "confidence": 0.5132724642753601,
            "area": 46
        }
    ]
}