{
    "id": "kriyam_0885_C4",
    "model": "ADCD",
    "is_authentic": true,
    "is_ai_generated": false,
    "confidence": 0.5637580752372742,
    "regions": [
        {
            "x": 50,
            "y": 265,
            "w": 30,
            "h": 13,
            "confidence": 0.5624082684516907,
            "area": 351
        },
        {
            "x": 270,
            "y": 265,
            "w": 77,
            "h": 13,
            "confidence": 0.5637580752372742,
            "area": 895
        }
    ]
}