{
    "id": "kriyam_0416_C2",
    "model": "ADCD",
    "is_authentic": true,
    "is_ai_generated": false,
    "confidence": 0.5243085622787476,
    "regions": [
        {
            "x": 739,
            "y": 2029,
            "w": 40,
            "h": 16,
            "confidence": 0.5243085622787476,
            "area": 113
        }
    ]
}