{
    "id": "kriyam_0310_C0",
    "model": "ADCD",
    "is_authentic": true,
    "is_ai_generated": false,
    "confidence": 0.5482084155082703,
    "regions": [
        {
            "x": 1072,
            "y": 502,
            "w": 27,
            "h": 5,
            "confidence": 0.49661797285079956,
            "area": 23
        },
        {
            "x": 1103,
            "y": 517,
            "w": 1,
            "h": 1,
            "confidence": 0.5050455331802368,
            "area": 1
        },
        {
            "x": 2381,
            "y": 2159,
            "w": 43,
            "h": 34,
            "confidence": 0.5482084155082703,
            "area": 277
        }
    ]
}