{
    "id": "kriyam_0453_C0",
    "model": "ADCD",
    "is_authentic": true,
    "is_ai_generated": false,
    "confidence": 0.8199564814567566,
    "regions": [
        {
            "x": 125,
            "y": 121,
            "w": 170,
            "h": 40,
            "confidence": 0.8199564814567566,
            "area": 1477
        },
        {
            "x": 1002,
            "y": 1487,
            "w": 40,
            "h": 22,
            "confidence": 0.5052930116653442,
            "area": 197
        },
        {
            "x": 1550,
            "y": 1533,
            "w": 163,
            "h": 73,
            "confidence": 0.7027454972267151,
            "area": 1913
        }
    ]
}