{
    "id": "kriyam_0111_C4",
    "model": "ADCD",
    "is_authentic": true,
    "is_ai_generated": false,
    "confidence": 0.5059908628463745,
    "regions": [
        {
            "x": 1897,
            "y": 847,
            "w": 7,
            "h": 16,
            "confidence": 0.505462110042572,
            "area": 22
        },
        {
            "x": 1895,
            "y": 868,
            "w": 1,
            "h": 4,
            "confidence": 0.5059908628463745,
            "area": 2
        },
        {
            "x": 1511,
            "y": 1726,
            "w": 7,
            "h": 5,
            "confidence": 0.5024334192276001,
            "area": 6
        },
        {
            "x": 373,
            "y": 2057,
            "w": 23,
            "h": 12,
            "confidence": 0.488482803106308,
            "area": 24
        }
    ]
}