{
    "id": "kriyam_0771_C4",
    "model": "ADCD",
    "is_authentic": true,
    "is_ai_generated": false,
    "confidence": 0.6250824332237244,
    "regions": [
        {
            "x": 469,
            "y": 539,
            "w": 42,
            "h": 33,
            "confidence": 0.6069253087043762,
            "area": 647
        },
        {
            "x": 1025,
            "y": 802,
            "w": 42,
            "h": 27,
            "confidence": 0.5080971717834473,
            "area": 317
        },
        {
            "x": 1384,
            "y": 995,
            "w": 58,
            "h": 26,
            "confidence": 0.5362353920936584,
            "area": 591
        },
        {
            "x": 141,
            "y": 1273,
            "w": 88,
            "h": 34,
            "confidence": 0.6250824332237244,
            "area": 1290
        }
    ]
}