{
    "id": "kriyam_0963_C0",
    "model": "ADCD",
    "is_authentic": true,
    "is_ai_generated": false,
    "confidence": 0.5033758878707886,
    "regions": [
        {
            "x": 515,
            "y": 645,
            "w": 2,
            "h": 1,
            "confidence": 0.5033758878707886,
            "area": 2
        },
        {
            "x": 504,
            "y": 650,
            "w": 3,
            "h": 2,
            "confidence": 0.5005301237106323,
            "area": 4
        }
    ]
}