{
    "id": "kriyam_0443_C0",
    "model": "ADCD",
    "is_authentic": true,
    "is_ai_generated": false,
    "confidence": 0.7809388041496277,
    "regions": [
        {
            "x": 121,
            "y": 118,
            "w": 408,
            "h": 43,
            "confidence": 0.7809388041496277,
            "area": 3513
        }
    ]
}