{
    "id": "kriyam_0841_C4",
    "model": "ADCD",
    "is_authentic": true,
    "is_ai_generated": false,
    "confidence": 0.5852417945861816,
    "regions": [
        {
            "x": 294,
            "y": 570,
            "w": 22,
            "h": 13,
            "confidence": 0.5852417945861816,
            "area": 241
        },
        {
            "x": 381,
            "y": 1494,
            "w": 33,
            "h": 9,
            "confidence": 0.4912148118019104,
            "area": 157
        }
    ]
}