{
    "id": "kriyam_0468_C4",
    "model": "ADCD",
    "is_authentic": true,
    "is_ai_generated": false,
    "confidence": 0.826144814491272,
    "regions": [
        {
            "x": 125,
            "y": 121,
            "w": 170,
            "h": 40,
            "confidence": 0.826144814491272,
            "area": 1479
        },
        {
            "x": 973,
            "y": 1449,
            "w": 3,
            "h": 41,
            "confidence": 0.5029382109642029,
            "area": 33
        },
        {
            "x": 1028,
            "y": 1465,
            "w": 3,
            "h": 31,
            "confidence": 0.5063828229904175,
            "area": 30
        },
        {
            "x": 980,
            "y": 2331,
            "w": 27,
            "h": 23,
            "confidence": 0.529085099697113,
            "area": 119
        }
    ]
}