{
    "id": "kriyam_0205_C4",
    "model": "ADCD",
    "is_authentic": true,
    "is_ai_generated": false,
    "confidence": 0.7579534649848938,
    "regions": [
        {
            "x": 1235,
            "y": 0,
            "w": 40,
            "h": 23,
            "confidence": 0.7579534649848938,
            "area": 273
        },
        {
            "x": 1738,
            "y": 818,
            "w": 23,
            "h": 25,
            "confidence": 0.7273252010345459,
            "area": 179
        },
        {
            "x": 322,
            "y": 1003,
            "w": 70,
            "h": 34,
            "confidence": 0.6898431181907654,
            "area": 664
        },
        {
            "x": 121,
            "y": 2728,
            "w": 8,
            "h": 4,
            "confidence": 0.541390597820282,
            "area": 11
        }
    ]
}