{
    "id": "kriyam_0525_C4",
    "model": "ADCD",
    "is_authentic": true,
    "is_ai_generated": false,
    "confidence": 0.776125431060791,
    "regions": [
        {
            "x": 1118,
            "y": 1803,
            "w": 62,
            "h": 21,
            "confidence": 0.6498387455940247,
            "area": 406
        },
        {
            "x": 1354,
            "y": 1803,
            "w": 83,
            "h": 32,
            "confidence": 0.5681303143501282,
            "area": 694
        },
        {
            "x": 1595,
            "y": 1803,
            "w": 140,
            "h": 32,
            "confidence": 0.776125431060791,
            "area": 1263
        },
        {
            "x": 623,
            "y": 2832,
            "w": 5,
            "h": 1,
            "confidence": 0.5104482769966125,
            "area": 3
        }
    ]
}