{
    "id": "kriyam_0629_C0",
    "model": "ADCD",
    "is_authentic": false,
    "is_ai_generated": false,
    "confidence": 0.8874180912971497,
    "regions": [
        {
            "x": 1114,
            "y": 442,
            "w": 234,
            "h": 51,
            "confidence": 0.8874180912971497,
            "area": 2524
        },
        {
            "x": 1731,
            "y": 1644,
            "w": 179,
            "h": 223,
            "confidence": 0.88013756275177,
            "area": 7720
        }
    ]
}