{
    "id": "kriyam_0443_C4",
    "model": "ADCD",
    "is_authentic": true,
    "is_ai_generated": false,
    "confidence": 0.7880702018737793,
    "regions": [
        {
            "x": 123,
            "y": 118,
            "w": 406,
            "h": 45,
            "confidence": 0.7880702018737793,
            "area": 3531
        }
    ]
}