{
    "id": "kriyam_0748_C2",
    "model": "ADCD",
    "is_authentic": true,
    "is_ai_generated": false,
    "confidence": 0.6126112937927246,
    "regions": [
        {
            "x": 225,
            "y": 51,
            "w": 16,
            "h": 18,
            "confidence": 0.6126112937927246,
            "area": 279
        },
        {
            "x": 848,
            "y": 544,
            "w": 6,
            "h": 3,
            "confidence": 0.5127800703048706,
            "area": 10
        }
    ]
}