{
    "id": "kriyam_0464_C0",
    "model": "ADCD",
    "is_authentic": true,
    "is_ai_generated": false,
    "confidence": 0.7019380927085876,
    "regions": [
        {
            "x": 123,
            "y": 118,
            "w": 406,
            "h": 43,
            "confidence": 0.7019380927085876,
            "area": 3427
        },
        {
            "x": 1359,
            "y": 287,
            "w": 352,
            "h": 56,
            "confidence": 0.5568256378173828,
            "area": 2686
        },
        {
            "x": 785,
            "y": 642,
            "w": 14,
            "h": 32,
            "confidence": 0.6549728512763977,
            "area": 102
        },
        {
            "x": 901,
            "y": 969,
            "w": 21,
            "h": 30,
            "confidence": 0.6189461946487427,
            "area": 126
        }
    ]
}