{
    "id": "kriyam_0838_C0",
    "model": "ADCD",
    "is_authentic": true,
    "is_ai_generated": false,
    "confidence": 0.6466208696365356,
    "regions": [
        {
            "x": 330,
            "y": 508,
            "w": 13,
            "h": 19,
            "confidence": 0.6466208696365356,
            "area": 241
        }
    ]
}