{
    "id": "kriyam_0459_C2",
    "model": "ADCD",
    "is_authentic": true,
    "is_ai_generated": false,
    "confidence": 0.8570157289505005,
    "regions": [
        {
            "x": 125,
            "y": 121,
            "w": 167,
            "h": 40,
            "confidence": 0.8570157289505005,
            "area": 1462
        },
        {
            "x": 579,
            "y": 257,
            "w": 84,
            "h": 90,
            "confidence": 0.6254144906997681,
            "area": 1501
        },
        {
            "x": 1994,
            "y": 1329,
            "w": 69,
            "h": 71,
            "confidence": 0.6210325956344604,
            "area": 999
        }
    ]
}