{
    "id": "kriyam_0425_C2",
    "model": "ADCD",
    "is_authentic": true,
    "is_ai_generated": false,
    "confidence": 0.6201946139335632,
    "regions": [
        {
            "x": 1322,
            "y": 1737,
            "w": 28,
            "h": 25,
            "confidence": 0.6129378080368042,
            "area": 148
        },
        {
            "x": 1324,
            "y": 1947,
            "w": 30,
            "h": 28,
            "confidence": 0.6201946139335632,
            "area": 166
        },
        {
            "x": 1594,
            "y": 2121,
            "w": 10,
            "h": 18,
            "confidence": 0.5007212162017822,
            "area": 42
        },
        {
            "x": 1745,
            "y": 2516,
            "w": 6,
            "h": 1,
            "confidence": 0.5112799406051636,
            "area": 3
        }
    ]
}