{
    "id": "kriyam_0304_C4",
    "model": "ADCD",
    "is_authentic": true,
    "is_ai_generated": false,
    "confidence": 0.5454925298690796,
    "regions": [
        {
            "x": 1949,
            "y": 324,
            "w": 34,
            "h": 23,
            "confidence": 0.5061876773834229,
            "area": 155
        },
        {
            "x": 1960,
            "y": 1054,
            "w": 49,
            "h": 23,
            "confidence": 0.5392848253250122,
            "area": 204
        },
        {
            "x": 2166,
            "y": 2133,
            "w": 38,
            "h": 18,
            "confidence": 0.5422077178955078,
            "area": 138
        },
        {
            "x": 824,
            "y": 2349,
            "w": 72,
            "h": 50,
            "confidence": 0.5454925298690796,
            "area": 509
        }
    ]
}