{
    "id": "kriyam_0942_C4",
    "model": "ADCD",
    "is_authentic": true,
    "is_ai_generated": false,
    "confidence": 0.5146844983100891,
    "regions": [
        {
            "x": 770,
            "y": 776,
            "w": 16,
            "h": 9,
            "confidence": 0.5146844983100891,
            "area": 102
        },
        {
            "x": 297,
            "y": 889,
            "w": 17,
            "h": 9,
            "confidence": 0.5128726363182068,
            "area": 138
        }
    ]
}