{
    "id": "kriyam_0774_C2",
    "model": "ADCD",
    "is_authentic": true,
    "is_ai_generated": false,
    "confidence": 0.6323016285896301,
    "regions": [
        {
            "x": 1535,
            "y": 20,
            "w": 74,
            "h": 102,
            "confidence": 0.6323016285896301,
            "area": 2968
        }
    ]
}