{
    "id": "kriyam_0833_C2",
    "model": "ADCD",
    "is_authentic": true,
    "is_ai_generated": false,
    "confidence": 0.5556383728981018,
    "regions": [
        {
            "x": 97,
            "y": 785,
            "w": 1,
            "h": 7,
            "confidence": 0.5017794370651245,
            "area": 7
        },
        {
            "x": 104,
            "y": 784,
            "w": 23,
            "h": 17,
            "confidence": 0.5023757219314575,
            "area": 191
        },
        {
            "x": 427,
            "y": 889,
            "w": 40,
            "h": 23,
            "confidence": 0.5543522238731384,
            "area": 778
        },
        {
            "x": 369,
            "y": 930,
            "w": 16,
            "h": 18,
            "confidence": 0.5556383728981018,
            "area": 273
        }
    ]
}