{
    "id": "kriyam_0438_C4",
    "model": "ADCD",
    "is_authentic": true,
    "is_ai_generated": false,
    "confidence": 0.75832200050354,
    "regions": [
        {
            "x": 123,
            "y": 118,
            "w": 406,
            "h": 45,
            "confidence": 0.75832200050354,
            "area": 3565
        },
        {
            "x": 1657,
            "y": 1892,
            "w": 16,
            "h": 14,
            "confidence": 0.5073766112327576,
            "area": 30
        }
    ]
}