{
    "id": "kriyam_0356_C2",
    "model": "ADCD",
    "is_authentic": true,
    "is_ai_generated": false,
    "confidence": 0.5836875438690186,
    "regions": [
        {
            "x": 156,
            "y": 888,
            "w": 12,
            "h": 21,
            "confidence": 0.5063446164131165,
            "area": 40
        },
        {
            "x": 1832,
            "y": 1274,
            "w": 58,
            "h": 25,
            "confidence": 0.5836875438690186,
            "area": 285
        },
        {
            "x": 1650,
            "y": 2421,
            "w": 1,
            "h": 1,
            "confidence": 0.5084846615791321,
            "area": 1
        },
        {
            "x": 2168,
            "y": 2467,
            "w": 18,
            "h": 25,
            "confidence": 0.5394067764282227,
            "area": 107
        }
    ]
}