{
    "id": "kriyam_0082_C4",
    "model": "ADCD",
    "is_authentic": true,
    "is_ai_generated": false,
    "confidence": 0.6757989525794983,
    "regions": [
        {
            "x": 731,
            "y": 536,
            "w": 47,
            "h": 15,
            "confidence": 0.6757989525794983,
            "area": 673
        },
        {
            "x": 537,
            "y": 657,
            "w": 29,
            "h": 37,
            "confidence": 0.6017382144927979,
            "area": 669
        }
    ]
}