{
    "id": "kriyam_0321_C2",
    "model": "ADCD",
    "is_authentic": true,
    "is_ai_generated": false,
    "confidence": 0.5548725128173828,
    "regions": [
        {
            "x": 103,
            "y": 673,
            "w": 25,
            "h": 27,
            "confidence": 0.5548725128173828,
            "area": 139
        },
        {
            "x": 1705,
            "y": 778,
            "w": 12,
            "h": 21,
            "confidence": 0.5109288096427917,
            "area": 32
        }
    ]
}