{
    "id": "kriyam_0090_C2",
    "model": "ADCD",
    "is_authentic": true,
    "is_ai_generated": false,
    "confidence": 0.8284456133842468,
    "regions": [
        {
            "x": 1521,
            "y": 2347,
            "w": 29,
            "h": 57,
            "confidence": 0.8284456133842468,
            "area": 400
        }
    ]
}