{
    "id": "kriyam_0233_C0",
    "model": "ADCD",
    "is_authentic": true,
    "is_ai_generated": false,
    "confidence": 0.4977796673774719,
    "regions": [
        {
            "x": 3002,
            "y": 2255,
            "w": 22,
            "h": 10,
            "confidence": 0.4977796673774719,
            "area": 34
        }
    ]
}