{
    "id": "kriyam_0869_C0",
    "model": "ADCD",
    "is_authentic": true,
    "is_ai_generated": false,
    "confidence": 0.588569164276123,
    "regions": [
        {
            "x": 772,
            "y": 962,
            "w": 31,
            "h": 40,
            "confidence": 0.5397290587425232,
            "area": 513
        },
        {
            "x": 1361,
            "y": 1737,
            "w": 33,
            "h": 27,
            "confidence": 0.509850800037384,
            "area": 348
        },
        {
            "x": 324,
            "y": 1987,
            "w": 38,
            "h": 26,
            "confidence": 0.507132351398468,
            "area": 349
        },
        {
            "x": 326,
            "y": 2105,
            "w": 36,
            "h": 38,
            "confidence": 0.588569164276123,
            "area": 615
        }
    ]
}