{
    "id": "kriyam_0608_C0",
    "model": "ADCD",
    "is_authentic": false,
    "is_ai_generated": false,
    "confidence": 0.8664517402648926,
    "regions": [
        {
            "x": 631,
            "y": 228,
            "w": 55,
            "h": 12,
            "confidence": 0.7254466414451599,
            "area": 637
        },
        {
            "x": 119,
            "y": 519,
            "w": 81,
            "h": 27,
            "confidence": 0.8664517402648926,
            "area": 2095
        },
        {
            "x": 595,
            "y": 807,
            "w": 147,
            "h": 58,
            "confidence": 0.6875682473182678,
            "area": 5092
        }
    ]
}