{
    "id": "kriyam_0360_C4",
    "model": "ADCD",
    "is_authentic": true,
    "is_ai_generated": false,
    "confidence": 0.5772236585617065,
    "regions": [
        {
            "x": 149,
            "y": 397,
            "w": 67,
            "h": 23,
            "confidence": 0.5772236585617065,
            "area": 319
        },
        {
            "x": 1383,
            "y": 419,
            "w": 38,
            "h": 31,
            "confidence": 0.5645227432250977,
            "area": 249
        },
        {
            "x": 601,
            "y": 1017,
            "w": 22,
            "h": 34,
            "confidence": 0.5280287265777588,
            "area": 165
        },
        {
            "x": 973,
            "y": 1037,
            "w": 25,
            "h": 38,
            "confidence": 0.5429618954658508,
            "area": 198
        }
    ]
}