{
    "id": "kriyam_0817_C2",
    "model": "ADCD",
    "is_authentic": true,
    "is_ai_generated": false,
    "confidence": 0.4976409673690796,
    "regions": [
        {
            "x": 261,
            "y": 566,
            "w": 18,
            "h": 5,
            "confidence": 0.4976409673690796,
            "area": 57
        }
    ]
}