{
    "id": "kriyam_0469_C4",
    "model": "ADCD",
    "is_authentic": true,
    "is_ai_generated": false,
    "confidence": 0.8401972055435181,
    "regions": [
        {
            "x": 125,
            "y": 121,
            "w": 170,
            "h": 40,
            "confidence": 0.8401972055435181,
            "area": 1481
        },
        {
            "x": 1348,
            "y": 1210,
            "w": 32,
            "h": 30,
            "confidence": 0.8339486122131348,
            "area": 194
        },
        {
            "x": 1151,
            "y": 1263,
            "w": 12,
            "h": 23,
            "confidence": 0.5167809128761292,
            "area": 40
        }
    ]
}