{
    "id": "kriyam_0405_C4",
    "model": "ADCD",
    "is_authentic": true,
    "is_ai_generated": false,
    "confidence": 0.5354036092758179,
    "regions": [
        {
            "x": 1204,
            "y": 1746,
            "w": 141,
            "h": 25,
            "confidence": 0.5354036092758179,
            "area": 694
        },
        {
            "x": 498,
            "y": 2287,
            "w": 1,
            "h": 1,
            "confidence": 0.502677321434021,
            "area": 1
        },
        {
            "x": 528,
            "y": 2294,
            "w": 10,
            "h": 3,
            "confidence": 0.5046045780181885,
            "area": 6
        },
        {
            "x": 1002,
            "y": 2358,
            "w": 32,
            "h": 18,
            "confidence": 0.5254493355751038,
            "area": 105
        }
    ]
}