{
    "id": "kriyam_0093_C0",
    "model": "ADCD",
    "is_authentic": true,
    "is_ai_generated": false,
    "confidence": 0.8107877969741821,
    "regions": [
        {
            "x": 123,
            "y": 392,
            "w": 97,
            "h": 30,
            "confidence": 0.8107877969741821,
            "area": 565
        }
    ]
}