{
    "id": "kriyam_0342_C4",
    "model": "ADCD",
    "is_authentic": true,
    "is_ai_generated": false,
    "confidence": 0.637191653251648,
    "regions": [
        {
            "x": 1230,
            "y": 2578,
            "w": 38,
            "h": 47,
            "confidence": 0.637191653251648,
            "area": 378
        },
        {
            "x": 725,
            "y": 3063,
            "w": 159,
            "h": 143,
            "confidence": 0.5297250747680664,
            "area": 2883
        },
        {
            "x": 1319,
            "y": 3276,
            "w": 26,
            "h": 14,
            "confidence": 0.520423412322998,
            "area": 75
        },
        {
            "x": 1273,
            "y": 3326,
            "w": 96,
            "h": 95,
            "confidence": 0.5893275141716003,
            "area": 1380
        }
    ]
}