{
    "id": "kriyam_0836_C2",
    "model": "ADCD",
    "is_authentic": true,
    "is_ai_generated": false,
    "confidence": 0.7631636261940002,
    "regions": [
        {
            "x": 600,
            "y": 117,
            "w": 31,
            "h": 17,
            "confidence": 0.5417296886444092,
            "area": 489
        },
        {
            "x": 507,
            "y": 146,
            "w": 17,
            "h": 26,
            "confidence": 0.7631636261940002,
            "area": 437
        }
    ]
}