{
    "id": "kriyam_0931_C0",
    "model": "ADCD",
    "is_authentic": true,
    "is_ai_generated": false,
    "confidence": 0.5591238141059875,
    "regions": [
        {
            "x": 346,
            "y": 531,
            "w": 63,
            "h": 11,
            "confidence": 0.5591238141059875,
            "area": 619
        }
    ]
}