{
    "id": "kriyam_0822_C0",
    "model": "ADCD",
    "is_authentic": true,
    "is_ai_generated": false,
    "confidence": 0.8078566193580627,
    "regions": [
        {
            "x": 609,
            "y": 68,
            "w": 25,
            "h": 25,
            "confidence": 0.5028024315834045,
            "area": 550
        },
        {
            "x": 541,
            "y": 119,
            "w": 22,
            "h": 18,
            "confidence": 0.8078566193580627,
            "area": 376
        },
        {
            "x": 513,
            "y": 726,
            "w": 22,
            "h": 12,
            "confidence": 0.6666064858436584,
            "area": 255
        },
        {
            "x": 505,
            "y": 756,
            "w": 23,
            "h": 17,
            "confidence": 0.7366287708282471,
            "area": 370
        }
    ]
}