{
    "id": "kriyam_0809_C0",
    "model": "ADCD",
    "is_authentic": true,
    "is_ai_generated": false,
    "confidence": 0.5482602715492249,
    "regions": [
        {
            "x": 1006,
            "y": 2101,
            "w": 23,
            "h": 20,
            "confidence": 0.5482602715492249,
            "area": 217
        }
    ]
}