{
    "id": "kriyam_0177_C4",
    "model": "ADCD",
    "is_authentic": true,
    "is_ai_generated": false,
    "confidence": 0.8118720054626465,
    "regions": [
        {
            "x": 820,
            "y": 1493,
            "w": 58,
            "h": 53,
            "confidence": 0.8118720054626465,
            "area": 648
        }
    ]
}