{
    "id": "kriyam_0453_C2",
    "model": "ADCD",
    "is_authentic": true,
    "is_ai_generated": false,
    "confidence": 0.8751145005226135,
    "regions": [
        {
            "x": 125,
            "y": 121,
            "w": 170,
            "h": 40,
            "confidence": 0.8500803112983704,
            "area": 1479
        },
        {
            "x": 1024,
            "y": 1487,
            "w": 18,
            "h": 20,
            "confidence": 0.5110893845558167,
            "area": 53
        },
        {
            "x": 1707,
            "y": 1537,
            "w": 4,
            "h": 29,
            "confidence": 0.5002506375312805,
            "area": 15
        },
        {
            "x": 1547,
            "y": 1552,
            "w": 71,
            "h": 54,
            "confidence": 0.8751145005226135,
            "area": 813
        }
    ]
}