{
    "id": "kriyam_0945_C0",
    "model": "ADCD",
    "is_authentic": true,
    "is_ai_generated": false,
    "confidence": 0.5097841024398804,
    "regions": [
        {
            "x": 435,
            "y": 242,
            "w": 2,
            "h": 3,
            "confidence": 0.5097841024398804,
            "area": 5
        },
        {
            "x": 456,
            "y": 246,
            "w": 2,
            "h": 2,
            "confidence": 0.5060577988624573,
            "area": 3
        },
        {
            "x": 435,
            "y": 484,
            "w": 56,
            "h": 9,
            "confidence": 0.5096569061279297,
            "area": 349
        },
        {
            "x": 507,
            "y": 738,
            "w": 19,
            "h": 7,
            "confidence": 0.5049950480461121,
            "area": 70
        }
    ]
}