{
    "id": "kriyam_0643_C0",
    "model": "ADCD",
    "is_authentic": true,
    "is_ai_generated": false,
    "confidence": 0.914634644985199,
    "regions": [
        {
            "x": 581,
            "y": 939,
            "w": 184,
            "h": 28,
            "confidence": 0.6848656535148621,
            "area": 1545
        },
        {
            "x": 1700,
            "y": 1668,
            "w": 214,
            "h": 85,
            "confidence": 0.8772889375686646,
            "area": 4688
        },
        {
            "x": 1795,
            "y": 1814,
            "w": 121,
            "h": 120,
            "confidence": 0.914634644985199,
            "area": 4312
        },
        {
            "x": 855,
            "y": 2702,
            "w": 299,
            "h": 52,
            "confidence": 0.8527171611785889,
            "area": 4079
        }
    ]
}