{
    "id": "kriyam_0073_C0",
    "model": "ADCD",
    "is_authentic": true,
    "is_ai_generated": false,
    "confidence": 0.5116691589355469,
    "regions": [
        {
            "x": 1247,
            "y": 1478,
            "w": 32,
            "h": 18,
            "confidence": 0.5116691589355469,
            "area": 73
        },
        {
            "x": 842,
            "y": 2179,
            "w": 47,
            "h": 21,
            "confidence": 0.5002602338790894,
            "area": 165
        },
        {
            "x": 1449,
            "y": 3256,
            "w": 45,
            "h": 23,
            "confidence": 0.49301838874816895,
            "area": 168
        }
    ]
}