{
    "id": "kriyam_0316_C4",
    "model": "ADCD",
    "is_authentic": true,
    "is_ai_generated": false,
    "confidence": 0.7944254875183105,
    "regions": [
        {
            "x": 1484,
            "y": 770,
            "w": 16,
            "h": 27,
            "confidence": 0.5125904083251953,
            "area": 89
        },
        {
            "x": 649,
            "y": 857,
            "w": 71,
            "h": 36,
            "confidence": 0.5957579612731934,
            "area": 465
        },
        {
            "x": 171,
            "y": 1070,
            "w": 69,
            "h": 34,
            "confidence": 0.7944254875183105,
            "area": 493
        }
    ]
}