{
    "id": "kriyam_0861_C2",
    "model": "ADCD",
    "is_authentic": true,
    "is_ai_generated": false,
    "confidence": 0.5176318287849426,
    "regions": [
        {
            "x": 375,
            "y": 653,
            "w": 78,
            "h": 28,
            "confidence": 0.5176318287849426,
            "area": 1531
        },
        {
            "x": 476,
            "y": 937,
            "w": 1,
            "h": 1,
            "confidence": 0.500886857509613,
            "area": 1
        }
    ]
}