{
    "id": "kriyam_0913_C0",
    "model": "ADCD",
    "is_authentic": false,
    "is_ai_generated": false,
    "confidence": 0.8242103457450867,
    "regions": [
        {
            "x": 128,
            "y": 129,
            "w": 828,
            "h": 55,
            "confidence": 0.8242103457450867,
            "area": 29382
        },
        {
            "x": 128,
            "y": 1334,
            "w": 30,
            "h": 54,
            "confidence": 0.8075535297393799,
            "area": 1504
        },
        {
            "x": 498,
            "y": 1340,
            "w": 47,
            "h": 37,
            "confidence": 0.744688093662262,
            "area": 1700
        },
        {
            "x": 928,
            "y": 1340,
            "w": 30,
            "h": 47,
            "confidence": 0.7327439188957214,
            "area": 1259
        }
    ]
}