{
    "id": "kriyam_0204_C2",
    "model": "ADCD",
    "is_authentic": true,
    "is_ai_generated": false,
    "confidence": 0.6348999738693237,
    "regions": [
        {
            "x": 1499,
            "y": 471,
            "w": 44,
            "h": 27,
            "confidence": 0.6348999738693237,
            "area": 341
        },
        {
            "x": 731,
            "y": 1009,
            "w": 74,
            "h": 28,
            "confidence": 0.5189323425292969,
            "area": 512
        },
        {
            "x": 1678,
            "y": 1285,
            "w": 26,
            "h": 32,
            "confidence": 0.5677933692932129,
            "area": 266
        },
        {
            "x": 497,
            "y": 1513,
            "w": 21,
            "h": 34,
            "confidence": 0.5422878265380859,
            "area": 206
        }
    ]
}