{
    "id": "kriyam_0154_C2",
    "model": "ADCD",
    "is_authentic": true,
    "is_ai_generated": false,
    "confidence": 0.5294641852378845,
    "regions": [
        {
            "x": 813,
            "y": 502,
            "w": 12,
            "h": 18,
            "confidence": 0.5294641852378845,
            "area": 45
        }
    ]
}