{
    "id": "kriyam_0336_C0",
    "model": "ADCD",
    "is_authentic": true,
    "is_ai_generated": false,
    "confidence": 0.49309641122817993,
    "regions": [
        {
            "x": 491,
            "y": 782,
            "w": 1,
            "h": 28,
            "confidence": 0.49309641122817993,
            "area": 13
        }
    ]
}