{
    "id": "kriyam_0095_C0",
    "model": "ADCD",
    "is_authentic": false,
    "is_ai_generated": false,
    "confidence": 0.7641592621803284,
    "regions": [
        {
            "x": 627,
            "y": 2648,
            "w": 434,
            "h": 236,
            "confidence": 0.7641592621803284,
            "area": 13353
        },
        {
            "x": 619,
            "y": 2970,
            "w": 228,
            "h": 119,
            "confidence": 0.6285496354103088,
            "area": 4418
        }
    ]
}