{
    "id": "kriyam_0374_C2",
    "model": "ADCD",
    "is_authentic": true,
    "is_ai_generated": false,
    "confidence": 0.5098594427108765,
    "regions": [
        {
            "x": 1066,
            "y": 1570,
            "w": 62,
            "h": 30,
            "confidence": 0.5098594427108765,
            "area": 287
        },
        {
            "x": 1131,
            "y": 1827,
            "w": 15,
            "h": 21,
            "confidence": 0.49408620595932007,
            "area": 38
        }
    ]
}