{
    "id": "kriyam_0393_C4",
    "model": "ADCD",
    "is_authentic": true,
    "is_ai_generated": false,
    "confidence": 0.903215229511261,
    "regions": [
        {
            "x": 873,
            "y": 345,
            "w": 14,
            "h": 54,
            "confidence": 0.5714099407196045,
            "area": 188
        },
        {
            "x": 233,
            "y": 870,
            "w": 34,
            "h": 39,
            "confidence": 0.8489491939544678,
            "area": 414
        },
        {
            "x": 1754,
            "y": 1034,
            "w": 52,
            "h": 17,
            "confidence": 0.49030420184135437,
            "area": 88
        },
        {
            "x": 1732,
            "y": 1399,
            "w": 99,
            "h": 66,
            "confidence": 0.903215229511261,
            "area": 1992
        }
    ]
}