{
    "id": "kriyam_0304_C0",
    "model": "ADCD",
    "is_authentic": true,
    "is_ai_generated": false,
    "confidence": 0.5457801222801208,
    "regions": [
        {
            "x": 1964,
            "y": 331,
            "w": 4,
            "h": 1,
            "confidence": 0.5020196437835693,
            "area": 2
        },
        {
            "x": 1960,
            "y": 1054,
            "w": 52,
            "h": 23,
            "confidence": 0.5457801222801208,
            "area": 251
        }
    ]
}