{
    "id": "kriyam_0467_C2",
    "model": "ADCD",
    "is_authentic": true,
    "is_ai_generated": false,
    "confidence": 0.7923132181167603,
    "regions": [
        {
            "x": 125,
            "y": 121,
            "w": 170,
            "h": 40,
            "confidence": 0.7182541489601135,
            "area": 1450
        },
        {
            "x": 513,
            "y": 627,
            "w": 137,
            "h": 119,
            "confidence": 0.7923132181167603,
            "area": 3459
        }
    ]
}