{
    "id": "kriyam_0403_C4",
    "model": "ADCD",
    "is_authentic": true,
    "is_ai_generated": false,
    "confidence": 0.8242282271385193,
    "regions": [
        {
            "x": 784,
            "y": 1059,
            "w": 36,
            "h": 43,
            "confidence": 0.5834164023399353,
            "area": 353
        },
        {
            "x": 634,
            "y": 2372,
            "w": 32,
            "h": 57,
            "confidence": 0.8242282271385193,
            "area": 413
        }
    ]
}