{
    "id": "kriyam_0423_C2",
    "model": "ADCD",
    "is_authentic": true,
    "is_ai_generated": false,
    "confidence": 0.7174859642982483,
    "regions": [
        {
            "x": 528,
            "y": 1540,
            "w": 6,
            "h": 3,
            "confidence": 0.5041413903236389,
            "area": 6
        },
        {
            "x": 1048,
            "y": 1706,
            "w": 43,
            "h": 25,
            "confidence": 0.7174859642982483,
            "area": 238
        },
        {
            "x": 1616,
            "y": 1759,
            "w": 36,
            "h": 25,
            "confidence": 0.5938463807106018,
            "area": 173
        },
        {
            "x": 1664,
            "y": 2388,
            "w": 32,
            "h": 23,
            "confidence": 0.511275589466095,
            "area": 140
        }
    ]
}