{
    "id": "kriyam_0631_C2",
    "model": "ADCD",
    "is_authentic": true,
    "is_ai_generated": false,
    "confidence": 0.7403044104576111,
    "regions": [
        {
            "x": 129,
            "y": 453,
            "w": 59,
            "h": 11,
            "confidence": 0.5151012539863586,
            "area": 409
        },
        {
            "x": 173,
            "y": 762,
            "w": 19,
            "h": 12,
            "confidence": 0.7403044104576111,
            "area": 213
        }
    ]
}