{
    "id": "kriyam_0334_C4",
    "model": "ADCD",
    "is_authentic": true,
    "is_ai_generated": false,
    "confidence": 0.6134533286094666,
    "regions": [
        {
            "x": 1320,
            "y": 256,
            "w": 45,
            "h": 17,
            "confidence": 0.5142225623130798,
            "area": 152
        },
        {
            "x": 1419,
            "y": 2286,
            "w": 29,
            "h": 25,
            "confidence": 0.6134533286094666,
            "area": 162
        }
    ]
}