{
    "id": "kriyam_0374_C0",
    "model": "ADCD",
    "is_authentic": true,
    "is_ai_generated": false,
    "confidence": 0.5081496834754944,
    "regions": [
        {
            "x": 1088,
            "y": 1572,
            "w": 23,
            "h": 26,
            "confidence": 0.5079088807106018,
            "area": 120
        },
        {
            "x": 1136,
            "y": 1827,
            "w": 1,
            "h": 1,
            "confidence": 0.5014681220054626,
            "area": 1
        },
        {
            "x": 1131,
            "y": 1829,
            "w": 1,
            "h": 8,
            "confidence": 0.5081496834754944,
            "area": 4
        }
    ]
}