{
    "id": "kriyam_0330_C2",
    "model": "ADCD",
    "is_authentic": false,
    "is_ai_generated": false,
    "confidence": 0.6711556315422058,
    "regions": [
        {
            "x": 2776,
            "y": 1357,
            "w": 472,
            "h": 332,
            "confidence": 0.6711556315422058,
            "area": 18778
        },
        {
            "x": 750,
            "y": 1545,
            "w": 439,
            "h": 269,
            "confidence": 0.5699132680892944,
            "area": 10763
        }
    ]
}