{
    "id": "kriyam_0360_C2",
    "model": "ADCD",
    "is_authentic": true,
    "is_ai_generated": false,
    "confidence": 0.8069523572921753,
    "regions": [
        {
            "x": 123,
            "y": 395,
            "w": 95,
            "h": 27,
            "confidence": 0.8069523572921753,
            "area": 559
        }
    ]
}