{
    "id": "kriyam_0909_C4",
    "model": "ADCD",
    "is_authentic": true,
    "is_ai_generated": false,
    "confidence": 0.6198441982269287,
    "regions": [
        {
            "x": 619,
            "y": 1053,
            "w": 103,
            "h": 23,
            "confidence": 0.6198441982269287,
            "area": 1951
        },
        {
            "x": 892,
            "y": 1069,
            "w": 11,
            "h": 5,
            "confidence": 0.5091081857681274,
            "area": 34
        },
        {
            "x": 818,
            "y": 1364,
            "w": 28,
            "h": 17,
            "confidence": 0.5675786733627319,
            "area": 332
        },
        {
            "x": 885,
            "y": 1370,
            "w": 10,
            "h": 6,
            "confidence": 0.5036340951919556,
            "area": 25
        }
    ]
}