{
    "id": "kriyam_0782_C4",
    "model": "ADCD",
    "is_authentic": true,
    "is_ai_generated": false,
    "confidence": 0.5042237043380737,
    "regions": [
        {
            "x": 507,
            "y": 193,
            "w": 32,
            "h": 8,
            "confidence": 0.5042237043380737,
            "area": 205
        },
        {
            "x": 160,
            "y": 327,
            "w": 3,
            "h": 3,
            "confidence": 0.5038935542106628,
            "area": 6
        },
        {
            "x": 76,
            "y": 395,
            "w": 3,
            "h": 1,
            "confidence": 0.49819719791412354,
            "area": 3
        },
        {
            "x": 531,
            "y": 669,
            "w": 8,
            "h": 8,
            "confidence": 0.4964667856693268,
            "area": 19
        }
    ]
}