{
    "id": "kriyam_0348_C2",
    "model": "ADCD",
    "is_authentic": true,
    "is_ai_generated": false,
    "confidence": 0.5083110928535461,
    "regions": [
        {
            "x": 254,
            "y": 805,
            "w": 6,
            "h": 3,
            "confidence": 0.49917739629745483,
            "area": 4
        },
        {
            "x": 263,
            "y": 811,
            "w": 1,
            "h": 1,
            "confidence": 0.502936065196991,
            "area": 1
        },
        {
            "x": 281,
            "y": 818,
            "w": 31,
            "h": 16,
            "confidence": 0.5036442875862122,
            "area": 87
        },
        {
            "x": 671,
            "y": 827,
            "w": 1,
            "h": 5,
            "confidence": 0.5083110928535461,
            "area": 3
        }
    ]
}