{
    "id": "kriyam_0948_C2",
    "model": "ADCD",
    "is_authentic": true,
    "is_ai_generated": false,
    "confidence": 0.5915157794952393,
    "regions": [
        {
            "x": 336,
            "y": 265,
            "w": 2,
            "h": 4,
            "confidence": 0.5030785799026489,
            "area": 6
        },
        {
            "x": 368,
            "y": 265,
            "w": 1,
            "h": 2,
            "confidence": 0.5012110471725464,
            "area": 2
        },
        {
            "x": 311,
            "y": 354,
            "w": 12,
            "h": 13,
            "confidence": 0.5915157794952393,
            "area": 135
        },
        {
            "x": 394,
            "y": 419,
            "w": 1,
            "h": 2,
            "confidence": 0.5034340620040894,
            "area": 2
        }
    ]
}