{
    "id": "kriyam_0746_C2",
    "model": "ADCD",
    "is_authentic": true,
    "is_ai_generated": false,
    "confidence": 0.5022551417350769,
    "regions": [
        {
            "x": 615,
            "y": 772,
            "w": 14,
            "h": 12,
            "confidence": 0.5022551417350769,
            "area": 148
        }
    ]
}