{
    "id": "kriyam_0347_C2",
    "model": "ADCD",
    "is_authentic": true,
    "is_ai_generated": false,
    "confidence": 0.6042885184288025,
    "regions": [
        {
            "x": 1774,
            "y": 975,
            "w": 45,
            "h": 23,
            "confidence": 0.5092794895172119,
            "area": 189
        },
        {
            "x": 476,
            "y": 1287,
            "w": 21,
            "h": 25,
            "confidence": 0.6042885184288025,
            "area": 113
        }
    ]
}