{
    "id": "kriyam_0404_C0",
    "model": "ADCD",
    "is_authentic": true,
    "is_ai_generated": false,
    "confidence": 0.4927513301372528,
    "regions": [
        {
            "x": 84,
            "y": 190,
            "w": 16,
            "h": 10,
            "confidence": 0.4927513301372528,
            "area": 14
        }
    ]
}