{
    "id": "kriyam_0090_C0",
    "model": "ADCD",
    "is_authentic": true,
    "is_ai_generated": false,
    "confidence": 0.8275215029716492,
    "regions": [
        {
            "x": 1353,
            "y": 435,
            "w": 32,
            "h": 42,
            "confidence": 0.593543291091919,
            "area": 305
        },
        {
            "x": 1521,
            "y": 2349,
            "w": 29,
            "h": 55,
            "confidence": 0.8275215029716492,
            "area": 387
        }
    ]
}