{
    "id": "kriyam_0395_C2",
    "model": "ADCD",
    "is_authentic": true,
    "is_ai_generated": false,
    "confidence": 0.6761191487312317,
    "regions": [
        {
            "x": 381,
            "y": 90,
            "w": 50,
            "h": 29,
            "confidence": 0.6761191487312317,
            "area": 276
        },
        {
            "x": 1410,
            "y": 97,
            "w": 56,
            "h": 40,
            "confidence": 0.655683159828186,
            "area": 401
        }
    ]
}