{
    "id": "kriyam_0629_C4",
    "model": "ADCD",
    "is_authentic": true,
    "is_ai_generated": false,
    "confidence": 0.8435064554214478,
    "regions": [
        {
            "x": 1114,
            "y": 442,
            "w": 234,
            "h": 76,
            "confidence": 0.8435064554214478,
            "area": 3176
        },
        {
            "x": 1731,
            "y": 1639,
            "w": 177,
            "h": 83,
            "confidence": 0.8192247748374939,
            "area": 3679
        },
        {
            "x": 1791,
            "y": 1795,
            "w": 117,
            "h": 72,
            "confidence": 0.8287773132324219,
            "area": 2455
        }
    ]
}