{
    "id": "kriyam_0860_C0",
    "model": "ADCD",
    "is_authentic": true,
    "is_ai_generated": false,
    "confidence": 0.7575523853302002,
    "regions": [
        {
            "x": 325,
            "y": 914,
            "w": 65,
            "h": 21,
            "confidence": 0.7575523853302002,
            "area": 1324
        }
    ]
}