{
    "id": "kriyam_0412_C0",
    "model": "ADCD",
    "is_authentic": true,
    "is_ai_generated": false,
    "confidence": 0.5908124446868896,
    "regions": [
        {
            "x": 1914,
            "y": 1031,
            "w": 23,
            "h": 21,
            "confidence": 0.5908124446868896,
            "area": 91
        },
        {
            "x": 1489,
            "y": 1649,
            "w": 23,
            "h": 34,
            "confidence": 0.571479082107544,
            "area": 150
        }
    ]
}