{
    "id": "kriyam_0827_C2",
    "model": "ADCD",
    "is_authentic": true,
    "is_ai_generated": false,
    "confidence": 0.5186809301376343,
    "regions": [
        {
            "x": 87,
            "y": 85,
            "w": 29,
            "h": 20,
            "confidence": 0.5186809301376343,
            "area": 458
        },
        {
            "x": 437,
            "y": 146,
            "w": 1,
            "h": 1,
            "confidence": 0.5066138505935669,
            "area": 1
        }
    ]
}