{
    "id": "kriyam_0441_C4",
    "model": "ADCD",
    "is_authentic": true,
    "is_ai_generated": false,
    "confidence": 0.6767632365226746,
    "regions": [
        {
            "x": 123,
            "y": 118,
            "w": 406,
            "h": 43,
            "confidence": 0.6767632365226746,
            "area": 3225
        }
    ]
}