{
    "id": "kriyam_0100_C0",
    "model": "ADCD",
    "is_authentic": true,
    "is_ai_generated": false,
    "confidence": 0.7706001996994019,
    "regions": [
        {
            "x": 1204,
            "y": 840,
            "w": 69,
            "h": 54,
            "confidence": 0.585588276386261,
            "area": 747
        },
        {
            "x": 2052,
            "y": 873,
            "w": 45,
            "h": 45,
            "confidence": 0.6506773233413696,
            "area": 419
        },
        {
            "x": 1851,
            "y": 1002,
            "w": 119,
            "h": 67,
            "confidence": 0.7706001996994019,
            "area": 1329
        },
        {
            "x": 588,
            "y": 1862,
            "w": 12,
            "h": 3,
            "confidence": 0.5065130591392517,
            "area": 9
        }
    ]
}