{
    "id": "kriyam_0398_C0",
    "model": "ADCD",
    "is_authentic": true,
    "is_ai_generated": false,
    "confidence": 0.738875687122345,
    "regions": [
        {
            "x": 1403,
            "y": 825,
            "w": 19,
            "h": 28,
            "confidence": 0.49883028864860535,
            "area": 57
        },
        {
            "x": 1934,
            "y": 2137,
            "w": 29,
            "h": 26,
            "confidence": 0.738875687122345,
            "area": 154
        },
        {
            "x": 1514,
            "y": 2375,
            "w": 121,
            "h": 31,
            "confidence": 0.66357421875,
            "area": 639
        }
    ]
}