{
    "id": "kriyam_0068_C0",
    "model": "ADCD",
    "is_authentic": false,
    "is_ai_generated": false,
    "confidence": 0.765312910079956,
    "regions": [
        {
            "x": 1453,
            "y": 658,
            "w": 52,
            "h": 18,
            "confidence": 0.5201123356819153,
            "area": 155
        },
        {
            "x": 123,
            "y": 1081,
            "w": 62,
            "h": 29,
            "confidence": 0.5352978706359863,
            "area": 322
        },
        {
            "x": 1539,
            "y": 2416,
            "w": 310,
            "h": 115,
            "confidence": 0.765312910079956,
            "area": 6199
        },
        {
            "x": 164,
            "y": 2530,
            "w": 91,
            "h": 30,
            "confidence": 0.503966748714447,
            "area": 432
        }
    ]
}