{
    "id": "kriyam_0932_C0",
    "model": "ADCD",
    "is_authentic": true,
    "is_ai_generated": false,
    "confidence": 0.5059789419174194,
    "regions": [
        {
            "x": 645,
            "y": 934,
            "w": 6,
            "h": 11,
            "confidence": 0.5059789419174194,
            "area": 49
        }
    ]
}