{
    "id": "kriyam_0744_C0",
    "model": "ADCD",
    "is_authentic": true,
    "is_ai_generated": false,
    "confidence": 0.812728226184845,
    "regions": [
        {
            "x": 232,
            "y": 106,
            "w": 28,
            "h": 17,
            "confidence": 0.4999789297580719,
            "area": 321
        },
        {
            "x": 463,
            "y": 194,
            "w": 18,
            "h": 32,
            "confidence": 0.812728226184845,
            "area": 573
        },
        {
            "x": 591,
            "y": 354,
            "w": 12,
            "h": 26,
            "confidence": 0.7032772898674011,
            "area": 301
        }
    ]
}