{
    "id": "kriyam_0361_C0",
    "model": "ADCD",
    "is_authentic": true,
    "is_ai_generated": false,
    "confidence": 0.6404828429222107,
    "regions": [
        {
            "x": 491,
            "y": 2103,
            "w": 18,
            "h": 62,
            "confidence": 0.5725011229515076,
            "area": 257
        },
        {
            "x": 1219,
            "y": 2399,
            "w": 60,
            "h": 27,
            "confidence": 0.6404828429222107,
            "area": 284
        },
        {
            "x": 576,
            "y": 3396,
            "w": 56,
            "h": 27,
            "confidence": 0.5326648950576782,
            "area": 291
        }
    ]
}