{
    "id": "kriyam_0812_C2",
    "model": "ADCD",
    "is_authentic": true,
    "is_ai_generated": false,
    "confidence": 0.6930131316184998,
    "regions": [
        {
            "x": 1018,
            "y": 1963,
            "w": 39,
            "h": 18,
            "confidence": 0.5956176519393921,
            "area": 325
        },
        {
            "x": 1171,
            "y": 1992,
            "w": 34,
            "h": 19,
            "confidence": 0.6390397548675537,
            "area": 277
        },
        {
            "x": 647,
            "y": 2061,
            "w": 33,
            "h": 26,
            "confidence": 0.6930131316184998,
            "area": 404
        },
        {
            "x": 1176,
            "y": 2120,
            "w": 30,
            "h": 17,
            "confidence": 0.5946123003959656,
            "area": 249
        }
    ]
}