{
    "id": "kriyam_0865_C0",
    "model": "ADCD",
    "is_authentic": false,
    "is_ai_generated": false,
    "confidence": 0.8271560072898865,
    "regions": [
        {
            "x": 221,
            "y": 1823,
            "w": 1352,
            "h": 41,
            "confidence": 0.7500590085983276,
            "area": 23198
        },
        {
            "x": 1628,
            "y": 1836,
            "w": 30,
            "h": 67,
            "confidence": 0.7281690239906311,
            "area": 1024
        },
        {
            "x": 153,
            "y": 1891,
            "w": 933,
            "h": 52,
            "confidence": 0.8271560072898865,
            "area": 22466
        },
        {
            "x": 1630,
            "y": 1958,
            "w": 30,
            "h": 56,
            "confidence": 0.5548373460769653,
            "area": 695
        }
    ]
}