{
    "id": "kriyam_0320_C2",
    "model": "ADCD",
    "is_authentic": true,
    "is_ai_generated": false,
    "confidence": 0.6041117906570435,
    "regions": [
        {
            "x": 75,
            "y": 844,
            "w": 29,
            "h": 23,
            "confidence": 0.5542349219322205,
            "area": 126
        },
        {
            "x": 1043,
            "y": 848,
            "w": 58,
            "h": 28,
            "confidence": 0.6041117906570435,
            "area": 311
        },
        {
            "x": 601,
            "y": 1454,
            "w": 44,
            "h": 20,
            "confidence": 0.5382617712020874,
            "area": 149
        }
    ]
}