{
    "id": "kriyam_0360_C0",
    "model": "ADCD",
    "is_authentic": true,
    "is_ai_generated": false,
    "confidence": 0.7937266826629639,
    "regions": [
        {
            "x": 123,
            "y": 395,
            "w": 95,
            "h": 27,
            "confidence": 0.7937266826629639,
            "area": 557
        }
    ]
}