{
    "id": "kriyam_0329_C2",
    "model": "ADCD",
    "is_authentic": true,
    "is_ai_generated": false,
    "confidence": 0.7785047888755798,
    "regions": [
        {
            "x": 224,
            "y": 800,
            "w": 27,
            "h": 43,
            "confidence": 0.6076931357383728,
            "area": 249
        },
        {
            "x": 574,
            "y": 1210,
            "w": 41,
            "h": 63,
            "confidence": 0.7785047888755798,
            "area": 439
        },
        {
            "x": 1690,
            "y": 1390,
            "w": 3,
            "h": 10,
            "confidence": 0.511424720287323,
            "area": 7
        },
        {
            "x": 1414,
            "y": 2699,
            "w": 31,
            "h": 12,
            "confidence": 0.5365001559257507,
            "area": 55
        }
    ]
}