{
    "id": "kriyam_0962_C2",
    "model": "ADCD",
    "is_authentic": true,
    "is_ai_generated": false,
    "confidence": 0.512829601764679,
    "regions": [
        {
            "x": 526,
            "y": 145,
            "w": 41,
            "h": 10,
            "confidence": 0.512829601764679,
            "area": 313
        },
        {
            "x": 86,
            "y": 377,
            "w": 24,
            "h": 11,
            "confidence": 0.5010748505592346,
            "area": 118
        }
    ]
}