{
    "id": "kriyam_0747_C4",
    "model": "ADCD",
    "is_authentic": true,
    "is_ai_generated": false,
    "confidence": 0.4876241981983185,
    "regions": [
        {
            "x": 888,
            "y": 203,
            "w": 23,
            "h": 12,
            "confidence": 0.4876241981983185,
            "area": 100
        }
    ]
}