{
    "id": "kriyam_0461_C4",
    "model": "ADCD",
    "is_authentic": true,
    "is_ai_generated": false,
    "confidence": 0.8658874034881592,
    "regions": [
        {
            "x": 125,
            "y": 121,
            "w": 170,
            "h": 40,
            "confidence": 0.8391042351722717,
            "area": 1480
        },
        {
            "x": 1821,
            "y": 610,
            "w": 65,
            "h": 73,
            "confidence": 0.8658874034881592,
            "area": 1016
        }
    ]
}