{
    "id": "kriyam_0221_C2",
    "model": "ADCD",
    "is_authentic": false,
    "is_ai_generated": false,
    "confidence": 0.7500057816505432,
    "regions": [
        {
            "x": 881,
            "y": 121,
            "w": 125,
            "h": 40,
            "confidence": 0.5571027994155884,
            "area": 2516
        },
        {
            "x": 698,
            "y": 162,
            "w": 33,
            "h": 13,
            "confidence": 0.5776858925819397,
            "area": 361
        },
        {
            "x": 731,
            "y": 211,
            "w": 18,
            "h": 14,
            "confidence": 0.7500057816505432,
            "area": 248
        },
        {
            "x": 310,
            "y": 319,
            "w": 1,
            "h": 1,
            "confidence": 0.5211596488952637,
            "area": 1
        }
    ]
}