{
    "id": "kriyam_1033_C0",
    "model": "ADCD",
    "is_authentic": true,
    "is_ai_generated": false,
    "confidence": 0.5946744084358215,
    "regions": [
        {
            "x": 383,
            "y": 220,
            "w": 58,
            "h": 10,
            "confidence": 0.5946744084358215,
            "area": 516
        }
    ]
}