{
    "id": "kriyam_0203_C0",
    "model": "ADCD",
    "is_authentic": true,
    "is_ai_generated": false,
    "confidence": 0.8917075395584106,
    "regions": [
        {
            "x": 1506,
            "y": 248,
            "w": 187,
            "h": 33,
            "confidence": 0.8917075395584106,
            "area": 2161
        },
        {
            "x": 1632,
            "y": 330,
            "w": 14,
            "h": 30,
            "confidence": 0.5688793659210205,
            "area": 146
        },
        {
            "x": 108,
            "y": 651,
            "w": 227,
            "h": 29,
            "confidence": 0.812481701374054,
            "area": 2125
        },
        {
            "x": 160,
            "y": 2582,
            "w": 35,
            "h": 18,
            "confidence": 0.5164834260940552,
            "area": 138
        }
    ]
}