{
    "id": "kriyam_0337_C0",
    "model": "ADCD",
    "is_authentic": true,
    "is_ai_generated": false,
    "confidence": 0.5537527203559875,
    "regions": [
        {
            "x": 228,
            "y": 550,
            "w": 25,
            "h": 25,
            "confidence": 0.5537527203559875,
            "area": 138
        },
        {
            "x": 1430,
            "y": 2308,
            "w": 1,
            "h": 1,
            "confidence": 0.500824511051178,
            "area": 1
        }
    ]
}