{
    "id": "kriyam_0060_C0",
    "model": "ADCD",
    "is_authentic": true,
    "is_ai_generated": false,
    "confidence": 0.521369993686676,
    "regions": [
        {
            "x": 502,
            "y": 765,
            "w": 43,
            "h": 27,
            "confidence": 0.5150389075279236,
            "area": 191
        },
        {
            "x": 1236,
            "y": 767,
            "w": 98,
            "h": 21,
            "confidence": 0.521369993686676,
            "area": 408
        }
    ]
}