{
    "id": "kriyam_0091_C4",
    "model": "ADCD",
    "is_authentic": true,
    "is_ai_generated": false,
    "confidence": 0.7623515129089355,
    "regions": [
        {
            "x": 1636,
            "y": 190,
            "w": 106,
            "h": 42,
            "confidence": 0.6483975648880005,
            "area": 967
        },
        {
            "x": 1867,
            "y": 190,
            "w": 214,
            "h": 46,
            "confidence": 0.7623515129089355,
            "area": 2153
        },
        {
            "x": 2129,
            "y": 214,
            "w": 3,
            "h": 12,
            "confidence": 0.5058867931365967,
            "area": 7
        },
        {
            "x": 243,
            "y": 2376,
            "w": 53,
            "h": 51,
            "confidence": 0.5362019538879395,
            "area": 615
        }
    ]
}