{
    "id": "kriyam_0334_C2",
    "model": "ADCD",
    "is_authentic": true,
    "is_ai_generated": false,
    "confidence": 0.58651202917099,
    "regions": [
        {
            "x": 1419,
            "y": 2286,
            "w": 29,
            "h": 25,
            "confidence": 0.58651202917099,
            "area": 144
        }
    ]
}