{
    "id": "kriyam_0878_C2",
    "model": "ADCD",
    "is_authentic": true,
    "is_ai_generated": false,
    "confidence": 0.536434531211853,
    "regions": [
        {
            "x": 154,
            "y": 306,
            "w": 1,
            "h": 1,
            "confidence": 0.5051852464675903,
            "area": 1
        },
        {
            "x": 50,
            "y": 569,
            "w": 25,
            "h": 12,
            "confidence": 0.536434531211853,
            "area": 251
        }
    ]
}