{
    "id": "kriyam_0306_C4",
    "model": "ADCD",
    "is_authentic": true,
    "is_ai_generated": false,
    "confidence": 0.5654558539390564,
    "regions": [
        {
            "x": 1107,
            "y": 568,
            "w": 85,
            "h": 29,
            "confidence": 0.5654558539390564,
            "area": 488
        },
        {
            "x": 1109,
            "y": 1276,
            "w": 34,
            "h": 25,
            "confidence": 0.5028731226921082,
            "area": 134
        }
    ]
}