{
    "id": "kriyam_0336_C4",
    "model": "ADCD",
    "is_authentic": true,
    "is_ai_generated": false,
    "confidence": 0.6044241786003113,
    "regions": [
        {
            "x": 471,
            "y": 778,
            "w": 23,
            "h": 43,
            "confidence": 0.6044241786003113,
            "area": 210
        }
    ]
}