{
    "id": "kriyam_0547_C0",
    "model": "ADCD",
    "is_authentic": true,
    "is_ai_generated": false,
    "confidence": 0.5936824679374695,
    "regions": [
        {
            "x": 844,
            "y": 2552,
            "w": 147,
            "h": 90,
            "confidence": 0.5936824679374695,
            "area": 398
        },
        {
            "x": 1750,
            "y": 3141,
            "w": 194,
            "h": 63,
            "confidence": 0.5617357492446899,
            "area": 397
        },
        {
            "x": 1536,
            "y": 4422,
            "w": 27,
            "h": 79,
            "confidence": 0.5829335451126099,
            "area": 80
        },
        {
            "x": 516,
            "y": 5855,
            "w": 146,
            "h": 94,
            "confidence": 0.5054841041564941,
            "area": 445
        }
    ]
}