{
    "id": "kriyam_0399_C0",
    "model": "ADCD",
    "is_authentic": true,
    "is_ai_generated": false,
    "confidence": 0.6483748555183411,
    "regions": [
        {
            "x": 113,
            "y": 2511,
            "w": 22,
            "h": 24,
            "confidence": 0.6483748555183411,
            "area": 106
        }
    ]
}