{
    "id": "kriyam_0788_C0",
    "model": "ADCD",
    "is_authentic": true,
    "is_ai_generated": false,
    "confidence": 0.5298223495483398,
    "regions": [
        {
            "x": 148,
            "y": 0,
            "w": 24,
            "h": 13,
            "confidence": 0.48843806982040405,
            "area": 170
        },
        {
            "x": 237,
            "y": 0,
            "w": 150,
            "h": 13,
            "confidence": 0.5298223495483398,
            "area": 1352
        }
    ]
}