{
    "id": "kriyam_0546_C2",
    "model": "ADCD",
    "is_authentic": true,
    "is_ai_generated": false,
    "confidence": 0.5874236226081848,
    "regions": [
        {
            "x": 844,
            "y": 2552,
            "w": 110,
            "h": 90,
            "confidence": 0.5874236226081848,
            "area": 344
        },
        {
            "x": 1750,
            "y": 3141,
            "w": 194,
            "h": 58,
            "confidence": 0.535344660282135,
            "area": 365
        },
        {
            "x": 1536,
            "y": 4422,
            "w": 22,
            "h": 79,
            "confidence": 0.5561424493789673,
            "area": 76
        },
        {
            "x": 568,
            "y": 5881,
            "w": 1,
            "h": 1,
            "confidence": 0.5009803771972656,
            "area": 1
        }
    ]
}