{
    "id": "kriyam_0080_C0",
    "model": "ADCD",
    "is_authentic": true,
    "is_ai_generated": false,
    "confidence": 0.8793553113937378,
    "regions": [
        {
            "x": 171,
            "y": 491,
            "w": 378,
            "h": 54,
            "confidence": 0.7713050246238708,
            "area": 3343
        },
        {
            "x": 695,
            "y": 491,
            "w": 341,
            "h": 52,
            "confidence": 0.7644630670547485,
            "area": 2945
        },
        {
            "x": 171,
            "y": 616,
            "w": 775,
            "h": 34,
            "confidence": 0.8793553113937378,
            "area": 5393
        },
        {
            "x": 2227,
            "y": 3469,
            "w": 216,
            "h": 38,
            "confidence": 0.8151142001152039,
            "area": 1752
        }
    ]
}