{
    "id": "kriyam_0913_C4",
    "model": "ADCD",
    "is_authentic": true,
    "is_ai_generated": false,
    "confidence": 0.5566978454589844,
    "regions": [
        {
            "x": 638,
            "y": 218,
            "w": 32,
            "h": 16,
            "confidence": 0.5566978454589844,
            "area": 434
        }
    ]
}