{
    "id": "kriyam_0953_C2",
    "model": "ADCD",
    "is_authentic": true,
    "is_ai_generated": false,
    "confidence": 0.5060279965400696,
    "regions": [
        {
            "x": 251,
            "y": 398,
            "w": 1,
            "h": 1,
            "confidence": 0.5009925961494446,
            "area": 1
        },
        {
            "x": 353,
            "y": 598,
            "w": 2,
            "h": 5,
            "confidence": 0.5060279965400696,
            "area": 6
        },
        {
            "x": 144,
            "y": 639,
            "w": 6,
            "h": 6,
            "confidence": 0.504319429397583,
            "area": 17
        },
        {
            "x": 334,
            "y": 683,
            "w": 13,
            "h": 2,
            "confidence": 0.49395307898521423,
            "area": 16
        }
    ]
}