{
    "id": "kriyam_0449_C4",
    "model": "ADCD",
    "is_authentic": true,
    "is_ai_generated": false,
    "confidence": 0.8182381391525269,
    "regions": [
        {
            "x": 877,
            "y": 254,
            "w": 724,
            "h": 32,
            "confidence": 0.8182381391525269,
            "area": 4828
        },
        {
            "x": 125,
            "y": 338,
            "w": 167,
            "h": 42,
            "confidence": 0.774643063545227,
            "area": 1434
        }
    ]
}