{
    "id": "kriyam_0757_C4",
    "model": "ADCD",
    "is_authentic": true,
    "is_ai_generated": false,
    "confidence": 0.5989738702774048,
    "regions": [
        {
            "x": 190,
            "y": 1522,
            "w": 140,
            "h": 16,
            "confidence": 0.5989738702774048,
            "area": 1789
        },
        {
            "x": 727,
            "y": 1524,
            "w": 58,
            "h": 11,
            "confidence": 0.5381240844726562,
            "area": 533
        },
        {
            "x": 796,
            "y": 1534,
            "w": 1,
            "h": 1,
            "confidence": 0.5155050158500671,
            "area": 1
        }
    ]
}