{
    "id": "kriyam_0362_C2",
    "model": "ADCD",
    "is_authentic": true,
    "is_ai_generated": false,
    "confidence": 0.5813841223716736,
    "regions": [
        {
            "x": 156,
            "y": 888,
            "w": 12,
            "h": 21,
            "confidence": 0.5071366429328918,
            "area": 40
        },
        {
            "x": 1832,
            "y": 1274,
            "w": 58,
            "h": 25,
            "confidence": 0.5813841223716736,
            "area": 284
        },
        {
            "x": 2168,
            "y": 2467,
            "w": 18,
            "h": 25,
            "confidence": 0.5335289835929871,
            "area": 107
        },
        {
            "x": 359,
            "y": 2833,
            "w": 1,
            "h": 1,
            "confidence": 0.5027408003807068,
            "area": 1
        }
    ]
}