{
    "id": "kriyam_0849_C4",
    "model": "ADCD",
    "is_authentic": true,
    "is_ai_generated": false,
    "confidence": 0.654390275478363,
    "regions": [
        {
            "x": 330,
            "y": 961,
            "w": 67,
            "h": 27,
            "confidence": 0.582495927810669,
            "area": 1413
        },
        {
            "x": 399,
            "y": 1115,
            "w": 54,
            "h": 18,
            "confidence": 0.6444327235221863,
            "area": 866
        },
        {
            "x": 189,
            "y": 1292,
            "w": 1,
            "h": 1,
            "confidence": 0.5048882365226746,
            "area": 1
        },
        {
            "x": 550,
            "y": 1444,
            "w": 70,
            "h": 16,
            "confidence": 0.654390275478363,
            "area": 1052
        }
    ]
}