{
    "id": "kriyam_0327_C2",
    "model": "ADCD",
    "is_authentic": true,
    "is_ai_generated": false,
    "confidence": 0.8237308859825134,
    "regions": [
        {
            "x": 476,
            "y": 123,
            "w": 270,
            "h": 47,
            "confidence": 0.8237308859825134,
            "area": 2479
        },
        {
            "x": 303,
            "y": 1635,
            "w": 33,
            "h": 16,
            "confidence": 0.5167181491851807,
            "area": 86
        }
    ]
}