{
    "id": "kriyam_0069_C4",
    "model": "ADCD",
    "is_authentic": true,
    "is_ai_generated": false,
    "confidence": 0.5327209234237671,
    "regions": [
        {
            "x": 1192,
            "y": 1581,
            "w": 49,
            "h": 25,
            "confidence": 0.5327209234237671,
            "area": 228
        }
    ]
}