{
    "id": "kriyam_0856_C0",
    "model": "ADCD",
    "is_authentic": false,
    "is_ai_generated": false,
    "confidence": 0.6355293989181519,
    "regions": [
        {
            "x": 492,
            "y": 167,
            "w": 34,
            "h": 63,
            "confidence": 0.6355293989181519,
            "area": 1804
        }
    ]
}