{
    "id": "kriyam_0221_C4",
    "model": "ADCD",
    "is_authentic": true,
    "is_ai_generated": false,
    "confidence": 0.6289071440696716,
    "regions": [
        {
            "x": 890,
            "y": 123,
            "w": 43,
            "h": 13,
            "confidence": 0.5493855476379395,
            "area": 457
        },
        {
            "x": 698,
            "y": 165,
            "w": 12,
            "h": 8,
            "confidence": 0.5315096974372864,
            "area": 61
        },
        {
            "x": 732,
            "y": 212,
            "w": 17,
            "h": 12,
            "confidence": 0.6289071440696716,
            "area": 194
        },
        {
            "x": 294,
            "y": 315,
            "w": 29,
            "h": 12,
            "confidence": 0.5218191146850586,
            "area": 264
        }
    ]
}