{
    "id": "kriyam_0148_C4",
    "model": "ADCD",
    "is_authentic": true,
    "is_ai_generated": false,
    "confidence": 0.7102814316749573,
    "regions": [
        {
            "x": 1820,
            "y": 1122,
            "w": 76,
            "h": 16,
            "confidence": 0.6160730123519897,
            "area": 368
        },
        {
            "x": 1680,
            "y": 1552,
            "w": 74,
            "h": 15,
            "confidence": 0.7102814316749573,
            "area": 358
        },
        {
            "x": 1824,
            "y": 1552,
            "w": 72,
            "h": 43,
            "confidence": 0.4725813567638397,
            "area": 875
        },
        {
            "x": 1436,
            "y": 1555,
            "w": 93,
            "h": 51,
            "confidence": 0.5166717171669006,
            "area": 1269
        }
    ]
}