{
    "id": "kriyam_0188_C0",
    "model": "ADCD",
    "is_authentic": true,
    "is_ai_generated": false,
    "confidence": 0.5835887789726257,
    "regions": [
        {
            "x": 927,
            "y": 1067,
            "w": 19,
            "h": 36,
            "confidence": 0.5835887789726257,
            "area": 146
        },
        {
            "x": 827,
            "y": 1694,
            "w": 20,
            "h": 19,
            "confidence": 0.5159738063812256,
            "area": 73
        }
    ]
}