{
    "id": "kriyam_0320_C0",
    "model": "ADCD",
    "is_authentic": true,
    "is_ai_generated": false,
    "confidence": 0.5729513764381409,
    "regions": [
        {
            "x": 75,
            "y": 844,
            "w": 27,
            "h": 23,
            "confidence": 0.5729513764381409,
            "area": 134
        },
        {
            "x": 1045,
            "y": 851,
            "w": 56,
            "h": 23,
            "confidence": 0.5358463525772095,
            "area": 258
        },
        {
            "x": 601,
            "y": 1456,
            "w": 44,
            "h": 16,
            "confidence": 0.5155834555625916,
            "area": 127
        },
        {
            "x": 1517,
            "y": 1535,
            "w": 1,
            "h": 12,
            "confidence": 0.5063598155975342,
            "area": 6
        }
    ]
}