{
    "id": "kriyam_0089_C0",
    "model": "ADCD",
    "is_authentic": true,
    "is_ai_generated": false,
    "confidence": 0.6412445306777954,
    "regions": [
        {
            "x": 274,
            "y": 349,
            "w": 230,
            "h": 27,
            "confidence": 0.6412445306777954,
            "area": 1303
        },
        {
            "x": 328,
            "y": 3022,
            "w": 75,
            "h": 34,
            "confidence": 0.5652889609336853,
            "area": 602
        }
    ]
}