{
    "id": "kriyam_0946_C2",
    "model": "ADCD",
    "is_authentic": true,
    "is_ai_generated": false,
    "confidence": 0.6014258861541748,
    "regions": [
        {
            "x": 304,
            "y": 0,
            "w": 15,
            "h": 10,
            "confidence": 0.4461808502674103,
            "area": 136
        },
        {
            "x": 141,
            "y": 164,
            "w": 54,
            "h": 12,
            "confidence": 0.5440983772277832,
            "area": 559
        },
        {
            "x": 231,
            "y": 456,
            "w": 52,
            "h": 10,
            "confidence": 0.6014258861541748,
            "area": 499
        }
    ]
}