{
    "id": "kriyam_0462_C2",
    "model": "ADCD",
    "is_authentic": true,
    "is_ai_generated": false,
    "confidence": 0.8804702162742615,
    "regions": [
        {
            "x": 149,
            "y": 125,
            "w": 12,
            "h": 1,
            "confidence": 0.5025531649589539,
            "area": 6
        },
        {
            "x": 1837,
            "y": 599,
            "w": 64,
            "h": 90,
            "confidence": 0.8804702162742615,
            "area": 1257
        },
        {
            "x": 1845,
            "y": 2421,
            "w": 58,
            "h": 42,
            "confidence": 0.7504355311393738,
            "area": 493
        }
    ]
}