{
    "id": "kriyam_0341_C4",
    "model": "ADCD",
    "is_authentic": true,
    "is_ai_generated": false,
    "confidence": 0.5063408613204956,
    "regions": [
        {
            "x": 528,
            "y": 561,
            "w": 10,
            "h": 21,
            "confidence": 0.5063408613204956,
            "area": 17
        }
    ]
}