{
    "id": "kriyam_0322_C0",
    "model": "ADCD",
    "is_authentic": true,
    "is_ai_generated": false,
    "confidence": 0.6576010584831238,
    "regions": [
        {
            "x": 1506,
            "y": 822,
            "w": 9,
            "h": 14,
            "confidence": 0.5187978744506836,
            "area": 33
        },
        {
            "x": 1532,
            "y": 910,
            "w": 38,
            "h": 32,
            "confidence": 0.5568992495536804,
            "area": 202
        },
        {
            "x": 1545,
            "y": 1320,
            "w": 84,
            "h": 29,
            "confidence": 0.6576010584831238,
            "area": 478
        },
        {
            "x": 977,
            "y": 1326,
            "w": 32,
            "h": 21,
            "confidence": 0.5231601595878601,
            "area": 141
        }
    ]
}