{
    "id": "kriyam_0768_C0",
    "model": "ADCD",
    "is_authentic": true,
    "is_ai_generated": false,
    "confidence": 0.8736042380332947,
    "regions": [
        {
            "x": 839,
            "y": 101,
            "w": 25,
            "h": 12,
            "confidence": 0.5719945430755615,
            "area": 222
        },
        {
            "x": 545,
            "y": 693,
            "w": 17,
            "h": 25,
            "confidence": 0.8535317778587341,
            "area": 419
        },
        {
            "x": 342,
            "y": 706,
            "w": 14,
            "h": 27,
            "confidence": 0.8140113353729248,
            "area": 374
        },
        {
            "x": 546,
            "y": 891,
            "w": 19,
            "h": 27,
            "confidence": 0.8736042380332947,
            "area": 509
        }
    ]
}