{
    "id": "kriyam_0454_C4",
    "model": "ADCD",
    "is_authentic": true,
    "is_ai_generated": false,
    "confidence": 0.7918583750724792,
    "regions": [
        {
            "x": 125,
            "y": 121,
            "w": 170,
            "h": 40,
            "confidence": 0.7918583750724792,
            "area": 1459
        },
        {
            "x": 763,
            "y": 2482,
            "w": 53,
            "h": 21,
            "confidence": 0.5771529674530029,
            "area": 216
        }
    ]
}