{
    "id": "kriyam_0928_C4",
    "model": "ADCD",
    "is_authentic": true,
    "is_ai_generated": false,
    "confidence": 0.5399797558784485,
    "regions": [
        {
            "x": 584,
            "y": 890,
            "w": 1,
            "h": 2,
            "confidence": 0.5054425001144409,
            "area": 2
        },
        {
            "x": 544,
            "y": 892,
            "w": 5,
            "h": 3,
            "confidence": 0.496594101190567,
            "area": 7
        },
        {
            "x": 710,
            "y": 914,
            "w": 41,
            "h": 15,
            "confidence": 0.521988034248352,
            "area": 403
        },
        {
            "x": 834,
            "y": 1353,
            "w": 23,
            "h": 18,
            "confidence": 0.5399797558784485,
            "area": 289
        }
    ]
}