{
    "id": "kriyam_0375_C0",
    "model": "ADCD",
    "is_authentic": true,
    "is_ai_generated": false,
    "confidence": 0.5093239545822144,
    "regions": [
        {
            "x": 726,
            "y": 1077,
            "w": 49,
            "h": 38,
            "confidence": 0.5093239545822144,
            "area": 309
        }
    ]
}