{
    "id": "kriyam_0409_C4",
    "model": "ADCD",
    "is_authentic": true,
    "is_ai_generated": false,
    "confidence": 0.7123407125473022,
    "regions": [
        {
            "x": 1053,
            "y": 1373,
            "w": 33,
            "h": 60,
            "confidence": 0.5405033826828003,
            "area": 313
        },
        {
            "x": 651,
            "y": 1526,
            "w": 39,
            "h": 37,
            "confidence": 0.7123407125473022,
            "area": 299
        },
        {
            "x": 1982,
            "y": 2454,
            "w": 30,
            "h": 91,
            "confidence": 0.5504553914070129,
            "area": 450
        },
        {
            "x": 998,
            "y": 2516,
            "w": 38,
            "h": 55,
            "confidence": 0.5644434094429016,
            "area": 389
        }
    ]
}