{
    "id": "kriyam_0464_C4",
    "model": "ADCD",
    "is_authentic": true,
    "is_ai_generated": false,
    "confidence": 0.7977839708328247,
    "regions": [
        {
            "x": 121,
            "y": 118,
            "w": 408,
            "h": 45,
            "confidence": 0.7977839708328247,
            "area": 3645
        },
        {
            "x": 901,
            "y": 969,
            "w": 18,
            "h": 30,
            "confidence": 0.568220853805542,
            "area": 116
        }
    ]
}