{
    "id": "kriyam_0302_C0",
    "model": "ADCD",
    "is_authentic": true,
    "is_ai_generated": false,
    "confidence": 0.646248459815979,
    "regions": [
        {
            "x": 1300,
            "y": 1580,
            "w": 14,
            "h": 34,
            "confidence": 0.5073577165603638,
            "area": 79
        },
        {
            "x": 2212,
            "y": 2097,
            "w": 32,
            "h": 28,
            "confidence": 0.646248459815979,
            "area": 174
        }
    ]
}