{
    "id": "kriyam_0853_C4",
    "model": "ADCD",
    "is_authentic": true,
    "is_ai_generated": false,
    "confidence": 0.5491623878479004,
    "regions": [
        {
            "x": 668,
            "y": 644,
            "w": 58,
            "h": 17,
            "confidence": 0.5491623878479004,
            "area": 848
        },
        {
            "x": 884,
            "y": 915,
            "w": 2,
            "h": 3,
            "confidence": 0.5030580759048462,
            "area": 5
        },
        {
            "x": 879,
            "y": 1123,
            "w": 8,
            "h": 8,
            "confidence": 0.5008957982063293,
            "area": 42
        },
        {
            "x": 555,
            "y": 1215,
            "w": 47,
            "h": 14,
            "confidence": 0.5136812925338745,
            "area": 472
        }
    ]
}