{
    "id": "kriyam_0947_C0",
    "model": "ADCD",
    "is_authentic": true,
    "is_ai_generated": false,
    "confidence": 0.5035278797149658,
    "regions": [
        {
            "x": 182,
            "y": 192,
            "w": 1,
            "h": 1,
            "confidence": 0.5035278797149658,
            "area": 1
        },
        {
            "x": 151,
            "y": 517,
            "w": 36,
            "h": 7,
            "confidence": 0.5025173425674438,
            "area": 129
        },
        {
            "x": 144,
            "y": 620,
            "w": 24,
            "h": 8,
            "confidence": 0.4940597712993622,
            "area": 154
        },
        {
            "x": 149,
            "y": 662,
            "w": 42,
            "h": 6,
            "confidence": 0.5030099153518677,
            "area": 191
        }
    ]
}