{
    "id": "kriyam_0930_C0",
    "model": "ADCD",
    "is_authentic": true,
    "is_ai_generated": false,
    "confidence": 0.5131839513778687,
    "regions": [
        {
            "x": 730,
            "y": 366,
            "w": 8,
            "h": 14,
            "confidence": 0.5131839513778687,
            "area": 55
        }
    ]
}