{
    "id": "kriyam_0463_C2",
    "model": "ADCD",
    "is_authentic": true,
    "is_ai_generated": false,
    "confidence": 0.8753747344017029,
    "regions": [
        {
            "x": 123,
            "y": 118,
            "w": 406,
            "h": 43,
            "confidence": 0.6780601739883423,
            "area": 3372
        },
        {
            "x": 1913,
            "y": 513,
            "w": 133,
            "h": 157,
            "confidence": 0.8017409443855286,
            "area": 4224
        },
        {
            "x": 964,
            "y": 1123,
            "w": 190,
            "h": 64,
            "confidence": 0.8753747344017029,
            "area": 2477
        },
        {
            "x": 1074,
            "y": 2245,
            "w": 16,
            "h": 34,
            "confidence": 0.7305831909179688,
            "area": 124
        }
    ]
}