{
    "id": "kriyam_0321_C0",
    "model": "ADCD",
    "is_authentic": true,
    "is_ai_generated": false,
    "confidence": 0.5849000811576843,
    "regions": [
        {
            "x": 103,
            "y": 671,
            "w": 25,
            "h": 32,
            "confidence": 0.5849000811576843,
            "area": 159
        },
        {
            "x": 1703,
            "y": 774,
            "w": 23,
            "h": 27,
            "confidence": 0.5701997876167297,
            "area": 121
        },
        {
            "x": 1534,
            "y": 781,
            "w": 45,
            "h": 27,
            "confidence": 0.4990730881690979,
            "area": 116
        },
        {
            "x": 153,
            "y": 927,
            "w": 19,
            "h": 23,
            "confidence": 0.5026078820228577,
            "area": 69
        }
    ]
}