{
    "id": "kriyam_0298_C4",
    "model": "ADCD",
    "is_authentic": true,
    "is_ai_generated": false,
    "confidence": 0.7072583436965942,
    "regions": [
        {
            "x": 1764,
            "y": 765,
            "w": 4,
            "h": 3,
            "confidence": 0.506214439868927,
            "area": 3
        },
        {
            "x": 324,
            "y": 835,
            "w": 50,
            "h": 41,
            "confidence": 0.7072583436965942,
            "area": 401
        },
        {
            "x": 1729,
            "y": 864,
            "w": 212,
            "h": 38,
            "confidence": 0.596809983253479,
            "area": 1276
        }
    ]
}