{
    "id": "kriyam_0463_C4",
    "model": "ADCD",
    "is_authentic": true,
    "is_ai_generated": false,
    "confidence": 0.8352006077766418,
    "regions": [
        {
            "x": 121,
            "y": 118,
            "w": 410,
            "h": 45,
            "confidence": 0.8352006077766418,
            "area": 3648
        },
        {
            "x": 1786,
            "y": 344,
            "w": 56,
            "h": 58,
            "confidence": 0.5585352182388306,
            "area": 643
        },
        {
            "x": 995,
            "y": 1129,
            "w": 157,
            "h": 54,
            "confidence": 0.5265978574752808,
            "area": 1642
        }
    ]
}