{
    "id": "kriyam_0097_C0",
    "model": "ADCD",
    "is_authentic": true,
    "is_ai_generated": false,
    "confidence": 0.7476649284362793,
    "regions": [
        {
            "x": 693,
            "y": 373,
            "w": 9,
            "h": 11,
            "confidence": 0.5352805852890015,
            "area": 93
        },
        {
            "x": 563,
            "y": 421,
            "w": 49,
            "h": 16,
            "confidence": 0.7405118346214294,
            "area": 780
        },
        {
            "x": 150,
            "y": 522,
            "w": 18,
            "h": 14,
            "confidence": 0.7476649284362793,
            "area": 252
        },
        {
            "x": 184,
            "y": 652,
            "w": 13,
            "h": 12,
            "confidence": 0.5112780332565308,
            "area": 121
        }
    ]
}