{
    "id": "kriyam_0881_C2",
    "model": "ADCD",
    "is_authentic": true,
    "is_ai_generated": false,
    "confidence": 0.5119353532791138,
    "regions": [
        {
            "x": 422,
            "y": 114,
            "w": 39,
            "h": 10,
            "confidence": 0.5039085745811462,
            "area": 208
        },
        {
            "x": 396,
            "y": 227,
            "w": 31,
            "h": 10,
            "confidence": 0.5119353532791138,
            "area": 256
        }
    ]
}