{
    "id": "kriyam_0770_C2",
    "model": "ADCD",
    "is_authentic": true,
    "is_ai_generated": false,
    "confidence": 0.6374200582504272,
    "regions": [
        {
            "x": 969,
            "y": 290,
            "w": 4,
            "h": 1,
            "confidence": 0.5184521079063416,
            "area": 3
        },
        {
            "x": 1340,
            "y": 985,
            "w": 52,
            "h": 23,
            "confidence": 0.6374200582504272,
            "area": 574
        },
        {
            "x": 1360,
            "y": 1099,
            "w": 47,
            "h": 23,
            "confidence": 0.5124329924583435,
            "area": 475
        },
        {
            "x": 663,
            "y": 2055,
            "w": 1,
            "h": 1,
            "confidence": 0.5011957883834839,
            "area": 1
        }
    ]
}