{
    "id": "kriyam_0812_C0",
    "model": "ADCD",
    "is_authentic": true,
    "is_ai_generated": false,
    "confidence": 0.8410401940345764,
    "regions": [
        {
            "x": 283,
            "y": 127,
            "w": 5,
            "h": 15,
            "confidence": 0.4887104034423828,
            "area": 21
        },
        {
            "x": 701,
            "y": 2033,
            "w": 19,
            "h": 19,
            "confidence": 0.5202888250350952,
            "area": 130
        },
        {
            "x": 644,
            "y": 2059,
            "w": 38,
            "h": 29,
            "confidence": 0.8410401940345764,
            "area": 500
        },
        {
            "x": 1176,
            "y": 2120,
            "w": 30,
            "h": 17,
            "confidence": 0.5586356520652771,
            "area": 230
        }
    ]
}