{
    "id": "kriyam_0309_C4",
    "model": "ADCD",
    "is_authentic": true,
    "is_ai_generated": false,
    "confidence": 0.5436664819717407,
    "regions": [
        {
            "x": 1544,
            "y": 2238,
            "w": 49,
            "h": 16,
            "confidence": 0.5436664819717407,
            "area": 178
        }
    ]
}