{
    "id": "kriyam_0364_C0",
    "model": "ADCD",
    "is_authentic": true,
    "is_ai_generated": false,
    "confidence": 0.5432376861572266,
    "regions": [
        {
            "x": 1192,
            "y": 1581,
            "w": 49,
            "h": 25,
            "confidence": 0.5432376861572266,
            "area": 241
        }
    ]
}