{
    "id": "kriyam_0763_C4",
    "model": "ADCD",
    "is_authentic": true,
    "is_ai_generated": false,
    "confidence": 0.4932756721973419,
    "regions": [
        {
            "x": 758,
            "y": 370,
            "w": 51,
            "h": 13,
            "confidence": 0.4932756721973419,
            "area": 154
        }
    ]
}