{
    "id": "kriyam_0940_C0",
    "model": "ADCD",
    "is_authentic": true,
    "is_ai_generated": false,
    "confidence": 0.5185039043426514,
    "regions": [
        {
            "x": 1001,
            "y": 565,
            "w": 74,
            "h": 17,
            "confidence": 0.5185039043426514,
            "area": 929
        },
        {
            "x": 430,
            "y": 818,
            "w": 29,
            "h": 11,
            "confidence": 0.49518883228302,
            "area": 105
        },
        {
            "x": 478,
            "y": 983,
            "w": 25,
            "h": 10,
            "confidence": 0.48251429200172424,
            "area": 165
        },
        {
            "x": 150,
            "y": 1017,
            "w": 1,
            "h": 1,
            "confidence": 0.5009752511978149,
            "area": 1
        }
    ]
}