{
    "id": "kriyam_0156_C4",
    "model": "ADCD",
    "is_authentic": true,
    "is_ai_generated": false,
    "confidence": 0.8323784470558167,
    "regions": [
        {
            "x": 1286,
            "y": 510,
            "w": 78,
            "h": 30,
            "confidence": 0.45963168144226074,
            "area": 446
        },
        {
            "x": 1535,
            "y": 510,
            "w": 176,
            "h": 65,
            "confidence": 0.8323784470558167,
            "area": 1677
        },
        {
            "x": 1352,
            "y": 592,
            "w": 74,
            "h": 27,
            "confidence": 0.5800924301147461,
            "area": 492
        },
        {
            "x": 205,
            "y": 641,
            "w": 101,
            "h": 20,
            "confidence": 0.6793693900108337,
            "area": 581
        }
    ]
}