{
    "id": "kriyam_0423_C0",
    "model": "ADCD",
    "is_authentic": true,
    "is_ai_generated": false,
    "confidence": 0.7196400165557861,
    "regions": [
        {
            "x": 1048,
            "y": 1706,
            "w": 43,
            "h": 25,
            "confidence": 0.7196400165557861,
            "area": 239
        }
    ]
}