{
    "id": "kriyam_0911_C4",
    "model": "ADCD",
    "is_authentic": true,
    "is_ai_generated": false,
    "confidence": 0.6795410513877869,
    "regions": [
        {
            "x": 248,
            "y": 154,
            "w": 48,
            "h": 16,
            "confidence": 0.5023588538169861,
            "area": 323
        },
        {
            "x": 144,
            "y": 183,
            "w": 14,
            "h": 17,
            "confidence": 0.6795410513877869,
            "area": 233
        },
        {
            "x": 672,
            "y": 186,
            "w": 13,
            "h": 10,
            "confidence": 0.5086933970451355,
            "area": 83
        },
        {
            "x": 740,
            "y": 238,
            "w": 19,
            "h": 18,
            "confidence": 0.5486648082733154,
            "area": 253
        }
    ]
}