{
    "id": "kriyam_0599_C0",
    "model": "ADCD",
    "is_authentic": true,
    "is_ai_generated": false,
    "confidence": 0.8798689246177673,
    "regions": [
        {
            "x": 1771,
            "y": 1602,
            "w": 182,
            "h": 101,
            "confidence": 0.8798689246177673,
            "area": 5476
        },
        {
            "x": 1872,
            "y": 1763,
            "w": 90,
            "h": 96,
            "confidence": 0.7092388868331909,
            "area": 2241
        },
        {
            "x": 501,
            "y": 1954,
            "w": 199,
            "h": 37,
            "confidence": 0.8676077723503113,
            "area": 2014
        }
    ]
}