{
    "id": "kriyam_0883_C4",
    "model": "ADCD",
    "is_authentic": true,
    "is_ai_generated": false,
    "confidence": 0.7040491104125977,
    "regions": [
        {
            "x": 210,
            "y": 617,
            "w": 22,
            "h": 10,
            "confidence": 0.6016672253608704,
            "area": 176
        },
        {
            "x": 311,
            "y": 617,
            "w": 66,
            "h": 11,
            "confidence": 0.7040491104125977,
            "area": 660
        }
    ]
}