{
    "id": "kriyam_0826_C4",
    "model": "ADCD",
    "is_authentic": true,
    "is_ai_generated": false,
    "confidence": 0.7264742255210876,
    "regions": [
        {
            "x": 391,
            "y": 478,
            "w": 15,
            "h": 18,
            "confidence": 0.7264742255210876,
            "area": 253
        },
        {
            "x": 37,
            "y": 944,
            "w": 25,
            "h": 18,
            "confidence": 0.668743908405304,
            "area": 435
        }
    ]
}