{
    "id": "kriyam_0307_C4",
    "model": "ADCD",
    "is_authentic": true,
    "is_ai_generated": false,
    "confidence": 0.5012843012809753,
    "regions": [
        {
            "x": 1616,
            "y": 2264,
            "w": 5,
            "h": 3,
            "confidence": 0.5012843012809753,
            "area": 5
        }
    ]
}