{
    "id": "kriyam_0305_C2",
    "model": "ADCD",
    "is_authentic": true,
    "is_ai_generated": false,
    "confidence": 0.5109630823135376,
    "regions": [
        {
            "x": 2050,
            "y": 620,
            "w": 14,
            "h": 36,
            "confidence": 0.5109630823135376,
            "area": 96
        },
        {
            "x": 498,
            "y": 752,
            "w": 58,
            "h": 20,
            "confidence": 0.49549123644828796,
            "area": 183
        }
    ]
}