{
    "id": "kriyam_0369_C4",
    "model": "ADCD",
    "is_authentic": true,
    "is_ai_generated": false,
    "confidence": 0.5524762868881226,
    "regions": [
        {
            "x": 1861,
            "y": 668,
            "w": 75,
            "h": 34,
            "confidence": 0.5524762868881226,
            "area": 530
        }
    ]
}