{
    "id": "kriyam_0167_C0",
    "model": "ADCD",
    "is_authentic": true,
    "is_ai_generated": false,
    "confidence": 0.7862377762794495,
    "regions": [
        {
            "x": 1590,
            "y": 503,
            "w": 148,
            "h": 69,
            "confidence": 0.7862377762794495,
            "area": 1356
        },
        {
            "x": 600,
            "y": 2498,
            "w": 71,
            "h": 10,
            "confidence": 0.5349498391151428,
            "area": 192
        }
    ]
}