{
    "id": "kriyam_0465_C2",
    "model": "ADCD",
    "is_authentic": true,
    "is_ai_generated": false,
    "confidence": 0.6933266520500183,
    "regions": [
        {
            "x": 125,
            "y": 121,
            "w": 167,
            "h": 40,
            "confidence": 0.6933266520500183,
            "area": 1443
        }
    ]
}