{
    "id": "kriyam_0353_C2",
    "model": "ADCD",
    "is_authentic": true,
    "is_ai_generated": false,
    "confidence": 0.5982357859611511,
    "regions": [
        {
            "x": 2194,
            "y": 2125,
            "w": 29,
            "h": 49,
            "confidence": 0.5982357859611511,
            "area": 297
        }
    ]
}