{
    "id": "kriyam_0827_C0",
    "model": "ADCD",
    "is_authentic": true,
    "is_ai_generated": false,
    "confidence": 0.5595779418945312,
    "regions": [
        {
            "x": 290,
            "y": 62,
            "w": 1,
            "h": 1,
            "confidence": 0.5013290047645569,
            "area": 1
        },
        {
            "x": 64,
            "y": 614,
            "w": 16,
            "h": 24,
            "confidence": 0.5595779418945312,
            "area": 368
        }
    ]
}