{
    "id": "kriyam_0088_C2",
    "model": "ADCD",
    "is_authentic": true,
    "is_ai_generated": false,
    "confidence": 0.5352590680122375,
    "regions": [
        {
            "x": 252,
            "y": 1553,
            "w": 50,
            "h": 32,
            "confidence": 0.5352590680122375,
            "area": 382
        }
    ]
}