{
    "id": "kriyam_0763_C2",
    "model": "ADCD",
    "is_authentic": true,
    "is_ai_generated": false,
    "confidence": 0.6034709811210632,
    "regions": [
        {
            "x": 320,
            "y": 267,
            "w": 36,
            "h": 14,
            "confidence": 0.6034709811210632,
            "area": 495
        },
        {
            "x": 66,
            "y": 271,
            "w": 13,
            "h": 12,
            "confidence": 0.492318332195282,
            "area": 28
        },
        {
            "x": 383,
            "y": 697,
            "w": 51,
            "h": 13,
            "confidence": 0.5125008225440979,
            "area": 459
        },
        {
            "x": 349,
            "y": 796,
            "w": 33,
            "h": 14,
            "confidence": 0.5696905851364136,
            "area": 407
        }
    ]
}