{
    "id": "kriyam_0882_C0",
    "model": "ADCD",
    "is_authentic": true,
    "is_ai_generated": false,
    "confidence": 0.5144466161727905,
    "regions": [
        {
            "x": 152,
            "y": 436,
            "w": 5,
            "h": 3,
            "confidence": 0.5144466161727905,
            "area": 13
        },
        {
            "x": 114,
            "y": 510,
            "w": 5,
            "h": 2,
            "confidence": 0.5088213086128235,
            "area": 8
        }
    ]
}