{
    "id": "kriyam_0440_C2",
    "model": "ADCD",
    "is_authentic": true,
    "is_ai_generated": false,
    "confidence": 0.7043154239654541,
    "regions": [
        {
            "x": 381,
            "y": 118,
            "w": 148,
            "h": 43,
            "confidence": 0.7043154239654541,
            "area": 1259
        },
        {
            "x": 123,
            "y": 123,
            "w": 49,
            "h": 36,
            "confidence": 0.6003479957580566,
            "area": 337
        },
        {
            "x": 2238,
            "y": 1331,
            "w": 75,
            "h": 23,
            "confidence": 0.6997825503349304,
            "area": 358
        },
        {
            "x": 1473,
            "y": 1859,
            "w": 42,
            "h": 34,
            "confidence": 0.6434284448623657,
            "area": 299
        }
    ]
}