{
    "id": "kriyam_1044_C4",
    "model": "ADCD",
    "is_authentic": true,
    "is_ai_generated": false,
    "confidence": 0.7464728355407715,
    "regions": [
        {
            "x": 475,
            "y": 488,
            "w": 28,
            "h": 11,
            "confidence": 0.7464728355407715,
            "area": 296
        }
    ]
}