{
    "id": "kriyam_1038_C2",
    "model": "ADCD",
    "is_authentic": true,
    "is_ai_generated": false,
    "confidence": 0.5333724617958069,
    "regions": [
        {
            "x": 83,
            "y": 385,
            "w": 49,
            "h": 14,
            "confidence": 0.5333724617958069,
            "area": 497
        }
    ]
}