{
    "id": "kriyam_0154_C4",
    "model": "ADCD",
    "is_authentic": true,
    "is_ai_generated": false,
    "confidence": 0.5359095335006714,
    "regions": [
        {
            "x": 813,
            "y": 502,
            "w": 15,
            "h": 18,
            "confidence": 0.5359095335006714,
            "area": 49
        },
        {
            "x": 456,
            "y": 1234,
            "w": 3,
            "h": 14,
            "confidence": 0.5065056681632996,
            "area": 12
        },
        {
            "x": 191,
            "y": 1749,
            "w": 14,
            "h": 8,
            "confidence": 0.5181683897972107,
            "area": 18
        },
        {
            "x": 123,
            "y": 1999,
            "w": 36,
            "h": 25,
            "confidence": 0.523800790309906,
            "area": 176
        }
    ]
}