{
    "id": "kriyam_0806_C2",
    "model": "ADCD",
    "is_authentic": true,
    "is_ai_generated": false,
    "confidence": 0.6871601939201355,
    "regions": [
        {
            "x": 1180,
            "y": 392,
            "w": 28,
            "h": 21,
            "confidence": 0.5973202586174011,
            "area": 446
        },
        {
            "x": 311,
            "y": 532,
            "w": 22,
            "h": 19,
            "confidence": 0.6871601939201355,
            "area": 330
        },
        {
            "x": 209,
            "y": 819,
            "w": 9,
            "h": 2,
            "confidence": 0.5153811573982239,
            "area": 16
        },
        {
            "x": 193,
            "y": 904,
            "w": 26,
            "h": 20,
            "confidence": 0.6824880838394165,
            "area": 452
        }
    ]
}