{
    "id": "kriyam_0310_C2",
    "model": "ADCD",
    "is_authentic": true,
    "is_ai_generated": false,
    "confidence": 0.49239495396614075,
    "regions": [
        {
            "x": 2392,
            "y": 2168,
            "w": 30,
            "h": 23,
            "confidence": 0.49239495396614075,
            "area": 109
        }
    ]
}