{
    "id": "kriyam_0558_C0",
    "model": "ADCD",
    "is_authentic": true,
    "is_ai_generated": false,
    "confidence": 0.7119564414024353,
    "regions": [
        {
            "x": 73,
            "y": 34,
            "w": 25,
            "h": 26,
            "confidence": 0.7119564414024353,
            "area": 472
        },
        {
            "x": 474,
            "y": 56,
            "w": 42,
            "h": 12,
            "confidence": 0.598455011844635,
            "area": 491
        },
        {
            "x": 371,
            "y": 72,
            "w": 50,
            "h": 18,
            "confidence": 0.6934179663658142,
            "area": 817
        },
        {
            "x": 388,
            "y": 426,
            "w": 10,
            "h": 6,
            "confidence": 0.4954201877117157,
            "area": 34
        }
    ]
}