{
    "id": "kriyam_0025_C4",
    "model": "ADCD",
    "is_authentic": true,
    "is_ai_generated": false,
    "confidence": 0.5612404942512512,
    "regions": [
        {
            "x": 1104,
            "y": 555,
            "w": 154,
            "h": 18,
            "confidence": 0.5261884927749634,
            "area": 706
        },
        {
            "x": 1540,
            "y": 1140,
            "w": 70,
            "h": 25,
            "confidence": 0.5263067483901978,
            "area": 565
        },
        {
            "x": 1750,
            "y": 1141,
            "w": 77,
            "h": 27,
            "confidence": 0.5612404942512512,
            "area": 662
        },
        {
            "x": 1561,
            "y": 1220,
            "w": 11,
            "h": 8,
            "confidence": 0.49888747930526733,
            "area": 23
        }
    ]
}