{
    "id": "kriyam_0802_C2",
    "model": "MVSSNet",
    "is_authentic": true,
    "is_ai_generated": false,
    "confidence": 0.9180145263671875,
    "regions": [
        {
            "x": 789,
            "y": 447,
            "w": 2,
            "h": 3,
            "confidence": 0.7650214438326657
        },
        {
            "x": 863,
            "y": 447,
            "w": 7,
            "h": 3,
            "confidence": 0.9180145263671875
        }
    ]
}