{
    "id": "kriyam_0785_C2",
    "model": "MVSSNet",
    "is_authentic": false,
    "is_ai_generated": false,
    "confidence": 1.0000000223517418,
    "regions": [
        {
            "x": 0,
            "y": 776,
            "w": 266,
            "h": 978,
            "confidence": 1.0000000223517418
        }
    ]
}