{
    "id": "kriyam_0515_C2",
    "model": "MVSSNet",
    "is_authentic": true,
    "is_ai_generated": false,
    "confidence": 1.0000000298023224,
    "regions": [
        {
            "x": 1278,
            "y": 0,
            "w": 287,
            "h": 124,
            "confidence": 1.0000000298023224
        }
    ]
}