{
    "id": "kriyam_0255_C2",
    "model": "MVSSNet",
    "is_authentic": true,
    "is_ai_generated": false,
    "confidence": 1.0000000223517418,
    "regions": [
        {
            "x": 0,
            "y": 2054,
            "w": 682,
            "h": 850,
            "confidence": 1.0000000223517418
        },
        {
            "x": 16,
            "y": 2812,
            "w": 84,
            "h": 46,
            "confidence": 1.0
        }
    ]
}