{
    "id": "kriyam_0205_C2",
    "model": "MVSSNet",
    "is_authentic": true,
    "is_ai_generated": false,
    "confidence": 1.0000000298023224,
    "regions": [
        {
            "x": 1448,
            "y": 0,
            "w": 516,
            "h": 291,
            "confidence": 1.0000000298023224
        },
        {
            "x": 44,
            "y": 337,
            "w": 41,
            "h": 63,
            "confidence": 1.0
        }
    ]
}