{
    "id": "kriyam_0328_C0",
    "model": "MVSSNet",
    "is_authentic": true,
    "is_ai_generated": false,
    "confidence": 0.9571315981447697,
    "regions": [
        {
            "x": 1466,
            "y": 1037,
            "w": 7,
            "h": 5,
            "confidence": 0.9571315981447697
        }
    ]
}