{
    "id": "kriyam_0663_C2",
    "model": "MVSSNet",
    "is_authentic": true,
    "is_ai_generated": false,
    "confidence": 0.9204879668541253,
    "regions": [
        {
            "x": 1126,
            "y": 750,
            "w": 3,
            "h": 6,
            "confidence": 0.9204879668541253
        }
    ]
}