{
    "id": "kriyam_0729_C2",
    "model": "MVSSNet",
    "is_authentic": true,
    "is_ai_generated": false,
    "confidence": 0.938140869140625,
    "regions": [
        {
            "x": 2394,
            "y": 1240,
            "w": 5,
            "h": 27,
            "confidence": 0.938140869140625
        }
    ]
}