{
    "id": "kriyam_0734_C4",
    "model": "MVSSNet",
    "is_authentic": false,
    "is_ai_generated": false,
    "confidence": 1.0000000298023224,
    "regions": [
        {
            "x": 315,
            "y": 2028,
            "w": 14,
            "h": 20,
            "confidence": 0.9987421096302569
        },
        {
            "x": 0,
            "y": 2967,
            "w": 1497,
            "h": 541,
            "confidence": 1.0000000298023224
        }
    ]
}