{
    "id": "kriyam_0553_C4",
    "model": "MVSSNet",
    "is_authentic": true,
    "is_ai_generated": false,
    "confidence": 1.0000000149011612,
    "regions": [
        {
            "x": 1688,
            "y": 0,
            "w": 802,
            "h": 155,
            "confidence": 1.0000000149011612
        }
    ]
}