{
    "id": "kriyam_0710_C4",
    "model": "MVSSNet",
    "is_authentic": true,
    "is_ai_generated": false,
    "confidence": 0.9469757080078125,
    "regions": [
        {
            "x": 1735,
            "y": 1583,
            "w": 34,
            "h": 7,
            "confidence": 0.9469757080078125
        }
    ]
}