{
    "id": "kriyam_0511_C0",
    "model": "MVSSNet",
    "is_authentic": true,
    "is_ai_generated": false,
    "confidence": 1.0,
    "regions": [
        {
            "x": 1630,
            "y": 628,
            "w": 303,
            "h": 1114,
            "confidence": 1.0
        },
        {
            "x": 1929,
            "y": 754,
            "w": 4,
            "h": 5,
            "confidence": 0.8880397072061896
        },
        {
            "x": 1796,
            "y": 1879,
            "w": 4,
            "h": 11,
            "confidence": 0.9598388671875
        },
        {
            "x": 399,
            "y": 1885,
            "w": 5,
            "h": 5,
            "confidence": 0.9933577603660524
        }
    ]
}